device,condition,frame,quality_template_corr,quality_gate_passed,orientation_margin,orientation_gate_passed,pose_initial_corr,pose_final_corr,pose_refined,pose_attempted,pose_gate_passed,pose_angle_deg,pose_scale,pose_tx32,pose_ty32,raw_mismatch_bits,raw_hd,observed_ones,observed_uniformity_percent,decoder_attempted,decoder_converged,decoder_iterations,unsatisfied_checks,estimated_error_bits,exact_reference_recovered,accepted,outcome_stage
M1,M1_10mA_20C_0,frame_0022.png,0.8220058083534241,True,,True,0.8220058083534241,0.8220058083534241,False,False,True,0.0,1.0,0.0,0.0,0,0.0,1022,49.90234375,True,True,0,0,0,True,True,accepted
M1,M1_10mA_20C_0,frame_0030.png,0.7825692296028137,True,,True,0.7825692296028137,0.7825692296028137,False,False,True,0.0,1.0,0.0,0.0,4,0.001953125,1026,50.09765625,True,True,1,0,4,True,True,accepted
M1,M1_10mA_20C_0,frame_0032.png,0.8159523010253906,True,,True,0.8159523010253906,0.8159523010253906,False,False,True,0.0,1.0,0.0,0.0,0,0.0,1022,49.90234375,True,True,0,0,0,True,True,accepted
M1,M1_10mA_20C_0,frame_0038.png,0.823370099067688,True,,True,0.823370099067688,0.823370099067688,False,False,True,0.0,1.0,0.0,0.0,6,0.0029296875,1026,50.09765625,True,True,1,0,6,True,True,accepted
M1,M1_10mA_20C_0,frame_0039.png,0.8083746433258057,True,,True,0.8083746433258057,0.8083746433258057,False,False,True,0.0,1.0,0.0,0.0,3,0.00146484375,1021,49.853515625,True,True,1,0,3,True,True,accepted
M1,M1_10mA_20C_0,frame_0042.png,0.7998789548873901,True,,True,0.7998789548873901,0.7998789548873901,False,False,True,0.0,1.0,0.0,0.0,0,0.0,1022,49.90234375,True,True,0,0,0,True,True,accepted
M1,M1_10mA_20C_0,frame_0043.png,0.8211208581924438,True,,True,0.8211208581924438,0.8211208581924438,False,False,True,0.0,1.0,0.0,0.0,0,0.0,1022,49.90234375,True,True,0,0,0,True,True,accepted
M1,M1_10mA_20C_0,frame_0045.png,0.7974501252174377,True,,True,0.7974501252174377,0.7974501252174377,False,False,True,0.0,1.0,0.0,0.0,2,0.0009765625,1022,49.90234375,True,True,1,0,2,True,True,accepted
M1,M1_10mA_20C_0,frame_0046.png,0.8173540830612183,True,,True,0.8173540830612183,0.8173540830612183,False,False,True,0.0,1.0,0.0,0.0,0,0.0,1022,49.90234375,True,True,0,0,0,True,True,accepted
M1,M1_10mA_20C_0,frame_0052.png,0.8149324059486389,True,,True,0.8149324059486389,0.8149324059486389,False,False,True,0.0,1.0,0.0,0.0,0,0.0,1022,49.90234375,True,True,0,0,0,True,True,accepted
M1,M1_10mA_20C_0,frame_0059.png,0.8220305442810059,True,,True,0.8220305442810059,0.8220305442810059,False,False,True,0.0,1.0,0.0,0.0,0,0.0,1022,49.90234375,True,True,0,0,0,True,True,accepted
M1,M1_10mA_20C_0,frame_0061.png,0.8127747178077698,True,,True,0.8127747178077698,0.8127747178077698,False,False,True,0.0,1.0,0.0,0.0,1,0.00048828125,1021,49.853515625,True,True,1,0,1,True,True,accepted
M1,M1_10mA_20C_0,frame_0072.png,0.8122138977050781,True,,True,0.8122138977050781,0.8122138977050781,False,False,True,0.0,1.0,0.0,0.0,1,0.00048828125,1023,49.951171875,True,True,1,0,1,True,True,accepted
M1,M1_10mA_20C_0,frame_0074.png,0.80101478099823,True,,True,0.80101478099823,0.80101478099823,False,False,True,0.0,1.0,0.0,0.0,0,0.0,1022,49.90234375,True,True,0,0,0,True,True,accepted
M1,M1_10mA_20C_0,frame_0078.png,0.8126696944236755,True,,True,0.8126696944236755,0.8126696944236755,False,False,True,0.0,1.0,0.0,0.0,0,0.0,1022,49.90234375,True,True,0,0,0,True,True,accepted
M1,M1_10mA_20C_0,frame_0086.png,0.7995839715003967,True,,True,0.7995839715003967,0.7995839715003967,False,False,True,0.0,1.0,0.0,0.0,5,0.00244140625,1021,49.853515625,True,True,1,0,5,True,True,accepted
M1,M1_10mA_20C_0,frame_0090.png,0.7553809285163879,True,,True,0.7553809285163879,0.7553809285163879,False,False,True,0.0,1.0,0.0,0.0,2,0.0009765625,1022,49.90234375,True,True,1,0,2,True,True,accepted
M1,M1_10mA_20C_0,frame_0092.png,0.8072853684425354,True,,True,0.8072853684425354,0.8072853684425354,False,False,True,0.0,1.0,0.0,0.0,3,0.00146484375,1023,49.951171875,True,True,1,0,3,True,True,accepted
M1,M1_10mA_20C_0,frame_0096.png,0.8185460567474365,True,,True,0.8185460567474365,0.8185460567474365,False,False,True,0.0,1.0,0.0,0.0,0,0.0,1022,49.90234375,True,True,0,0,0,True,True,accepted
M1,M1_10mA_20C_0,frame_0107.png,0.7879199385643005,True,,True,0.7879199385643005,0.7879199385643005,False,False,True,0.0,1.0,0.0,0.0,0,0.0,1022,49.90234375,True,True,0,0,0,True,True,accepted
M1,M1_10mA_20C_0,frame_0111.png,0.8069312572479248,True,,True,0.8069312572479248,0.8069312572479248,False,False,True,0.0,1.0,0.0,0.0,0,0.0,1022,49.90234375,True,True,0,0,0,True,True,accepted
M1,M1_10mA_20C_0,frame_0112.png,0.7869516015052795,True,,True,0.7869516015052795,0.7869516015052795,False,False,True,0.0,1.0,0.0,0.0,5,0.00244140625,1023,49.951171875,True,True,1,0,5,True,True,accepted
M1,M1_10mA_20C_0,frame_0113.png,0.8261417746543884,True,,True,0.8261417746543884,0.8261417746543884,False,False,True,0.0,1.0,0.0,0.0,4,0.001953125,1022,49.90234375,True,True,1,0,4,True,True,accepted
M1,M1_10mA_20C_0,frame_0118.png,0.8202812075614929,True,,True,0.8202812075614929,0.8202812075614929,False,False,True,0.0,1.0,0.0,0.0,0,0.0,1022,49.90234375,True,True,0,0,0,True,True,accepted
M1,M1_10mA_20C_0,frame_0121.png,0.8187793493270874,True,,True,0.8187793493270874,0.8187793493270874,False,False,True,0.0,1.0,0.0,0.0,2,0.0009765625,1022,49.90234375,True,True,1,0,2,True,True,accepted
M1,M1_10mA_20C_0,frame_0127.png,0.8190692663192749,True,,True,0.8190692663192749,0.8190692663192749,False,False,True,0.0,1.0,0.0,0.0,0,0.0,1022,49.90234375,True,True,0,0,0,True,True,accepted
M1,M1_10mA_20C_0,frame_0129.png,0.7799917459487915,True,,True,0.7799917459487915,0.7799917459487915,False,False,True,0.0,1.0,0.0,0.0,0,0.0,1022,49.90234375,True,True,0,0,0,True,True,accepted
M1,M1_10mA_20C_0,frame_0131.png,0.8260026574134827,True,,True,0.8260026574134827,0.8260026574134827,False,False,True,0.0,1.0,0.0,0.0,5,0.00244140625,1023,49.951171875,True,True,1,0,5,True,True,accepted
M1,M1_10mA_20C_0,frame_0134.png,0.8066531419754028,True,,True,0.8066531419754028,0.8066531419754028,False,False,True,0.0,1.0,0.0,0.0,0,0.0,1022,49.90234375,True,True,0,0,0,True,True,accepted
M1,M1_10mA_20C_0,frame_0137.png,0.8111519813537598,True,,True,0.8111519813537598,0.8111519813537598,False,False,True,0.0,1.0,0.0,0.0,0,0.0,1022,49.90234375,True,True,0,0,0,True,True,accepted
M1,M1_10mA_20C_0,frame_0143.png,0.8282347917556763,True,,True,0.8282347917556763,0.8282347917556763,False,False,True,0.0,1.0,0.0,0.0,0,0.0,1022,49.90234375,True,True,0,0,0,True,True,accepted
M1,M1_10mA_20C_0,frame_0152.png,0.7747951149940491,True,,True,0.7747951149940491,0.7747951149940491,False,False,True,0.0,1.0,0.0,0.0,1,0.00048828125,1023,49.951171875,True,True,1,0,1,True,True,accepted
M1,M1_10mA_20C_0,frame_0153.png,0.8179640173912048,True,,True,0.8179640173912048,0.8179640173912048,False,False,True,0.0,1.0,0.0,0.0,0,0.0,1022,49.90234375,True,True,0,0,0,True,True,accepted
M1,M1_10mA_20C_0,frame_0156.png,0.7723506093025208,True,,True,0.7723506093025208,0.7723506093025208,False,False,True,0.0,1.0,0.0,0.0,0,0.0,1022,49.90234375,True,True,0,0,0,True,True,accepted
M1,M1_10mA_20C_0,frame_0157.png,0.8209177851676941,True,,True,0.8209177851676941,0.8209177851676941,False,False,True,0.0,1.0,0.0,0.0,0,0.0,1022,49.90234375,True,True,0,0,0,True,True,accepted
M1,M1_10mA_20C_0,frame_0160.png,0.8233715295791626,True,,True,0.8233715295791626,0.8233715295791626,False,False,True,0.0,1.0,0.0,0.0,3,0.00146484375,1021,49.853515625,True,True,1,0,3,True,True,accepted
M1,M1_10mA_20C_0,frame_0161.png,0.7954046130180359,True,,True,0.7954046130180359,0.7954046130180359,False,False,True,0.0,1.0,0.0,0.0,5,0.00244140625,1021,49.853515625,True,True,1,0,5,True,True,accepted
M1,M1_10mA_20C_0,frame_0168.png,0.817992091178894,True,,True,0.817992091178894,0.817992091178894,False,False,True,0.0,1.0,0.0,0.0,7,0.00341796875,1023,49.951171875,True,True,1,0,7,True,True,accepted
M1,M1_10mA_20C_0,frame_0175.png,0.8221412301063538,True,,True,0.8221412301063538,0.8221412301063538,False,False,True,0.0,1.0,0.0,0.0,3,0.00146484375,1021,49.853515625,True,True,1,0,3,True,True,accepted
M1,M1_10mA_20C_0,frame_0178.png,0.8167432546615601,True,,True,0.8167432546615601,0.8167432546615601,False,False,True,0.0,1.0,0.0,0.0,0,0.0,1022,49.90234375,True,True,0,0,0,True,True,accepted
M1,M1_10mA_20C_0,frame_0180.png,0.8007215261459351,True,,True,0.8007215261459351,0.8007215261459351,False,False,True,0.0,1.0,0.0,0.0,0,0.0,1022,49.90234375,True,True,0,0,0,True,True,accepted
M1,M1_10mA_20C_0,frame_0182.png,0.8110436797142029,True,,True,0.8110436797142029,0.8110436797142029,False,False,True,0.0,1.0,0.0,0.0,0,0.0,1022,49.90234375,True,True,0,0,0,True,True,accepted
M1,M1_10mA_20C_0,frame_0186.png,0.7958580255508423,True,,True,0.7958580255508423,0.7958580255508423,False,False,True,0.0,1.0,0.0,0.0,23,0.01123046875,1021,49.853515625,True,True,1,0,23,True,True,accepted
M1,M1_10mA_20C_0,frame_0188.png,0.827629804611206,True,,True,0.827629804611206,0.827629804611206,False,False,True,0.0,1.0,0.0,0.0,0,0.0,1022,49.90234375,True,True,0,0,0,True,True,accepted
M1,M1_10mA_20C_0,frame_0195.png,0.8132603168487549,True,,True,0.8132603168487549,0.8132603168487549,False,False,True,0.0,1.0,0.0,0.0,0,0.0,1022,49.90234375,True,True,0,0,0,True,True,accepted
M1,M1_10mA_30C_0,frame_0028.png,0.7880640625953674,True,,True,0.7880640625953674,0.7880640625953674,False,False,True,0.0,1.0,0.0,0.0,12,0.005859375,1022,49.90234375,True,True,1,0,12,True,True,accepted
M1,M1_10mA_30C_0,frame_0031.png,0.8242915868759155,True,,True,0.8242915868759155,0.8242915868759155,False,False,True,0.0,1.0,0.0,0.0,0,0.0,1022,49.90234375,True,True,0,0,0,True,True,accepted
M1,M1_10mA_30C_0,frame_0033.png,0.8008690476417542,True,,True,0.8008690476417542,0.8008690476417542,False,False,True,0.0,1.0,0.0,0.0,0,0.0,1022,49.90234375,True,True,0,0,0,True,True,accepted
M1,M1_10mA_30C_0,frame_0034.png,0.7970355749130249,True,,True,0.7970355749130249,0.7970355749130249,False,False,True,0.0,1.0,0.0,0.0,10,0.0048828125,1022,49.90234375,True,True,1,0,10,True,True,accepted
M1,M1_10mA_30C_0,frame_0040.png,0.8003756999969482,True,,True,0.8003756999969482,0.8003756999969482,False,False,True,0.0,1.0,0.0,0.0,0,0.0,1022,49.90234375,True,True,0,0,0,True,True,accepted
M1,M1_10mA_30C_0,frame_0044.png,0.8226993083953857,True,,True,0.8226993083953857,0.8226993083953857,False,False,True,0.0,1.0,0.0,0.0,2,0.0009765625,1022,49.90234375,True,True,1,0,2,True,True,accepted
M1,M1_10mA_30C_0,frame_0045.png,0.7732044458389282,True,,True,0.7732044458389282,0.7732044458389282,False,False,True,0.0,1.0,0.0,0.0,8,0.00390625,1024,50.0,True,True,1,0,8,True,True,accepted
M1,M1_10mA_30C_0,frame_0058.png,0.8158235549926758,True,,True,0.8158235549926758,0.8158235549926758,False,False,True,0.0,1.0,0.0,0.0,0,0.0,1022,49.90234375,True,True,0,0,0,True,True,accepted
M1,M1_10mA_30C_0,frame_0064.png,0.8259514570236206,True,,True,0.8259514570236206,0.8259514570236206,False,False,True,0.0,1.0,0.0,0.0,0,0.0,1022,49.90234375,True,True,0,0,0,True,True,accepted
M1,M1_10mA_30C_0,frame_0070.png,0.8249815106391907,True,,True,0.8249815106391907,0.8249815106391907,False,False,True,0.0,1.0,0.0,0.0,0,0.0,1022,49.90234375,True,True,0,0,0,True,True,accepted
M1,M1_10mA_30C_0,frame_0073.png,0.8195511102676392,True,,True,0.8195511102676392,0.8195511102676392,False,False,True,0.0,1.0,0.0,0.0,0,0.0,1022,49.90234375,True,True,0,0,0,True,True,accepted
M1,M1_10mA_30C_0,frame_0075.png,0.8120721578598022,True,,True,0.8120721578598022,0.8120721578598022,False,False,True,0.0,1.0,0.0,0.0,0,0.0,1022,49.90234375,True,True,0,0,0,True,True,accepted
M1,M1_10mA_30C_0,frame_0080.png,0.8310409784317017,True,,True,0.8310409784317017,0.8310409784317017,False,False,True,0.0,1.0,0.0,0.0,0,0.0,1022,49.90234375,True,True,0,0,0,True,True,accepted
M1,M1_10mA_30C_0,frame_0084.png,0.8311181664466858,True,,True,0.8311181664466858,0.8311181664466858,False,False,True,0.0,1.0,0.0,0.0,1,0.00048828125,1021,49.853515625,True,True,1,0,1,True,True,accepted
M1,M1_10mA_30C_0,frame_0085.png,0.7852272987365723,True,,True,0.7852272987365723,0.7852272987365723,False,False,True,0.0,1.0,0.0,0.0,0,0.0,1022,49.90234375,True,True,0,0,0,True,True,accepted
M1,M1_10mA_30C_0,frame_0086.png,0.8255375027656555,True,,True,0.8255375027656555,0.8255375027656555,False,False,True,0.0,1.0,0.0,0.0,2,0.0009765625,1024,50.0,True,True,1,0,2,True,True,accepted
M1,M1_10mA_30C_0,frame_0089.png,0.8250205516815186,True,,True,0.8250205516815186,0.8250205516815186,False,False,True,0.0,1.0,0.0,0.0,0,0.0,1022,49.90234375,True,True,0,0,0,True,True,accepted
M1,M1_10mA_30C_0,frame_0092.png,0.8293808698654175,True,,True,0.8293808698654175,0.8293808698654175,False,False,True,0.0,1.0,0.0,0.0,0,0.0,1022,49.90234375,True,True,0,0,0,True,True,accepted
M1,M1_10mA_30C_0,frame_0093.png,0.8021900057792664,True,,True,0.8021900057792664,0.8021900057792664,False,False,True,0.0,1.0,0.0,0.0,0,0.0,1022,49.90234375,True,True,0,0,0,True,True,accepted
M1,M1_10mA_30C_0,frame_0114.png,0.795174241065979,True,,True,0.795174241065979,0.795174241065979,False,False,True,0.0,1.0,0.0,0.0,0,0.0,1022,49.90234375,True,True,0,0,0,True,True,accepted
M1,M1_10mA_30C_0,frame_0118.png,0.8332133889198303,True,,True,0.8332133889198303,0.8332133889198303,False,False,True,0.0,1.0,0.0,0.0,0,0.0,1022,49.90234375,True,True,0,0,0,True,True,accepted
M1,M1_10mA_30C_0,frame_0121.png,0.8325521349906921,True,,True,0.8325521349906921,0.8325521349906921,False,False,True,0.0,1.0,0.0,0.0,0,0.0,1022,49.90234375,True,True,0,0,0,True,True,accepted
M1,M1_10mA_30C_0,frame_0123.png,0.8263028264045715,True,,True,0.8263028264045715,0.8263028264045715,False,False,True,0.0,1.0,0.0,0.0,0,0.0,1022,49.90234375,True,True,0,0,0,True,True,accepted
M1,M1_10mA_30C_0,frame_0129.png,0.8164250254631042,True,,True,0.8164250254631042,0.8164250254631042,False,False,True,0.0,1.0,0.0,0.0,0,0.0,1022,49.90234375,True,True,0,0,0,True,True,accepted
M1,M1_10mA_30C_0,frame_0132.png,0.8313167095184326,True,,True,0.8313167095184326,0.8313167095184326,False,False,True,0.0,1.0,0.0,0.0,0,0.0,1022,49.90234375,True,True,0,0,0,True,True,accepted
M1,M1_10mA_30C_0,frame_0140.png,0.7921801209449768,True,,True,0.7921801209449768,0.7921801209449768,False,False,True,0.0,1.0,0.0,0.0,1,0.00048828125,1023,49.951171875,True,True,1,0,1,True,True,accepted
M1,M1_10mA_30C_0,frame_0142.png,0.816835880279541,True,,True,0.816835880279541,0.816835880279541,False,False,True,0.0,1.0,0.0,0.0,0,0.0,1022,49.90234375,True,True,0,0,0,True,True,accepted
M1,M1_10mA_30C_0,frame_0144.png,0.8221124410629272,True,,True,0.8221124410629272,0.8221124410629272,False,False,True,0.0,1.0,0.0,0.0,0,0.0,1022,49.90234375,True,True,0,0,0,True,True,accepted
M1,M1_10mA_30C_0,frame_0148.png,0.8111100196838379,True,,True,0.8111100196838379,0.8111100196838379,False,False,True,0.0,1.0,0.0,0.0,0,0.0,1022,49.90234375,True,True,0,0,0,True,True,accepted
M1,M1_10mA_30C_0,frame_0152.png,0.8240274786949158,True,,True,0.8240274786949158,0.8240274786949158,False,False,True,0.0,1.0,0.0,0.0,0,0.0,1022,49.90234375,True,True,0,0,0,True,True,accepted
M1,M1_10mA_30C_0,frame_0154.png,0.8100701570510864,True,,True,0.8100701570510864,0.8100701570510864,False,False,True,0.0,1.0,0.0,0.0,0,0.0,1022,49.90234375,True,True,0,0,0,True,True,accepted
M1,M1_10mA_30C_0,frame_0155.png,0.7763500809669495,True,,True,0.7763500809669495,0.7763500809669495,False,False,True,0.0,1.0,0.0,0.0,43,0.02099609375,1023,49.951171875,True,True,1,0,43,True,True,accepted
M1,M1_10mA_30C_0,frame_0161.png,0.8161537647247314,True,,True,0.8161537647247314,0.8161537647247314,False,False,True,0.0,1.0,0.0,0.0,0,0.0,1022,49.90234375,True,True,0,0,0,True,True,accepted
M1,M1_10mA_30C_0,frame_0162.png,0.7715044617652893,True,,True,0.7715044617652893,0.7715044617652893,False,False,True,0.0,1.0,0.0,0.0,0,0.0,1022,49.90234375,True,True,0,0,0,True,True,accepted
M1,M1_10mA_30C_0,frame_0165.png,0.8075271248817444,True,,True,0.8075271248817444,0.8075271248817444,False,False,True,0.0,1.0,0.0,0.0,0,0.0,1022,49.90234375,True,True,0,0,0,True,True,accepted
M1,M1_10mA_30C_0,frame_0166.png,0.8143627047538757,True,,True,0.8143627047538757,0.8143627047538757,False,False,True,0.0,1.0,0.0,0.0,0,0.0,1022,49.90234375,True,True,0,0,0,True,True,accepted
M1,M1_10mA_30C_0,frame_0168.png,0.8250537514686584,True,,True,0.8250537514686584,0.8250537514686584,False,False,True,0.0,1.0,0.0,0.0,0,0.0,1022,49.90234375,True,True,0,0,0,True,True,accepted
M1,M1_10mA_30C_0,frame_0170.png,0.7936391234397888,True,,True,0.7936391234397888,0.7936391234397888,False,False,True,0.0,1.0,0.0,0.0,1,0.00048828125,1023,49.951171875,True,True,1,0,1,True,True,accepted
M1,M1_10mA_30C_0,frame_0174.png,0.7830417156219482,True,,True,0.7830417156219482,0.7830417156219482,False,False,True,0.0,1.0,0.0,0.0,2,0.0009765625,1024,50.0,True,True,1,0,2,True,True,accepted
M1,M1_10mA_30C_0,frame_0175.png,0.8274917006492615,True,,True,0.8274917006492615,0.8274917006492615,False,False,True,0.0,1.0,0.0,0.0,0,0.0,1022,49.90234375,True,True,0,0,0,True,True,accepted
M1,M1_10mA_30C_0,frame_0176.png,0.8247671723365784,True,,True,0.8247671723365784,0.8247671723365784,False,False,True,0.0,1.0,0.0,0.0,0,0.0,1022,49.90234375,True,True,0,0,0,True,True,accepted
M1,M1_10mA_30C_0,frame_0180.png,0.8131779432296753,True,,True,0.8131779432296753,0.8131779432296753,False,False,True,0.0,1.0,0.0,0.0,7,0.00341796875,1025,50.048828125,True,True,1,0,7,True,True,accepted
M1,M1_10mA_30C_0,frame_0187.png,0.7780683636665344,True,,True,0.7780683636665344,0.7780683636665344,False,False,True,0.0,1.0,0.0,0.0,93,0.04541015625,1011,49.365234375,True,True,2,0,93,True,True,accepted
M1,M1_10mA_30C_0,frame_0192.png,0.8043378591537476,True,,True,0.8043378591537476,0.8043378591537476,False,False,True,0.0,1.0,0.0,0.0,0,0.0,1022,49.90234375,True,True,0,0,0,True,True,accepted
M1,M1_10mA_30C_0,frame_0194.png,0.8046225905418396,True,,True,0.8046225905418396,0.8046225905418396,False,False,True,0.0,1.0,0.0,0.0,0,0.0,1022,49.90234375,True,True,0,0,0,True,True,accepted
M1,M1_10mA_40C_0,frame_0032.png,0.809740424156189,True,,True,0.809740424156189,0.809740424156189,False,False,True,0.0,1.0,0.0,0.0,0,0.0,1022,49.90234375,True,True,0,0,0,True,True,accepted
M1,M1_10mA_40C_0,frame_0033.png,0.8227976560592651,True,,True,0.8227976560592651,0.8227976560592651,False,False,True,0.0,1.0,0.0,0.0,0,0.0,1022,49.90234375,True,True,0,0,0,True,True,accepted
M1,M1_10mA_40C_0,frame_0038.png,0.8200485110282898,True,,True,0.8200485110282898,0.8200485110282898,False,False,True,0.0,1.0,0.0,0.0,0,0.0,1022,49.90234375,True,True,0,0,0,True,True,accepted
M1,M1_10mA_40C_0,frame_0039.png,0.8048843145370483,True,,True,0.8048843145370483,0.8048843145370483,False,False,True,0.0,1.0,0.0,0.0,0,0.0,1022,49.90234375,True,True,0,0,0,True,True,accepted
M1,M1_10mA_40C_0,frame_0040.png,0.8240585327148438,True,,True,0.8240585327148438,0.8240585327148438,False,False,True,0.0,1.0,0.0,0.0,0,0.0,1022,49.90234375,True,True,0,0,0,True,True,accepted
M1,M1_10mA_40C_0,frame_0042.png,0.8202438354492188,True,,True,0.8202438354492188,0.8202438354492188,False,False,True,0.0,1.0,0.0,0.0,0,0.0,1022,49.90234375,True,True,0,0,0,True,True,accepted
M1,M1_10mA_40C_0,frame_0047.png,0.8080854415893555,True,,True,0.8080854415893555,0.8080854415893555,False,False,True,0.0,1.0,0.0,0.0,1,0.00048828125,1023,49.951171875,True,True,1,0,1,True,True,accepted
M1,M1_10mA_40C_0,frame_0053.png,0.8182590007781982,True,,True,0.8182590007781982,0.8182590007781982,False,False,True,0.0,1.0,0.0,0.0,5,0.00244140625,1021,49.853515625,True,True,1,0,5,True,True,accepted
M1,M1_10mA_40C_0,frame_0063.png,0.805206298828125,True,,True,0.805206298828125,0.805206298828125,False,False,True,0.0,1.0,0.0,0.0,0,0.0,1022,49.90234375,True,True,0,0,0,True,True,accepted
M1,M1_10mA_40C_0,frame_0067.png,0.8236633539199829,True,,True,0.8236633539199829,0.8236633539199829,False,False,True,0.0,1.0,0.0,0.0,0,0.0,1022,49.90234375,True,True,0,0,0,True,True,accepted
M1,M1_10mA_40C_0,frame_0069.png,0.8270513415336609,True,,True,0.8270513415336609,0.8270513415336609,False,False,True,0.0,1.0,0.0,0.0,0,0.0,1022,49.90234375,True,True,0,0,0,True,True,accepted
M1,M1_10mA_40C_0,frame_0073.png,0.8051222562789917,True,,True,0.8051222562789917,0.8051222562789917,False,False,True,0.0,1.0,0.0,0.0,4,0.001953125,1022,49.90234375,True,True,1,0,4,True,True,accepted
M1,M1_10mA_40C_0,frame_0080.png,0.7944086790084839,True,,True,0.7944086790084839,0.7944086790084839,False,False,True,0.0,1.0,0.0,0.0,1,0.00048828125,1023,49.951171875,True,True,1,0,1,True,True,accepted
M1,M1_10mA_40C_0,frame_0086.png,0.7950583100318909,True,,True,0.7950583100318909,0.7950583100318909,False,False,True,0.0,1.0,0.0,0.0,0,0.0,1022,49.90234375,True,True,0,0,0,True,True,accepted
M1,M1_10mA_40C_0,frame_0088.png,0.8036836385726929,True,,True,0.8036836385726929,0.8036836385726929,False,False,True,0.0,1.0,0.0,0.0,2,0.0009765625,1022,49.90234375,True,True,1,0,2,True,True,accepted
M1,M1_10mA_40C_0,frame_0096.png,0.8230146169662476,True,,True,0.8230146169662476,0.8230146169662476,False,False,True,0.0,1.0,0.0,0.0,3,0.00146484375,1023,49.951171875,True,True,1,0,3,True,True,accepted
M1,M1_10mA_40C_0,frame_0102.png,0.7926058769226074,True,,True,0.7926058769226074,0.7926058769226074,False,False,True,0.0,1.0,0.0,0.0,0,0.0,1022,49.90234375,True,True,0,0,0,True,True,accepted
M1,M1_10mA_40C_0,frame_0106.png,0.802568256855011,True,,True,0.802568256855011,0.802568256855011,False,False,True,0.0,1.0,0.0,0.0,0,0.0,1022,49.90234375,True,True,0,0,0,True,True,accepted
M1,M1_10mA_40C_0,frame_0107.png,0.8207780122756958,True,,True,0.8207780122756958,0.8207780122756958,False,False,True,0.0,1.0,0.0,0.0,1,0.00048828125,1023,49.951171875,True,True,1,0,1,True,True,accepted
M1,M1_10mA_40C_0,frame_0109.png,0.8109294772148132,True,,True,0.8109294772148132,0.8109294772148132,False,False,True,0.0,1.0,0.0,0.0,1,0.00048828125,1023,49.951171875,True,True,1,0,1,True,True,accepted
M1,M1_10mA_40C_0,frame_0112.png,0.8004008531570435,True,,True,0.8004008531570435,0.8004008531570435,False,False,True,0.0,1.0,0.0,0.0,1,0.00048828125,1021,49.853515625,True,True,1,0,1,True,True,accepted
M1,M1_10mA_40C_0,frame_0114.png,0.8160141706466675,True,,True,0.8160141706466675,0.8160141706466675,False,False,True,0.0,1.0,0.0,0.0,0,0.0,1022,49.90234375,True,True,0,0,0,True,True,accepted
M1,M1_10mA_40C_0,frame_0117.png,0.8041859269142151,True,,True,0.8041859269142151,0.8041859269142151,False,False,True,0.0,1.0,0.0,0.0,16,0.0078125,1026,50.09765625,True,True,1,0,16,True,True,accepted
M1,M1_10mA_40C_0,frame_0123.png,0.7983914613723755,True,,True,0.7983914613723755,0.7983914613723755,False,False,True,0.0,1.0,0.0,0.0,0,0.0,1022,49.90234375,True,True,0,0,0,True,True,accepted
M1,M1_10mA_40C_0,frame_0125.png,0.7822372317314148,True,,True,0.7822372317314148,0.7822372317314148,False,False,True,0.0,1.0,0.0,0.0,12,0.005859375,1022,49.90234375,True,True,1,0,12,True,True,accepted
M1,M1_10mA_40C_0,frame_0128.png,0.7827908396720886,True,,True,0.7827908396720886,0.7827908396720886,False,False,True,0.0,1.0,0.0,0.0,0,0.0,1022,49.90234375,True,True,0,0,0,True,True,accepted
M1,M1_10mA_40C_0,frame_0129.png,0.811320960521698,True,,True,0.811320960521698,0.811320960521698,False,False,True,0.0,1.0,0.0,0.0,0,0.0,1022,49.90234375,True,True,0,0,0,True,True,accepted
M1,M1_10mA_40C_0,frame_0136.png,0.7761103510856628,True,,True,0.7761103510856628,0.7761103510856628,False,False,True,0.0,1.0,0.0,0.0,11,0.00537109375,1023,49.951171875,True,True,1,0,11,True,True,accepted
M1,M1_10mA_40C_0,frame_0137.png,0.765630304813385,True,,True,0.765630304813385,0.765630304813385,False,False,True,0.0,1.0,0.0,0.0,0,0.0,1022,49.90234375,True,True,0,0,0,True,True,accepted
M1,M1_10mA_40C_0,frame_0140.png,0.8131906390190125,True,,True,0.8131906390190125,0.8131906390190125,False,False,True,0.0,1.0,0.0,0.0,2,0.0009765625,1024,50.0,True,True,1,0,2,True,True,accepted
M1,M1_10mA_40C_0,frame_0147.png,0.8272919058799744,True,,True,0.8272919058799744,0.8272919058799744,False,False,True,0.0,1.0,0.0,0.0,0,0.0,1022,49.90234375,True,True,0,0,0,True,True,accepted
M1,M1_10mA_40C_0,frame_0157.png,0.8124205470085144,True,,True,0.8124205470085144,0.8124205470085144,False,False,True,0.0,1.0,0.0,0.0,0,0.0,1022,49.90234375,True,True,0,0,0,True,True,accepted
M1,M1_10mA_40C_0,frame_0162.png,0.7839599847793579,True,,True,0.7839599847793579,0.7839599847793579,False,False,True,0.0,1.0,0.0,0.0,12,0.005859375,1024,50.0,True,True,1,0,12,True,True,accepted
M1,M1_10mA_40C_0,frame_0167.png,0.8133075833320618,True,,True,0.8133075833320618,0.8133075833320618,False,False,True,0.0,1.0,0.0,0.0,2,0.0009765625,1022,49.90234375,True,True,1,0,2,True,True,accepted
M1,M1_10mA_40C_0,frame_0173.png,0.8270386457443237,True,,True,0.8270386457443237,0.8270386457443237,False,False,True,0.0,1.0,0.0,0.0,0,0.0,1022,49.90234375,True,True,0,0,0,True,True,accepted
M1,M1_10mA_40C_0,frame_0177.png,0.7768868803977966,True,,True,0.7768868803977966,0.7768868803977966,False,False,True,0.0,1.0,0.0,0.0,0,0.0,1022,49.90234375,True,True,0,0,0,True,True,accepted
M1,M1_10mA_40C_0,frame_0178.png,0.8247399926185608,True,,True,0.8247399926185608,0.8247399926185608,False,False,True,0.0,1.0,0.0,0.0,0,0.0,1022,49.90234375,True,True,0,0,0,True,True,accepted
M1,M1_10mA_40C_0,frame_0180.png,0.8127062916755676,True,,True,0.8127062916755676,0.8127062916755676,False,False,True,0.0,1.0,0.0,0.0,0,0.0,1022,49.90234375,True,True,0,0,0,True,True,accepted
M1,M1_10mA_40C_0,frame_0182.png,0.7524029612541199,True,,True,0.7524029612541199,0.7524029612541199,False,False,True,0.0,1.0,0.0,0.0,1,0.00048828125,1023,49.951171875,True,True,1,0,1,True,True,accepted
M1,M1_10mA_40C_0,frame_0184.png,0.8099294304847717,True,,True,0.8099294304847717,0.8099294304847717,False,False,True,0.0,1.0,0.0,0.0,0,0.0,1022,49.90234375,True,True,0,0,0,True,True,accepted
M1,M1_10mA_40C_0,frame_0185.png,0.8248911499977112,True,,True,0.8248911499977112,0.8248911499977112,False,False,True,0.0,1.0,0.0,0.0,1,0.00048828125,1023,49.951171875,True,True,1,0,1,True,True,accepted
M1,M1_10mA_40C_0,frame_0186.png,0.8084503412246704,True,,True,0.8084503412246704,0.8084503412246704,False,False,True,0.0,1.0,0.0,0.0,2,0.0009765625,1022,49.90234375,True,True,1,0,2,True,True,accepted
M1,M1_10mA_40C_0,frame_0190.png,0.7814605832099915,True,,True,0.7814605832099915,0.7814605832099915,False,False,True,0.0,1.0,0.0,0.0,44,0.021484375,1022,49.90234375,True,True,2,0,44,True,True,accepted
M1,M1_10mA_40C_0,frame_0194.png,0.8194681406021118,True,,True,0.8194681406021118,0.8194681406021118,False,False,True,0.0,1.0,0.0,0.0,0,0.0,1022,49.90234375,True,True,0,0,0,True,True,accepted
M1,M1_10mA_40C_0,frame_0195.png,0.8247459530830383,True,,True,0.8247459530830383,0.8247459530830383,False,False,True,0.0,1.0,0.0,0.0,0,0.0,1022,49.90234375,True,True,0,0,0,True,True,accepted
M1,M1_20mA_20C_0,frame_0026.png,0.75213623046875,True,,True,0.75213623046875,0.75213623046875,False,False,True,0.0,1.0,0.0,0.0,56,0.02734375,1028,50.1953125,True,True,2,0,56,True,True,accepted
M1,M1_20mA_20C_0,frame_0036.png,0.8064554333686829,True,,True,0.8064554333686829,0.8064554333686829,False,False,True,0.0,1.0,0.0,0.0,0,0.0,1022,49.90234375,True,True,0,0,0,True,True,accepted
M1,M1_20mA_20C_0,frame_0042.png,0.8007504343986511,True,,True,0.8007504343986511,0.8007504343986511,False,False,True,0.0,1.0,0.0,0.0,2,0.0009765625,1022,49.90234375,True,True,1,0,2,True,True,accepted
M1,M1_20mA_20C_0,frame_0044.png,0.8143150210380554,True,,True,0.8143150210380554,0.8143150210380554,False,False,True,0.0,1.0,0.0,0.0,0,0.0,1022,49.90234375,True,True,0,0,0,True,True,accepted
M1,M1_20mA_20C_0,frame_0046.png,0.7942305207252502,True,,True,0.7942305207252502,0.7942305207252502,False,False,True,0.0,1.0,0.0,0.0,0,0.0,1022,49.90234375,True,True,0,0,0,True,True,accepted
M1,M1_20mA_20C_0,frame_0047.png,0.7976996302604675,True,,True,0.7976996302604675,0.7976996302604675,False,False,True,0.0,1.0,0.0,0.0,0,0.0,1022,49.90234375,True,True,0,0,0,True,True,accepted
M1,M1_20mA_20C_0,frame_0049.png,0.8287470936775208,True,,True,0.8287470936775208,0.8287470936775208,False,False,True,0.0,1.0,0.0,0.0,0,0.0,1022,49.90234375,True,True,0,0,0,True,True,accepted
M1,M1_20mA_20C_0,frame_0051.png,0.7927373647689819,True,,True,0.7927373647689819,0.7927373647689819,False,False,True,0.0,1.0,0.0,0.0,0,0.0,1022,49.90234375,True,True,0,0,0,True,True,accepted
M1,M1_20mA_20C_0,frame_0052.png,0.7842599153518677,True,,True,0.7842599153518677,0.7842599153518677,False,False,True,0.0,1.0,0.0,0.0,0,0.0,1022,49.90234375,True,True,0,0,0,True,True,accepted
M1,M1_20mA_20C_0,frame_0053.png,0.8115624785423279,True,,True,0.8115624785423279,0.8115624785423279,False,False,True,0.0,1.0,0.0,0.0,0,0.0,1022,49.90234375,True,True,0,0,0,True,True,accepted
M1,M1_20mA_20C_0,frame_0058.png,0.8241972923278809,True,,True,0.8241972923278809,0.8241972923278809,False,False,True,0.0,1.0,0.0,0.0,0,0.0,1022,49.90234375,True,True,0,0,0,True,True,accepted
M1,M1_20mA_20C_0,frame_0059.png,0.7781124711036682,True,,True,0.7781124711036682,0.7781124711036682,False,False,True,0.0,1.0,0.0,0.0,1,0.00048828125,1021,49.853515625,True,True,1,0,1,True,True,accepted
M1,M1_20mA_20C_0,frame_0063.png,0.811432421207428,True,,True,0.811432421207428,0.811432421207428,False,False,True,0.0,1.0,0.0,0.0,1,0.00048828125,1023,49.951171875,True,True,1,0,1,True,True,accepted
M1,M1_20mA_20C_0,frame_0066.png,0.767225980758667,True,,True,0.767225980758667,0.767225980758667,False,False,True,0.0,1.0,0.0,0.0,14,0.0068359375,1024,50.0,True,True,1,0,14,True,True,accepted
M1,M1_20mA_20C_0,frame_0067.png,0.8215187788009644,True,,True,0.8215187788009644,0.8215187788009644,False,False,True,0.0,1.0,0.0,0.0,0,0.0,1022,49.90234375,True,True,0,0,0,True,True,accepted
M1,M1_20mA_20C_0,frame_0069.png,0.813541054725647,True,,True,0.813541054725647,0.813541054725647,False,False,True,0.0,1.0,0.0,0.0,0,0.0,1022,49.90234375,True,True,0,0,0,True,True,accepted
M1,M1_20mA_20C_0,frame_0070.png,0.7743955254554749,True,,True,0.7743955254554749,0.7743955254554749,False,False,True,0.0,1.0,0.0,0.0,3,0.00146484375,1021,49.853515625,True,True,1,0,3,True,True,accepted
M1,M1_20mA_20C_0,frame_0073.png,0.8005384206771851,True,,True,0.8005384206771851,0.8005384206771851,False,False,True,0.0,1.0,0.0,0.0,0,0.0,1022,49.90234375,True,True,0,0,0,True,True,accepted
M1,M1_20mA_20C_0,frame_0078.png,0.7864397168159485,True,,True,0.7864397168159485,0.7864397168159485,False,False,True,0.0,1.0,0.0,0.0,0,0.0,1022,49.90234375,True,True,0,0,0,True,True,accepted
M1,M1_20mA_20C_0,frame_0081.png,0.8110893964767456,True,,True,0.8110893964767456,0.8110893964767456,False,False,True,0.0,1.0,0.0,0.0,0,0.0,1022,49.90234375,True,True,0,0,0,True,True,accepted
M1,M1_20mA_20C_0,frame_0083.png,0.8041712045669556,True,,True,0.8041712045669556,0.8041712045669556,False,False,True,0.0,1.0,0.0,0.0,0,0.0,1022,49.90234375,True,True,0,0,0,True,True,accepted
M1,M1_20mA_20C_0,frame_0089.png,0.788827657699585,True,,True,0.788827657699585,0.788827657699585,False,False,True,0.0,1.0,0.0,0.0,0,0.0,1022,49.90234375,True,True,0,0,0,True,True,accepted
M1,M1_20mA_20C_0,frame_0096.png,0.7382530570030212,True,,True,0.7382530570030212,0.7382530570030212,False,False,True,0.0,1.0,0.0,0.0,11,0.00537109375,1021,49.853515625,True,True,1,0,11,True,True,accepted
M1,M1_20mA_20C_0,frame_0097.png,0.797918975353241,True,,True,0.797918975353241,0.797918975353241,False,False,True,0.0,1.0,0.0,0.0,2,0.0009765625,1024,50.0,True,True,1,0,2,True,True,accepted
M1,M1_20mA_20C_0,frame_0105.png,0.7905318140983582,True,,True,0.7905318140983582,0.7905318140983582,False,False,True,0.0,1.0,0.0,0.0,0,0.0,1022,49.90234375,True,True,0,0,0,True,True,accepted
M1,M1_20mA_20C_0,frame_0109.png,0.8157832026481628,True,,True,0.8157832026481628,0.8157832026481628,False,False,True,0.0,1.0,0.0,0.0,0,0.0,1022,49.90234375,True,True,0,0,0,True,True,accepted
M1,M1_20mA_20C_0,frame_0112.png,0.8134847283363342,True,,True,0.8134847283363342,0.8134847283363342,False,False,True,0.0,1.0,0.0,0.0,0,0.0,1022,49.90234375,True,True,0,0,0,True,True,accepted
M1,M1_20mA_20C_0,frame_0119.png,0.7761632204055786,True,,True,0.7761632204055786,0.7761632204055786,False,False,True,0.0,1.0,0.0,0.0,0,0.0,1022,49.90234375,True,True,0,0,0,True,True,accepted
M1,M1_20mA_20C_0,frame_0121.png,0.7922302484512329,True,,True,0.7922302484512329,0.7922302484512329,False,False,True,0.0,1.0,0.0,0.0,0,0.0,1022,49.90234375,True,True,0,0,0,True,True,accepted
M1,M1_20mA_20C_0,frame_0126.png,0.822258472442627,True,,True,0.822258472442627,0.822258472442627,False,False,True,0.0,1.0,0.0,0.0,0,0.0,1022,49.90234375,True,True,0,0,0,True,True,accepted
M1,M1_20mA_20C_0,frame_0135.png,0.792349100112915,True,,True,0.792349100112915,0.792349100112915,False,False,True,0.0,1.0,0.0,0.0,4,0.001953125,1022,49.90234375,True,True,1,0,4,True,True,accepted
M1,M1_20mA_20C_0,frame_0137.png,0.8046090006828308,True,,True,0.8046090006828308,0.8046090006828308,False,False,True,0.0,1.0,0.0,0.0,0,0.0,1022,49.90234375,True,True,0,0,0,True,True,accepted
M1,M1_20mA_20C_0,frame_0139.png,0.8065752983093262,True,,True,0.8065752983093262,0.8065752983093262,False,False,True,0.0,1.0,0.0,0.0,0,0.0,1022,49.90234375,True,True,0,0,0,True,True,accepted
M1,M1_20mA_20C_0,frame_0142.png,0.8055866956710815,True,,True,0.8055866956710815,0.8055866956710815,False,False,True,0.0,1.0,0.0,0.0,0,0.0,1022,49.90234375,True,True,0,0,0,True,True,accepted
M1,M1_20mA_20C_0,frame_0149.png,0.7791045308113098,True,,True,0.7791045308113098,0.7791045308113098,False,False,True,0.0,1.0,0.0,0.0,0,0.0,1022,49.90234375,True,True,0,0,0,True,True,accepted
M1,M1_20mA_20C_0,frame_0154.png,0.8082411885261536,True,,True,0.8082411885261536,0.8082411885261536,False,False,True,0.0,1.0,0.0,0.0,0,0.0,1022,49.90234375,True,True,0,0,0,True,True,accepted
M1,M1_20mA_20C_0,frame_0155.png,0.7841722965240479,True,,True,0.7841722965240479,0.7841722965240479,False,False,True,0.0,1.0,0.0,0.0,17,0.00830078125,1017,49.658203125,True,True,1,0,17,True,True,accepted
M1,M1_20mA_20C_0,frame_0157.png,0.8139765858650208,True,,True,0.8139765858650208,0.8139765858650208,False,False,True,0.0,1.0,0.0,0.0,0,0.0,1022,49.90234375,True,True,0,0,0,True,True,accepted
M1,M1_20mA_20C_0,frame_0163.png,0.8016466498374939,True,,True,0.8016466498374939,0.8016466498374939,False,False,True,0.0,1.0,0.0,0.0,0,0.0,1022,49.90234375,True,True,0,0,0,True,True,accepted
M1,M1_20mA_20C_0,frame_0164.png,0.8186162114143372,True,,True,0.8186162114143372,0.8186162114143372,False,False,True,0.0,1.0,0.0,0.0,0,0.0,1022,49.90234375,True,True,0,0,0,True,True,accepted
M1,M1_20mA_20C_0,frame_0171.png,0.7943564057350159,True,,True,0.7943564057350159,0.7943564057350159,False,False,True,0.0,1.0,0.0,0.0,0,0.0,1022,49.90234375,True,True,0,0,0,True,True,accepted
M1,M1_20mA_20C_0,frame_0173.png,0.7760277390480042,True,,True,0.7760277390480042,0.7760277390480042,False,False,True,0.0,1.0,0.0,0.0,0,0.0,1022,49.90234375,True,True,0,0,0,True,True,accepted
M1,M1_20mA_20C_0,frame_0180.png,0.810433030128479,True,,True,0.810433030128479,0.810433030128479,False,False,True,0.0,1.0,0.0,0.0,0,0.0,1022,49.90234375,True,True,0,0,0,True,True,accepted
M1,M1_20mA_20C_0,frame_0183.png,0.8025145530700684,True,,True,0.8025145530700684,0.8025145530700684,False,False,True,0.0,1.0,0.0,0.0,0,0.0,1022,49.90234375,True,True,0,0,0,True,True,accepted
M1,M1_20mA_20C_0,frame_0189.png,0.7912830114364624,True,,True,0.7912830114364624,0.7912830114364624,False,False,True,0.0,1.0,0.0,0.0,0,0.0,1022,49.90234375,True,True,0,0,0,True,True,accepted
M1,M1_20mA_30C_0,frame_0021.png,0.8252304196357727,True,,True,0.8252304196357727,0.8252304196357727,False,False,True,0.0,1.0,0.0,0.0,0,0.0,1022,49.90234375,True,True,0,0,0,True,True,accepted
M1,M1_20mA_30C_0,frame_0033.png,0.8345714807510376,True,,True,0.8345714807510376,0.8345714807510376,False,False,True,0.0,1.0,0.0,0.0,0,0.0,1022,49.90234375,True,True,0,0,0,True,True,accepted
M1,M1_20mA_30C_0,frame_0034.png,0.7987958192825317,True,,True,0.7987958192825317,0.7987958192825317,False,False,True,0.0,1.0,0.0,0.0,5,0.00244140625,1023,49.951171875,True,True,1,0,5,True,True,accepted
M1,M1_20mA_30C_0,frame_0037.png,0.8292559385299683,True,,True,0.8292559385299683,0.8292559385299683,False,False,True,0.0,1.0,0.0,0.0,0,0.0,1022,49.90234375,True,True,0,0,0,True,True,accepted
M1,M1_20mA_30C_0,frame_0038.png,0.8255704641342163,True,,True,0.8255704641342163,0.8255704641342163,False,False,True,0.0,1.0,0.0,0.0,0,0.0,1022,49.90234375,True,True,0,0,0,True,True,accepted
M1,M1_20mA_30C_0,frame_0050.png,0.8282262682914734,True,,True,0.8282262682914734,0.8282262682914734,False,False,True,0.0,1.0,0.0,0.0,0,0.0,1022,49.90234375,True,True,0,0,0,True,True,accepted
M1,M1_20mA_30C_0,frame_0052.png,0.8147467374801636,True,,True,0.8147467374801636,0.8147467374801636,False,False,True,0.0,1.0,0.0,0.0,0,0.0,1022,49.90234375,True,True,0,0,0,True,True,accepted
M1,M1_20mA_30C_0,frame_0053.png,0.8459782004356384,True,,True,0.8459782004356384,0.8459782004356384,False,False,True,0.0,1.0,0.0,0.0,0,0.0,1022,49.90234375,True,True,0,0,0,True,True,accepted
M1,M1_20mA_30C_0,frame_0054.png,0.8209829926490784,True,,True,0.8209829926490784,0.8209829926490784,False,False,True,0.0,1.0,0.0,0.0,1,0.00048828125,1023,49.951171875,True,True,1,0,1,True,True,accepted
M1,M1_20mA_30C_0,frame_0063.png,0.8413726091384888,True,,True,0.8413726091384888,0.8413726091384888,False,False,True,0.0,1.0,0.0,0.0,1,0.00048828125,1023,49.951171875,True,True,1,0,1,True,True,accepted
M1,M1_20mA_30C_0,frame_0064.png,0.8400982022285461,True,,True,0.8400982022285461,0.8400982022285461,False,False,True,0.0,1.0,0.0,0.0,0,0.0,1022,49.90234375,True,True,0,0,0,True,True,accepted
M1,M1_20mA_30C_0,frame_0067.png,0.8349041938781738,True,,True,0.8349041938781738,0.8349041938781738,False,False,True,0.0,1.0,0.0,0.0,1,0.00048828125,1023,49.951171875,True,True,1,0,1,True,True,accepted
M1,M1_20mA_30C_0,frame_0069.png,0.8021128177642822,True,,True,0.8021128177642822,0.8021128177642822,False,False,True,0.0,1.0,0.0,0.0,2,0.0009765625,1024,50.0,True,True,1,0,2,True,True,accepted
M1,M1_20mA_30C_0,frame_0071.png,0.7954046726226807,True,,True,0.7954046726226807,0.7954046726226807,False,False,True,0.0,1.0,0.0,0.0,0,0.0,1022,49.90234375,True,True,0,0,0,True,True,accepted
M1,M1_20mA_30C_0,frame_0075.png,0.823344886302948,True,,True,0.823344886302948,0.823344886302948,False,False,True,0.0,1.0,0.0,0.0,0,0.0,1022,49.90234375,True,True,0,0,0,True,True,accepted
M1,M1_20mA_30C_0,frame_0076.png,0.8240936398506165,True,,True,0.8240936398506165,0.8240936398506165,False,False,True,0.0,1.0,0.0,0.0,0,0.0,1022,49.90234375,True,True,0,0,0,True,True,accepted
M1,M1_20mA_30C_0,frame_0082.png,0.8437360525131226,True,,True,0.8437360525131226,0.8437360525131226,False,False,True,0.0,1.0,0.0,0.0,2,0.0009765625,1022,49.90234375,True,True,1,0,2,True,True,accepted
M1,M1_20mA_30C_0,frame_0084.png,0.7937699556350708,True,,True,0.7937699556350708,0.7937699556350708,False,False,True,0.0,1.0,0.0,0.0,2,0.0009765625,1024,50.0,True,True,1,0,2,True,True,accepted
M1,M1_20mA_30C_0,frame_0085.png,0.8245522379875183,True,,True,0.8245522379875183,0.8245522379875183,False,False,True,0.0,1.0,0.0,0.0,0,0.0,1022,49.90234375,True,True,0,0,0,True,True,accepted
M1,M1_20mA_30C_0,frame_0091.png,0.8046781420707703,True,,True,0.8046781420707703,0.8046781420707703,False,False,True,0.0,1.0,0.0,0.0,0,0.0,1022,49.90234375,True,True,0,0,0,True,True,accepted
M1,M1_20mA_30C_0,frame_0096.png,0.844437837600708,True,,True,0.844437837600708,0.844437837600708,False,False,True,0.0,1.0,0.0,0.0,0,0.0,1022,49.90234375,True,True,0,0,0,True,True,accepted
M1,M1_20mA_30C_0,frame_0101.png,0.8361551761627197,True,,True,0.8361551761627197,0.8361551761627197,False,False,True,0.0,1.0,0.0,0.0,2,0.0009765625,1024,50.0,True,True,1,0,2,True,True,accepted
M1,M1_20mA_30C_0,frame_0102.png,0.8427909016609192,True,,True,0.8427909016609192,0.8427909016609192,False,False,True,0.0,1.0,0.0,0.0,0,0.0,1022,49.90234375,True,True,0,0,0,True,True,accepted
M1,M1_20mA_30C_0,frame_0104.png,0.819469153881073,True,,True,0.819469153881073,0.819469153881073,False,False,True,0.0,1.0,0.0,0.0,0,0.0,1022,49.90234375,True,True,0,0,0,True,True,accepted
M1,M1_20mA_30C_0,frame_0109.png,0.7821255326271057,True,,True,0.7821255326271057,0.7821255326271057,False,False,True,0.0,1.0,0.0,0.0,0,0.0,1022,49.90234375,True,True,0,0,0,True,True,accepted
M1,M1_20mA_30C_0,frame_0113.png,0.8293298482894897,True,,True,0.8293298482894897,0.8293298482894897,False,False,True,0.0,1.0,0.0,0.0,0,0.0,1022,49.90234375,True,True,0,0,0,True,True,accepted
M1,M1_20mA_30C_0,frame_0122.png,0.8106284141540527,True,,True,0.8106284141540527,0.8106284141540527,False,False,True,0.0,1.0,0.0,0.0,0,0.0,1022,49.90234375,True,True,0,0,0,True,True,accepted
M1,M1_20mA_30C_0,frame_0129.png,0.8429111242294312,True,,True,0.8429111242294312,0.8429111242294312,False,False,True,0.0,1.0,0.0,0.0,0,0.0,1022,49.90234375,True,True,0,0,0,True,True,accepted
M1,M1_20mA_30C_0,frame_0131.png,0.7652605175971985,True,,True,0.7652605175971985,0.7652605175971985,False,False,True,0.0,1.0,0.0,0.0,2,0.0009765625,1024,50.0,True,True,1,0,2,True,True,accepted
M1,M1_20mA_30C_0,frame_0135.png,0.7945873737335205,True,,True,0.7945873737335205,0.7945873737335205,False,False,True,0.0,1.0,0.0,0.0,85,0.04150390625,1027,50.146484375,True,True,3,0,85,True,True,accepted
M1,M1_20mA_30C_0,frame_0138.png,0.8236737251281738,True,,True,0.8236737251281738,0.8236737251281738,False,False,True,0.0,1.0,0.0,0.0,0,0.0,1022,49.90234375,True,True,0,0,0,True,True,accepted
M1,M1_20mA_30C_0,frame_0139.png,0.8283178806304932,True,,True,0.8283178806304932,0.8283178806304932,False,False,True,0.0,1.0,0.0,0.0,2,0.0009765625,1022,49.90234375,True,True,1,0,2,True,True,accepted
M1,M1_20mA_30C_0,frame_0146.png,0.8090726733207703,True,,True,0.8090726733207703,0.8090726733207703,False,False,True,0.0,1.0,0.0,0.0,0,0.0,1022,49.90234375,True,True,0,0,0,True,True,accepted
M1,M1_20mA_30C_0,frame_0147.png,0.8356936573982239,True,,True,0.8356936573982239,0.8356936573982239,False,False,True,0.0,1.0,0.0,0.0,1,0.00048828125,1023,49.951171875,True,True,1,0,1,True,True,accepted
M1,M1_20mA_30C_0,frame_0148.png,0.8363621830940247,True,,True,0.8363621830940247,0.8363621830940247,False,False,True,0.0,1.0,0.0,0.0,0,0.0,1022,49.90234375,True,True,0,0,0,True,True,accepted
M1,M1_20mA_30C_0,frame_0154.png,0.8170233368873596,True,,True,0.8170233368873596,0.8170233368873596,False,False,True,0.0,1.0,0.0,0.0,0,0.0,1022,49.90234375,True,True,0,0,0,True,True,accepted
M1,M1_20mA_30C_0,frame_0162.png,0.8082273602485657,True,,True,0.8082273602485657,0.8082273602485657,False,False,True,0.0,1.0,0.0,0.0,1,0.00048828125,1023,49.951171875,True,True,1,0,1,True,True,accepted
M1,M1_20mA_30C_0,frame_0165.png,0.817931056022644,True,,True,0.817931056022644,0.817931056022644,False,False,True,0.0,1.0,0.0,0.0,0,0.0,1022,49.90234375,True,True,0,0,0,True,True,accepted
M1,M1_20mA_30C_0,frame_0179.png,0.8098796606063843,True,,True,0.8098796606063843,0.8098796606063843,False,False,True,0.0,1.0,0.0,0.0,0,0.0,1022,49.90234375,True,True,0,0,0,True,True,accepted
M1,M1_20mA_30C_0,frame_0187.png,0.841497540473938,True,,True,0.841497540473938,0.841497540473938,False,False,True,0.0,1.0,0.0,0.0,0,0.0,1022,49.90234375,True,True,0,0,0,True,True,accepted
M1,M1_20mA_30C_0,frame_0189.png,0.8121760487556458,True,,True,0.8121760487556458,0.8121760487556458,False,False,True,0.0,1.0,0.0,0.0,0,0.0,1022,49.90234375,True,True,0,0,0,True,True,accepted
M1,M1_20mA_30C_0,frame_0192.png,0.8329023122787476,True,,True,0.8329023122787476,0.8329023122787476,False,False,True,0.0,1.0,0.0,0.0,0,0.0,1022,49.90234375,True,True,0,0,0,True,True,accepted
M1,M1_20mA_30C_0,frame_0197.png,0.8196365237236023,True,,True,0.8196365237236023,0.8196365237236023,False,False,True,0.0,1.0,0.0,0.0,1,0.00048828125,1023,49.951171875,True,True,1,0,1,True,True,accepted
M1,M1_20mA_30C_0,frame_0198.png,0.8354091048240662,True,,True,0.8354091048240662,0.8354091048240662,False,False,True,0.0,1.0,0.0,0.0,1,0.00048828125,1023,49.951171875,True,True,1,0,1,True,True,accepted
M1,M1_20mA_30C_0,frame_0200.png,0.789217472076416,True,,True,0.789217472076416,0.789217472076416,False,False,True,0.0,1.0,0.0,0.0,0,0.0,1022,49.90234375,True,True,0,0,0,True,True,accepted
M1,M1_20mA_40C_0,frame_0014.png,0.841105043888092,True,,True,0.841105043888092,0.841105043888092,False,False,True,0.0,1.0,0.0,0.0,1,0.00048828125,1023,49.951171875,True,True,1,0,1,True,True,accepted
M1,M1_20mA_40C_0,frame_0018.png,0.8197172284126282,True,,True,0.8197172284126282,0.8197172284126282,False,False,True,0.0,1.0,0.0,0.0,0,0.0,1022,49.90234375,True,True,0,0,0,True,True,accepted
M1,M1_20mA_40C_0,frame_0021.png,0.7946696281433105,True,,True,0.7946696281433105,0.7946696281433105,False,False,True,0.0,1.0,0.0,0.0,1,0.00048828125,1023,49.951171875,True,True,1,0,1,True,True,accepted
M1,M1_20mA_40C_0,frame_0022.png,0.8210223913192749,True,,True,0.8210223913192749,0.8210223913192749,False,False,True,0.0,1.0,0.0,0.0,25,0.01220703125,1023,49.951171875,True,True,1,0,25,True,True,accepted
M1,M1_20mA_40C_0,frame_0023.png,0.8323540091514587,True,,True,0.8323540091514587,0.8323540091514587,False,False,True,0.0,1.0,0.0,0.0,0,0.0,1022,49.90234375,True,True,0,0,0,True,True,accepted
M1,M1_20mA_40C_0,frame_0026.png,0.8075879216194153,True,,True,0.8075879216194153,0.8075879216194153,False,False,True,0.0,1.0,0.0,0.0,0,0.0,1022,49.90234375,True,True,0,0,0,True,True,accepted
M1,M1_20mA_40C_0,frame_0027.png,0.7856051921844482,True,,True,0.7856051921844482,0.7856051921844482,False,False,True,0.0,1.0,0.0,0.0,11,0.00537109375,1021,49.853515625,True,True,1,0,11,True,True,accepted
M1,M1_20mA_40C_0,frame_0049.png,0.8337572813034058,True,,True,0.8337572813034058,0.8337572813034058,False,False,True,0.0,1.0,0.0,0.0,0,0.0,1022,49.90234375,True,True,0,0,0,True,True,accepted
M1,M1_20mA_40C_0,frame_0052.png,0.8240156173706055,True,,True,0.8240156173706055,0.8240156173706055,False,False,True,0.0,1.0,0.0,0.0,0,0.0,1022,49.90234375,True,True,0,0,0,True,True,accepted
M1,M1_20mA_40C_0,frame_0054.png,0.8475657105445862,True,,True,0.8475657105445862,0.8475657105445862,False,False,True,0.0,1.0,0.0,0.0,13,0.00634765625,1019,49.755859375,True,True,1,0,13,True,True,accepted
M1,M1_20mA_40C_0,frame_0055.png,0.8446006178855896,True,,True,0.8446006178855896,0.8446006178855896,False,False,True,0.0,1.0,0.0,0.0,2,0.0009765625,1022,49.90234375,True,True,1,0,2,True,True,accepted
M1,M1_20mA_40C_0,frame_0057.png,0.838521420955658,True,,True,0.838521420955658,0.838521420955658,False,False,True,0.0,1.0,0.0,0.0,0,0.0,1022,49.90234375,True,True,0,0,0,True,True,accepted
M1,M1_20mA_40C_0,frame_0061.png,0.808879554271698,True,,True,0.808879554271698,0.808879554271698,False,False,True,0.0,1.0,0.0,0.0,3,0.00146484375,1023,49.951171875,True,True,1,0,3,True,True,accepted
M1,M1_20mA_40C_0,frame_0065.png,0.828910231590271,True,,True,0.828910231590271,0.828910231590271,False,False,True,0.0,1.0,0.0,0.0,0,0.0,1022,49.90234375,True,True,0,0,0,True,True,accepted
M1,M1_20mA_40C_0,frame_0069.png,0.7473759651184082,True,,True,0.7473759651184082,0.7473759651184082,False,False,True,0.0,1.0,0.0,0.0,4,0.001953125,1026,50.09765625,True,True,1,0,4,True,True,accepted
M1,M1_20mA_40C_0,frame_0070.png,0.8115468621253967,True,,True,0.8115468621253967,0.8115468621253967,False,False,True,0.0,1.0,0.0,0.0,35,0.01708984375,1023,49.951171875,True,True,2,0,35,True,True,accepted
M1,M1_20mA_40C_0,frame_0072.png,0.8296905159950256,True,,True,0.8296905159950256,0.8296905159950256,False,False,True,0.0,1.0,0.0,0.0,0,0.0,1022,49.90234375,True,True,0,0,0,True,True,accepted
M1,M1_20mA_40C_0,frame_0073.png,0.8096256852149963,True,,True,0.8096256852149963,0.8096256852149963,False,False,True,0.0,1.0,0.0,0.0,0,0.0,1022,49.90234375,True,True,0,0,0,True,True,accepted
M1,M1_20mA_40C_0,frame_0074.png,0.81303471326828,True,,True,0.81303471326828,0.81303471326828,False,False,True,0.0,1.0,0.0,0.0,0,0.0,1022,49.90234375,True,True,0,0,0,True,True,accepted
M1,M1_20mA_40C_0,frame_0076.png,0.7747592926025391,True,,True,0.7747592926025391,0.7747592926025391,False,False,True,0.0,1.0,0.0,0.0,18,0.0087890625,1022,49.90234375,True,True,1,0,18,True,True,accepted
M1,M1_20mA_40C_0,frame_0080.png,0.8227329254150391,True,,True,0.8227329254150391,0.8227329254150391,False,False,True,0.0,1.0,0.0,0.0,0,0.0,1022,49.90234375,True,True,0,0,0,True,True,accepted
M1,M1_20mA_40C_0,frame_0085.png,0.8177836537361145,True,,True,0.8177836537361145,0.8177836537361145,False,False,True,0.0,1.0,0.0,0.0,0,0.0,1022,49.90234375,True,True,0,0,0,True,True,accepted
M1,M1_20mA_40C_0,frame_0090.png,0.8044849634170532,True,,True,0.8044849634170532,0.8044849634170532,False,False,True,0.0,1.0,0.0,0.0,0,0.0,1022,49.90234375,True,True,0,0,0,True,True,accepted
M1,M1_20mA_40C_0,frame_0094.png,0.8197177648544312,True,,True,0.8197177648544312,0.8197177648544312,False,False,True,0.0,1.0,0.0,0.0,0,0.0,1022,49.90234375,True,True,0,0,0,True,True,accepted
M1,M1_20mA_40C_0,frame_0096.png,0.8328227996826172,True,,True,0.8328227996826172,0.8328227996826172,False,False,True,0.0,1.0,0.0,0.0,0,0.0,1022,49.90234375,True,True,0,0,0,True,True,accepted
M1,M1_20mA_40C_0,frame_0102.png,0.8288506269454956,True,,True,0.8288506269454956,0.8288506269454956,False,False,True,0.0,1.0,0.0,0.0,0,0.0,1022,49.90234375,True,True,0,0,0,True,True,accepted
M1,M1_20mA_40C_0,frame_0103.png,0.8309352993965149,True,,True,0.8309352993965149,0.8309352993965149,False,False,True,0.0,1.0,0.0,0.0,0,0.0,1022,49.90234375,True,True,0,0,0,True,True,accepted
M1,M1_20mA_40C_0,frame_0104.png,0.8259766101837158,True,,True,0.8259766101837158,0.8259766101837158,False,False,True,0.0,1.0,0.0,0.0,0,0.0,1022,49.90234375,True,True,0,0,0,True,True,accepted
M1,M1_20mA_40C_0,frame_0119.png,0.8142092823982239,True,,True,0.8142092823982239,0.8142092823982239,False,False,True,0.0,1.0,0.0,0.0,19,0.00927734375,1025,50.048828125,True,True,1,0,19,True,True,accepted
M1,M1_20mA_40C_0,frame_0121.png,0.8148136734962463,True,,True,0.8148136734962463,0.8148136734962463,False,False,True,0.0,1.0,0.0,0.0,2,0.0009765625,1022,49.90234375,True,True,1,0,2,True,True,accepted
M1,M1_20mA_40C_0,frame_0136.png,0.7814045548439026,True,,True,0.7814045548439026,0.7814045548439026,False,False,True,0.0,1.0,0.0,0.0,4,0.001953125,1026,50.09765625,True,True,1,0,4,True,True,accepted
M1,M1_20mA_40C_0,frame_0137.png,0.8201714158058167,True,,True,0.8201714158058167,0.8201714158058167,False,False,True,0.0,1.0,0.0,0.0,0,0.0,1022,49.90234375,True,True,0,0,0,True,True,accepted
M1,M1_20mA_40C_0,frame_0139.png,0.8286835551261902,True,,True,0.8286835551261902,0.8286835551261902,False,False,True,0.0,1.0,0.0,0.0,0,0.0,1022,49.90234375,True,True,0,0,0,True,True,accepted
M1,M1_20mA_40C_0,frame_0143.png,0.7800518274307251,True,,True,0.7800518274307251,0.7800518274307251,False,False,True,0.0,1.0,0.0,0.0,3,0.00146484375,1023,49.951171875,True,True,1,0,3,True,True,accepted
M1,M1_20mA_40C_0,frame_0144.png,0.8247833251953125,True,,True,0.8247833251953125,0.8247833251953125,False,False,True,0.0,1.0,0.0,0.0,0,0.0,1022,49.90234375,True,True,0,0,0,True,True,accepted
M1,M1_20mA_40C_0,frame_0151.png,0.8248535394668579,True,,True,0.8248535394668579,0.8248535394668579,False,False,True,0.0,1.0,0.0,0.0,0,0.0,1022,49.90234375,True,True,0,0,0,True,True,accepted
M1,M1_20mA_40C_0,frame_0152.png,0.807755172252655,True,,True,0.807755172252655,0.807755172252655,False,False,True,0.0,1.0,0.0,0.0,9,0.00439453125,1025,50.048828125,True,True,1,0,9,True,True,accepted
M1,M1_20mA_40C_0,frame_0153.png,0.8197460770606995,True,,True,0.8197460770606995,0.8197460770606995,False,False,True,0.0,1.0,0.0,0.0,1,0.00048828125,1021,49.853515625,True,True,1,0,1,True,True,accepted
M1,M1_20mA_40C_0,frame_0160.png,0.8078014850616455,True,,True,0.8078014850616455,0.8078014850616455,False,False,True,0.0,1.0,0.0,0.0,0,0.0,1022,49.90234375,True,True,0,0,0,True,True,accepted
M1,M1_20mA_40C_0,frame_0164.png,0.8076882362365723,True,,True,0.8076882362365723,0.8076882362365723,False,False,True,0.0,1.0,0.0,0.0,0,0.0,1022,49.90234375,True,True,0,0,0,True,True,accepted
M1,M1_20mA_40C_0,frame_0168.png,0.8134558200836182,True,,True,0.8134558200836182,0.8134558200836182,False,False,True,0.0,1.0,0.0,0.0,1,0.00048828125,1023,49.951171875,True,True,1,0,1,True,True,accepted
M1,M1_20mA_40C_0,frame_0173.png,0.7918601632118225,True,,True,0.7918601632118225,0.7918601632118225,False,False,True,0.0,1.0,0.0,0.0,0,0.0,1022,49.90234375,True,True,0,0,0,True,True,accepted
M1,M1_20mA_40C_0,frame_0181.png,0.8292348384857178,True,,True,0.8292348384857178,0.8292348384857178,False,False,True,0.0,1.0,0.0,0.0,2,0.0009765625,1022,49.90234375,True,True,1,0,2,True,True,accepted
M1,M1_20mA_40C_0,frame_0195.png,0.7979170680046082,True,,True,0.7979170680046082,0.7979170680046082,False,False,True,0.0,1.0,0.0,0.0,1,0.00048828125,1023,49.951171875,True,True,1,0,1,True,True,accepted
M1,M1_20mA_40C_0,frame_0200.png,0.8141281008720398,True,,True,0.8141281008720398,0.8141281008720398,False,False,True,0.0,1.0,0.0,0.0,11,0.00537109375,1029,50.244140625,True,True,1,0,11,True,True,accepted
M1,M1_30mA_20C_0,frame_0027.png,0.8293180465698242,True,,True,0.8293180465698242,0.8293180465698242,False,False,True,0.0,1.0,0.0,0.0,2,0.0009765625,1020,49.8046875,True,True,1,0,2,True,True,accepted
M1,M1_30mA_20C_0,frame_0028.png,0.7922232151031494,True,,True,0.7922232151031494,0.7922232151031494,False,False,True,0.0,1.0,0.0,0.0,1,0.00048828125,1021,49.853515625,True,True,1,0,1,True,True,accepted
M1,M1_30mA_20C_0,frame_0029.png,0.8289636969566345,True,,True,0.8289636969566345,0.8289636969566345,False,False,True,0.0,1.0,0.0,0.0,2,0.0009765625,1022,49.90234375,True,True,1,0,2,True,True,accepted
M1,M1_30mA_20C_0,frame_0031.png,0.7977837920188904,True,,True,0.7977837920188904,0.7977837920188904,False,False,True,0.0,1.0,0.0,0.0,1,0.00048828125,1023,49.951171875,True,True,1,0,1,True,True,accepted
M1,M1_30mA_20C_0,frame_0039.png,0.8248572945594788,True,,True,0.8248572945594788,0.8248572945594788,False,False,True,0.0,1.0,0.0,0.0,0,0.0,1022,49.90234375,True,True,0,0,0,True,True,accepted
M1,M1_30mA_20C_0,frame_0044.png,0.8242311477661133,True,,True,0.8242311477661133,0.8242311477661133,False,False,True,0.0,1.0,0.0,0.0,5,0.00244140625,1027,50.146484375,True,True,1,0,5,True,True,accepted
M1,M1_30mA_20C_0,frame_0048.png,0.8188873529434204,True,,True,0.8188873529434204,0.8188873529434204,False,False,True,0.0,1.0,0.0,0.0,0,0.0,1022,49.90234375,True,True,0,0,0,True,True,accepted
M1,M1_30mA_20C_0,frame_0053.png,0.8238663673400879,True,,True,0.8238663673400879,0.8238663673400879,False,False,True,0.0,1.0,0.0,0.0,0,0.0,1022,49.90234375,True,True,0,0,0,True,True,accepted
M1,M1_30mA_20C_0,frame_0058.png,0.8118382692337036,True,,True,0.8118382692337036,0.8118382692337036,False,False,True,0.0,1.0,0.0,0.0,0,0.0,1022,49.90234375,True,True,0,0,0,True,True,accepted
M1,M1_30mA_20C_0,frame_0063.png,0.8270345330238342,True,,True,0.8270345330238342,0.8270345330238342,False,False,True,0.0,1.0,0.0,0.0,0,0.0,1022,49.90234375,True,True,0,0,0,True,True,accepted
M1,M1_30mA_20C_0,frame_0066.png,0.8314893841743469,True,,True,0.8314893841743469,0.8314893841743469,False,False,True,0.0,1.0,0.0,0.0,0,0.0,1022,49.90234375,True,True,0,0,0,True,True,accepted
M1,M1_30mA_20C_0,frame_0067.png,0.7757381200790405,True,,True,0.7757381200790405,0.7757381200790405,False,False,True,0.0,1.0,0.0,0.0,9,0.00439453125,1021,49.853515625,True,True,1,0,9,True,True,accepted
M1,M1_30mA_20C_0,frame_0068.png,0.7852270007133484,True,,True,0.7852270007133484,0.7852270007133484,False,False,True,0.0,1.0,0.0,0.0,0,0.0,1022,49.90234375,True,True,0,0,0,True,True,accepted
M1,M1_30mA_20C_0,frame_0069.png,0.7970818877220154,True,,True,0.7970818877220154,0.7970818877220154,False,False,True,0.0,1.0,0.0,0.0,6,0.0029296875,1020,49.8046875,True,True,1,0,6,True,True,accepted
M1,M1_30mA_20C_0,frame_0071.png,0.7618141174316406,True,,True,0.7618141174316406,0.7618141174316406,False,False,True,0.0,1.0,0.0,0.0,19,0.00927734375,1021,49.853515625,True,True,2,0,19,True,True,accepted
M1,M1_30mA_20C_0,frame_0075.png,0.813499391078949,True,,True,0.813499391078949,0.813499391078949,False,False,True,0.0,1.0,0.0,0.0,1,0.00048828125,1021,49.853515625,True,True,1,0,1,True,True,accepted
M1,M1_30mA_20C_0,frame_0076.png,0.7997856140136719,True,,True,0.7997856140136719,0.7997856140136719,False,False,True,0.0,1.0,0.0,0.0,0,0.0,1022,49.90234375,True,True,0,0,0,True,True,accepted
M1,M1_30mA_20C_0,frame_0078.png,0.828607439994812,True,,True,0.828607439994812,0.828607439994812,False,False,True,0.0,1.0,0.0,0.0,1,0.00048828125,1023,49.951171875,True,True,1,0,1,True,True,accepted
M1,M1_30mA_20C_0,frame_0086.png,0.819532036781311,True,,True,0.819532036781311,0.819532036781311,False,False,True,0.0,1.0,0.0,0.0,5,0.00244140625,1021,49.853515625,True,True,1,0,5,True,True,accepted
M1,M1_30mA_20C_0,frame_0091.png,0.837088406085968,True,,True,0.837088406085968,0.837088406085968,False,False,True,0.0,1.0,0.0,0.0,0,0.0,1022,49.90234375,True,True,0,0,0,True,True,accepted
M1,M1_30mA_20C_0,frame_0095.png,0.8131511807441711,True,,True,0.8131511807441711,0.8131511807441711,False,False,True,0.0,1.0,0.0,0.0,0,0.0,1022,49.90234375,True,True,0,0,0,True,True,accepted
M1,M1_30mA_20C_0,frame_0099.png,0.7991960048675537,True,,True,0.7991960048675537,0.7991960048675537,False,False,True,0.0,1.0,0.0,0.0,0,0.0,1022,49.90234375,True,True,0,0,0,True,True,accepted
M1,M1_30mA_20C_0,frame_0104.png,0.7617118954658508,True,,True,0.7617118954658508,0.7617118954658508,False,False,True,0.0,1.0,0.0,0.0,1,0.00048828125,1021,49.853515625,True,True,1,0,1,True,True,accepted
M1,M1_30mA_20C_0,frame_0105.png,0.7952021956443787,True,,True,0.7952021956443787,0.7952021956443787,False,False,True,0.0,1.0,0.0,0.0,3,0.00146484375,1021,49.853515625,True,True,1,0,3,True,True,accepted
M1,M1_30mA_20C_0,frame_0110.png,0.8089544177055359,True,,True,0.8089544177055359,0.8089544177055359,False,False,True,0.0,1.0,0.0,0.0,0,0.0,1022,49.90234375,True,True,0,0,0,True,True,accepted
M1,M1_30mA_20C_0,frame_0119.png,0.783108115196228,True,,True,0.783108115196228,0.783108115196228,False,False,True,0.0,1.0,0.0,0.0,4,0.001953125,1018,49.70703125,True,True,1,0,4,True,True,accepted
M1,M1_30mA_20C_0,frame_0126.png,0.7743759155273438,True,,True,0.7743759155273438,0.7743759155273438,False,False,True,0.0,1.0,0.0,0.0,4,0.001953125,1022,49.90234375,True,True,1,0,4,True,True,accepted
M1,M1_30mA_20C_0,frame_0129.png,0.7435644865036011,True,,True,0.7435644865036011,0.7435644865036011,False,False,True,0.0,1.0,0.0,0.0,2,0.0009765625,1020,49.8046875,True,True,1,0,2,True,True,accepted
M1,M1_30mA_20C_0,frame_0132.png,0.7879947423934937,True,,True,0.7879947423934937,0.7879947423934937,False,False,True,0.0,1.0,0.0,0.0,0,0.0,1022,49.90234375,True,True,0,0,0,True,True,accepted
M1,M1_30mA_20C_0,frame_0138.png,0.8080423474311829,True,,True,0.8080423474311829,0.8080423474311829,False,False,True,0.0,1.0,0.0,0.0,0,0.0,1022,49.90234375,True,True,0,0,0,True,True,accepted
M1,M1_30mA_20C_0,frame_0144.png,0.8163958191871643,True,,True,0.8163958191871643,0.8163958191871643,False,False,True,0.0,1.0,0.0,0.0,0,0.0,1022,49.90234375,True,True,0,0,0,True,True,accepted
M1,M1_30mA_20C_0,frame_0146.png,0.7811448574066162,True,,True,0.7811448574066162,0.7811448574066162,False,False,True,0.0,1.0,0.0,0.0,1,0.00048828125,1021,49.853515625,True,True,1,0,1,True,True,accepted
M1,M1_30mA_20C_0,frame_0147.png,0.8201478719711304,True,,True,0.8201478719711304,0.8201478719711304,False,False,True,0.0,1.0,0.0,0.0,17,0.00830078125,1021,49.853515625,True,True,1,0,17,True,True,accepted
M1,M1_30mA_20C_0,frame_0152.png,0.8205195665359497,True,,True,0.8205195665359497,0.8205195665359497,False,False,True,0.0,1.0,0.0,0.0,0,0.0,1022,49.90234375,True,True,0,0,0,True,True,accepted
M1,M1_30mA_20C_0,frame_0159.png,0.8088484406471252,True,,True,0.8088484406471252,0.8088484406471252,False,False,True,0.0,1.0,0.0,0.0,0,0.0,1022,49.90234375,True,True,0,0,0,True,True,accepted
M1,M1_30mA_20C_0,frame_0161.png,0.8234995603561401,True,,True,0.8234995603561401,0.8234995603561401,False,False,True,0.0,1.0,0.0,0.0,8,0.00390625,1026,50.09765625,True,True,1,0,8,True,True,accepted
M1,M1_30mA_20C_0,frame_0166.png,0.8262715339660645,True,,True,0.8262715339660645,0.8262715339660645,False,False,True,0.0,1.0,0.0,0.0,0,0.0,1022,49.90234375,True,True,0,0,0,True,True,accepted
M1,M1_30mA_20C_0,frame_0168.png,0.8280950784683228,True,,True,0.8280950784683228,0.8280950784683228,False,False,True,0.0,1.0,0.0,0.0,0,0.0,1022,49.90234375,True,True,0,0,0,True,True,accepted
M1,M1_30mA_20C_0,frame_0171.png,0.8190567493438721,True,,True,0.8190567493438721,0.8190567493438721,False,False,True,0.0,1.0,0.0,0.0,1,0.00048828125,1021,49.853515625,True,True,1,0,1,True,True,accepted
M1,M1_30mA_20C_0,frame_0174.png,0.7525944113731384,True,,True,0.7525944113731384,0.7525944113731384,False,False,True,0.0,1.0,0.0,0.0,1,0.00048828125,1021,49.853515625,True,True,1,0,1,True,True,accepted
M1,M1_30mA_20C_0,frame_0176.png,0.8337059020996094,True,,True,0.8337059020996094,0.8337059020996094,False,False,True,0.0,1.0,0.0,0.0,0,0.0,1022,49.90234375,True,True,0,0,0,True,True,accepted
M1,M1_30mA_20C_0,frame_0184.png,0.8017866015434265,True,,True,0.8017866015434265,0.8017866015434265,False,False,True,0.0,1.0,0.0,0.0,13,0.00634765625,1021,49.853515625,True,True,1,0,13,True,True,accepted
M1,M1_30mA_20C_0,frame_0189.png,0.7913336753845215,True,,True,0.7913336753845215,0.7913336753845215,False,False,True,0.0,1.0,0.0,0.0,0,0.0,1022,49.90234375,True,True,0,0,0,True,True,accepted
M1,M1_30mA_20C_0,frame_0197.png,0.7459873557090759,True,,True,0.7459873557090759,0.7459873557090759,False,False,True,0.0,1.0,0.0,0.0,27,0.01318359375,1023,49.951171875,True,True,2,0,27,True,True,accepted
M1,M1_30mA_20C_0,frame_0199.png,0.7696640491485596,True,,True,0.7696640491485596,0.7696640491485596,False,False,True,0.0,1.0,0.0,0.0,13,0.00634765625,1027,50.146484375,True,True,1,0,13,True,True,accepted
M1,M1_30mA_30C_0,frame_0020.png,0.7745984196662903,True,,True,0.7745984196662903,0.7745984196662903,False,False,True,0.0,1.0,0.0,0.0,0,0.0,1022,49.90234375,True,True,0,0,0,True,True,accepted
M1,M1_30mA_30C_0,frame_0023.png,0.820925772190094,True,,True,0.820925772190094,0.820925772190094,False,False,True,0.0,1.0,0.0,0.0,34,0.0166015625,1016,49.609375,True,True,1,0,34,True,True,accepted
M1,M1_30mA_30C_0,frame_0024.png,0.8158685564994812,True,,True,0.8158685564994812,0.8158685564994812,False,False,True,0.0,1.0,0.0,0.0,0,0.0,1022,49.90234375,True,True,0,0,0,True,True,accepted
M1,M1_30mA_30C_0,frame_0032.png,0.8274656534194946,True,,True,0.8274656534194946,0.8274656534194946,False,False,True,0.0,1.0,0.0,0.0,0,0.0,1022,49.90234375,True,True,0,0,0,True,True,accepted
M1,M1_30mA_30C_0,frame_0033.png,0.8141776323318481,True,,True,0.8141776323318481,0.8141776323318481,False,False,True,0.0,1.0,0.0,0.0,0,0.0,1022,49.90234375,True,True,0,0,0,True,True,accepted
M1,M1_30mA_30C_0,frame_0034.png,0.8220431804656982,True,,True,0.8220431804656982,0.8220431804656982,False,False,True,0.0,1.0,0.0,0.0,0,0.0,1022,49.90234375,True,True,0,0,0,True,True,accepted
M1,M1_30mA_30C_0,frame_0041.png,0.8112110495567322,True,,True,0.8112110495567322,0.8112110495567322,False,False,True,0.0,1.0,0.0,0.0,0,0.0,1022,49.90234375,True,True,0,0,0,True,True,accepted
M1,M1_30mA_30C_0,frame_0044.png,0.809959888458252,True,,True,0.809959888458252,0.809959888458252,False,False,True,0.0,1.0,0.0,0.0,0,0.0,1022,49.90234375,True,True,0,0,0,True,True,accepted
M1,M1_30mA_30C_0,frame_0063.png,0.7976694703102112,True,,True,0.7976694703102112,0.7976694703102112,False,False,True,0.0,1.0,0.0,0.0,1,0.00048828125,1023,49.951171875,True,True,1,0,1,True,True,accepted
M1,M1_30mA_30C_0,frame_0067.png,0.7928951382637024,True,,True,0.7928951382637024,0.7928951382637024,False,False,True,0.0,1.0,0.0,0.0,0,0.0,1022,49.90234375,True,True,0,0,0,True,True,accepted
M1,M1_30mA_30C_0,frame_0070.png,0.8096399903297424,True,,True,0.8096399903297424,0.8096399903297424,False,False,True,0.0,1.0,0.0,0.0,0,0.0,1022,49.90234375,True,True,0,0,0,True,True,accepted
M1,M1_30mA_30C_0,frame_0072.png,0.8344517350196838,True,,True,0.8344517350196838,0.8344517350196838,False,False,True,0.0,1.0,0.0,0.0,0,0.0,1022,49.90234375,True,True,0,0,0,True,True,accepted
M1,M1_30mA_30C_0,frame_0076.png,0.8252743482589722,True,,True,0.8252743482589722,0.8252743482589722,False,False,True,0.0,1.0,0.0,0.0,1,0.00048828125,1023,49.951171875,True,True,1,0,1,True,True,accepted
M1,M1_30mA_30C_0,frame_0078.png,0.8015570640563965,True,,True,0.8015570640563965,0.8015570640563965,False,False,True,0.0,1.0,0.0,0.0,0,0.0,1022,49.90234375,True,True,0,0,0,True,True,accepted
M1,M1_30mA_30C_0,frame_0081.png,0.7834882140159607,True,,True,0.7834882140159607,0.7834882140159607,False,False,True,0.0,1.0,0.0,0.0,0,0.0,1022,49.90234375,True,True,0,0,0,True,True,accepted
M1,M1_30mA_30C_0,frame_0082.png,0.8220331072807312,True,,True,0.8220331072807312,0.8220331072807312,False,False,True,0.0,1.0,0.0,0.0,0,0.0,1022,49.90234375,True,True,0,0,0,True,True,accepted
M1,M1_30mA_30C_0,frame_0084.png,0.7966182231903076,True,,True,0.7966182231903076,0.7966182231903076,False,False,True,0.0,1.0,0.0,0.0,0,0.0,1022,49.90234375,True,True,0,0,0,True,True,accepted
M1,M1_30mA_30C_0,frame_0096.png,0.7915090918540955,True,,True,0.7915090918540955,0.7915090918540955,False,False,True,0.0,1.0,0.0,0.0,0,0.0,1022,49.90234375,True,True,0,0,0,True,True,accepted
M1,M1_30mA_30C_0,frame_0097.png,0.8114504814147949,True,,True,0.8114504814147949,0.8114504814147949,False,False,True,0.0,1.0,0.0,0.0,0,0.0,1022,49.90234375,True,True,0,0,0,True,True,accepted
M1,M1_30mA_30C_0,frame_0100.png,0.8155183792114258,True,,True,0.8155183792114258,0.8155183792114258,False,False,True,0.0,1.0,0.0,0.0,2,0.0009765625,1022,49.90234375,True,True,1,0,2,True,True,accepted
M1,M1_30mA_30C_0,frame_0110.png,0.7728305459022522,True,,True,0.7728305459022522,0.7728305459022522,False,False,True,0.0,1.0,0.0,0.0,0,0.0,1022,49.90234375,True,True,0,0,0,True,True,accepted
M1,M1_30mA_30C_0,frame_0112.png,0.8112624287605286,True,,True,0.8112624287605286,0.8112624287605286,False,False,True,0.0,1.0,0.0,0.0,0,0.0,1022,49.90234375,True,True,0,0,0,True,True,accepted
M1,M1_30mA_30C_0,frame_0113.png,0.836740255355835,True,,True,0.836740255355835,0.836740255355835,False,False,True,0.0,1.0,0.0,0.0,1,0.00048828125,1023,49.951171875,True,True,1,0,1,True,True,accepted
M1,M1_30mA_30C_0,frame_0117.png,0.8139746785163879,True,,True,0.8139746785163879,0.8139746785163879,False,False,True,0.0,1.0,0.0,0.0,1,0.00048828125,1023,49.951171875,True,True,1,0,1,True,True,accepted
M1,M1_30mA_30C_0,frame_0119.png,0.8046611547470093,True,,True,0.8046611547470093,0.8046611547470093,False,False,True,0.0,1.0,0.0,0.0,0,0.0,1022,49.90234375,True,True,0,0,0,True,True,accepted
M1,M1_30mA_30C_0,frame_0121.png,0.830816924571991,True,,True,0.830816924571991,0.830816924571991,False,False,True,0.0,1.0,0.0,0.0,0,0.0,1022,49.90234375,True,True,0,0,0,True,True,accepted
M1,M1_30mA_30C_0,frame_0131.png,0.8243253827095032,True,,True,0.8243253827095032,0.8243253827095032,False,False,True,0.0,1.0,0.0,0.0,0,0.0,1022,49.90234375,True,True,0,0,0,True,True,accepted
M1,M1_30mA_30C_0,frame_0138.png,0.8006696701049805,True,,True,0.8006696701049805,0.8006696701049805,False,False,True,0.0,1.0,0.0,0.0,0,0.0,1022,49.90234375,True,True,0,0,0,True,True,accepted
M1,M1_30mA_30C_0,frame_0142.png,0.7590944766998291,True,,True,0.7590944766998291,0.7590944766998291,False,False,True,0.0,1.0,0.0,0.0,4,0.001953125,1020,49.8046875,True,True,1,0,4,True,True,accepted
M1,M1_30mA_30C_0,frame_0143.png,0.7986414432525635,True,,True,0.7986414432525635,0.7986414432525635,False,False,True,0.0,1.0,0.0,0.0,0,0.0,1022,49.90234375,True,True,0,0,0,True,True,accepted
M1,M1_30mA_30C_0,frame_0149.png,0.8266386389732361,True,,True,0.8266386389732361,0.8266386389732361,False,False,True,0.0,1.0,0.0,0.0,0,0.0,1022,49.90234375,True,True,0,0,0,True,True,accepted
M1,M1_30mA_30C_0,frame_0152.png,0.8345620036125183,True,,True,0.8345620036125183,0.8345620036125183,False,False,True,0.0,1.0,0.0,0.0,0,0.0,1022,49.90234375,True,True,0,0,0,True,True,accepted
M1,M1_30mA_30C_0,frame_0153.png,0.7801137566566467,True,,True,0.7801137566566467,0.7801137566566467,False,False,True,0.0,1.0,0.0,0.0,1,0.00048828125,1023,49.951171875,True,True,1,0,1,True,True,accepted
M1,M1_30mA_30C_0,frame_0156.png,0.8115503787994385,True,,True,0.8115503787994385,0.8115503787994385,False,False,True,0.0,1.0,0.0,0.0,0,0.0,1022,49.90234375,True,True,0,0,0,True,True,accepted
M1,M1_30mA_30C_0,frame_0157.png,0.7884544134140015,True,,True,0.7884544134140015,0.7884544134140015,False,False,True,0.0,1.0,0.0,0.0,0,0.0,1022,49.90234375,True,True,0,0,0,True,True,accepted
M1,M1_30mA_30C_0,frame_0162.png,0.8060343861579895,True,,True,0.8060343861579895,0.8060343861579895,False,False,True,0.0,1.0,0.0,0.0,0,0.0,1022,49.90234375,True,True,0,0,0,True,True,accepted
M1,M1_30mA_30C_0,frame_0164.png,0.8115645051002502,True,,True,0.8115645051002502,0.8115645051002502,False,False,True,0.0,1.0,0.0,0.0,0,0.0,1022,49.90234375,True,True,0,0,0,True,True,accepted
M1,M1_30mA_30C_0,frame_0172.png,0.8233025074005127,True,,True,0.8233025074005127,0.8233025074005127,False,False,True,0.0,1.0,0.0,0.0,0,0.0,1022,49.90234375,True,True,0,0,0,True,True,accepted
M1,M1_30mA_30C_0,frame_0179.png,0.8218730688095093,True,,True,0.8218730688095093,0.8218730688095093,False,False,True,0.0,1.0,0.0,0.0,0,0.0,1022,49.90234375,True,True,0,0,0,True,True,accepted
M1,M1_30mA_30C_0,frame_0181.png,0.8084875345230103,True,,True,0.8084875345230103,0.8084875345230103,False,False,True,0.0,1.0,0.0,0.0,0,0.0,1022,49.90234375,True,True,0,0,0,True,True,accepted
M1,M1_30mA_30C_0,frame_0183.png,0.8352119326591492,True,,True,0.8352119326591492,0.8352119326591492,False,False,True,0.0,1.0,0.0,0.0,0,0.0,1022,49.90234375,True,True,0,0,0,True,True,accepted
M1,M1_30mA_30C_0,frame_0189.png,0.8130166530609131,True,,True,0.8130166530609131,0.8130166530609131,False,False,True,0.0,1.0,0.0,0.0,0,0.0,1022,49.90234375,True,True,0,0,0,True,True,accepted
M1,M1_30mA_30C_0,frame_0190.png,0.7321546673774719,True,,True,0.7321546673774719,0.7321546673774719,False,False,True,0.0,1.0,0.0,0.0,49,0.02392578125,1023,49.951171875,True,True,2,0,49,True,True,accepted
M1,M1_30mA_30C_0,frame_0193.png,0.7690353989601135,True,,True,0.7690353989601135,0.7690353989601135,False,False,True,0.0,1.0,0.0,0.0,2,0.0009765625,1024,50.0,True,True,1,0,2,True,True,accepted
M1,M1_30mA_30C_0,frame_0194.png,0.794569194316864,True,,True,0.794569194316864,0.794569194316864,False,False,True,0.0,1.0,0.0,0.0,2,0.0009765625,1024,50.0,True,True,1,0,2,True,True,accepted
M1,M1_30mA_40C_0,frame_0034.png,0.7938878536224365,True,,True,0.7938878536224365,0.7938878536224365,False,False,True,0.0,1.0,0.0,0.0,0,0.0,1022,49.90234375,True,True,0,0,0,True,True,accepted
M1,M1_30mA_40C_0,frame_0041.png,0.7905376553535461,True,,True,0.7905376553535461,0.7905376553535461,False,False,True,0.0,1.0,0.0,0.0,0,0.0,1022,49.90234375,True,True,0,0,0,True,True,accepted
M1,M1_30mA_40C_0,frame_0042.png,0.7900778651237488,True,,True,0.7900778651237488,0.7900778651237488,False,False,True,0.0,1.0,0.0,0.0,0,0.0,1022,49.90234375,True,True,0,0,0,True,True,accepted
M1,M1_30mA_40C_0,frame_0043.png,0.8021478056907654,True,,True,0.8021478056907654,0.8021478056907654,False,False,True,0.0,1.0,0.0,0.0,0,0.0,1022,49.90234375,True,True,0,0,0,True,True,accepted
M1,M1_30mA_40C_0,frame_0044.png,0.782899022102356,True,,True,0.782899022102356,0.782899022102356,False,False,True,0.0,1.0,0.0,0.0,0,0.0,1022,49.90234375,True,True,0,0,0,True,True,accepted
M1,M1_30mA_40C_0,frame_0058.png,0.8015257716178894,True,,True,0.8015257716178894,0.8015257716178894,False,False,True,0.0,1.0,0.0,0.0,0,0.0,1022,49.90234375,True,True,0,0,0,True,True,accepted
M1,M1_30mA_40C_0,frame_0059.png,0.8104109764099121,True,,True,0.8104109764099121,0.8104109764099121,False,False,True,0.0,1.0,0.0,0.0,0,0.0,1022,49.90234375,True,True,0,0,0,True,True,accepted
M1,M1_30mA_40C_0,frame_0065.png,0.831228494644165,True,,True,0.831228494644165,0.831228494644165,False,False,True,0.0,1.0,0.0,0.0,0,0.0,1022,49.90234375,True,True,0,0,0,True,True,accepted
M1,M1_30mA_40C_0,frame_0066.png,0.8171094655990601,True,,True,0.8171094655990601,0.8171094655990601,False,False,True,0.0,1.0,0.0,0.0,0,0.0,1022,49.90234375,True,True,0,0,0,True,True,accepted
M1,M1_30mA_40C_0,frame_0069.png,0.810774028301239,True,,True,0.810774028301239,0.810774028301239,False,False,True,0.0,1.0,0.0,0.0,0,0.0,1022,49.90234375,True,True,0,0,0,True,True,accepted
M1,M1_30mA_40C_0,frame_0070.png,0.7954623699188232,True,,True,0.7954623699188232,0.7954623699188232,False,False,True,0.0,1.0,0.0,0.0,2,0.0009765625,1024,50.0,True,True,1,0,2,True,True,accepted
M1,M1_30mA_40C_0,frame_0073.png,0.7801308035850525,True,,True,0.7801308035850525,0.7801308035850525,False,False,True,0.0,1.0,0.0,0.0,0,0.0,1022,49.90234375,True,True,0,0,0,True,True,accepted
M1,M1_30mA_40C_0,frame_0083.png,0.8422923684120178,True,,True,0.8422923684120178,0.8422923684120178,False,False,True,0.0,1.0,0.0,0.0,0,0.0,1022,49.90234375,True,True,0,0,0,True,True,accepted
M1,M1_30mA_40C_0,frame_0092.png,0.8192493319511414,True,,True,0.8192493319511414,0.8192493319511414,False,False,True,0.0,1.0,0.0,0.0,0,0.0,1022,49.90234375,True,True,0,0,0,True,True,accepted
M1,M1_30mA_40C_0,frame_0093.png,0.8213275074958801,True,,True,0.8213275074958801,0.8213275074958801,False,False,True,0.0,1.0,0.0,0.0,0,0.0,1022,49.90234375,True,True,0,0,0,True,True,accepted
M1,M1_30mA_40C_0,frame_0095.png,0.7551449537277222,True,,True,0.7551449537277222,0.7551449537277222,False,False,True,0.0,1.0,0.0,0.0,0,0.0,1022,49.90234375,True,True,0,0,0,True,True,accepted
M1,M1_30mA_40C_0,frame_0099.png,0.8327028751373291,True,,True,0.8327028751373291,0.8327028751373291,False,False,True,0.0,1.0,0.0,0.0,0,0.0,1022,49.90234375,True,True,0,0,0,True,True,accepted
M1,M1_30mA_40C_0,frame_0101.png,0.8073430061340332,True,,True,0.8073430061340332,0.8073430061340332,False,False,True,0.0,1.0,0.0,0.0,0,0.0,1022,49.90234375,True,True,0,0,0,True,True,accepted
M1,M1_30mA_40C_0,frame_0105.png,0.7918510437011719,True,,True,0.7918510437011719,0.7918510437011719,False,False,True,0.0,1.0,0.0,0.0,0,0.0,1022,49.90234375,True,True,0,0,0,True,True,accepted
M1,M1_30mA_40C_0,frame_0108.png,0.8298178911209106,True,,True,0.8298178911209106,0.8298178911209106,False,False,True,0.0,1.0,0.0,0.0,0,0.0,1022,49.90234375,True,True,0,0,0,True,True,accepted
M1,M1_30mA_40C_0,frame_0115.png,0.7729331254959106,True,,True,0.7729331254959106,0.7729331254959106,False,False,True,0.0,1.0,0.0,0.0,1,0.00048828125,1023,49.951171875,True,True,1,0,1,True,True,accepted
M1,M1_30mA_40C_0,frame_0117.png,0.7949811816215515,True,,True,0.7949811816215515,0.7949811816215515,False,False,True,0.0,1.0,0.0,0.0,0,0.0,1022,49.90234375,True,True,0,0,0,True,True,accepted
M1,M1_30mA_40C_0,frame_0118.png,0.78914475440979,True,,True,0.78914475440979,0.78914475440979,False,False,True,0.0,1.0,0.0,0.0,11,0.00537109375,1021,49.853515625,True,True,1,0,11,True,True,accepted
M1,M1_30mA_40C_0,frame_0120.png,0.8047760128974915,True,,True,0.8047760128974915,0.8047760128974915,False,False,True,0.0,1.0,0.0,0.0,0,0.0,1022,49.90234375,True,True,0,0,0,True,True,accepted
M1,M1_30mA_40C_0,frame_0121.png,0.8160285353660583,True,,True,0.8160285353660583,0.8160285353660583,False,False,True,0.0,1.0,0.0,0.0,0,0.0,1022,49.90234375,True,True,0,0,0,True,True,accepted
M1,M1_30mA_40C_0,frame_0125.png,0.8159671425819397,True,,True,0.8159671425819397,0.8159671425819397,False,False,True,0.0,1.0,0.0,0.0,0,0.0,1022,49.90234375,True,True,0,0,0,True,True,accepted
M1,M1_30mA_40C_0,frame_0126.png,0.81764817237854,True,,True,0.81764817237854,0.81764817237854,False,False,True,0.0,1.0,0.0,0.0,0,0.0,1022,49.90234375,True,True,0,0,0,True,True,accepted
M1,M1_30mA_40C_0,frame_0127.png,0.8027513027191162,True,,True,0.8027513027191162,0.8027513027191162,False,False,True,0.0,1.0,0.0,0.0,0,0.0,1022,49.90234375,True,True,0,0,0,True,True,accepted
M1,M1_30mA_40C_0,frame_0128.png,0.7578904032707214,True,,True,0.7578904032707214,0.7578904032707214,False,False,True,0.0,1.0,0.0,0.0,132,0.064453125,1038,50.68359375,True,True,3,0,132,True,True,accepted
M1,M1_30mA_40C_0,frame_0131.png,0.815120279788971,True,,True,0.815120279788971,0.815120279788971,False,False,True,0.0,1.0,0.0,0.0,0,0.0,1022,49.90234375,True,True,0,0,0,True,True,accepted
M1,M1_30mA_40C_0,frame_0134.png,0.7702469229698181,True,,True,0.7702469229698181,0.7702469229698181,False,False,True,0.0,1.0,0.0,0.0,0,0.0,1022,49.90234375,True,True,0,0,0,True,True,accepted
M1,M1_30mA_40C_0,frame_0137.png,0.7810316681861877,True,,True,0.7810316681861877,0.7810316681861877,False,False,True,0.0,1.0,0.0,0.0,1,0.00048828125,1021,49.853515625,True,True,1,0,1,True,True,accepted
M1,M1_30mA_40C_0,frame_0144.png,0.7743532061576843,True,,True,0.7743532061576843,0.7743532061576843,False,False,True,0.0,1.0,0.0,0.0,1,0.00048828125,1021,49.853515625,True,True,1,0,1,True,True,accepted
M1,M1_30mA_40C_0,frame_0154.png,0.8206238746643066,True,,True,0.8206238746643066,0.8206238746643066,False,False,True,0.0,1.0,0.0,0.0,0,0.0,1022,49.90234375,True,True,0,0,0,True,True,accepted
M1,M1_30mA_40C_0,frame_0159.png,0.744530975818634,True,,True,0.744530975818634,0.744530975818634,False,False,True,0.0,1.0,0.0,0.0,5,0.00244140625,1019,49.755859375,True,True,1,0,5,True,True,accepted
M1,M1_30mA_40C_0,frame_0168.png,0.8000340461730957,True,,True,0.8000340461730957,0.8000340461730957,False,False,True,0.0,1.0,0.0,0.0,0,0.0,1022,49.90234375,True,True,0,0,0,True,True,accepted
M1,M1_30mA_40C_0,frame_0171.png,0.8110226392745972,True,,True,0.8110226392745972,0.8110226392745972,False,False,True,0.0,1.0,0.0,0.0,0,0.0,1022,49.90234375,True,True,0,0,0,True,True,accepted
M1,M1_30mA_40C_0,frame_0172.png,0.7928805947303772,True,,True,0.7928805947303772,0.7928805947303772,False,False,True,0.0,1.0,0.0,0.0,2,0.0009765625,1024,50.0,True,True,1,0,2,True,True,accepted
M1,M1_30mA_40C_0,frame_0173.png,0.807981014251709,True,,True,0.807981014251709,0.807981014251709,False,False,True,0.0,1.0,0.0,0.0,0,0.0,1022,49.90234375,True,True,0,0,0,True,True,accepted
M1,M1_30mA_40C_0,frame_0174.png,0.810433566570282,True,,True,0.810433566570282,0.810433566570282,False,False,True,0.0,1.0,0.0,0.0,0,0.0,1022,49.90234375,True,True,0,0,0,True,True,accepted
M1,M1_30mA_40C_0,frame_0179.png,0.8253635168075562,True,,True,0.8253635168075562,0.8253635168075562,False,False,True,0.0,1.0,0.0,0.0,0,0.0,1022,49.90234375,True,True,0,0,0,True,True,accepted
M1,M1_30mA_40C_0,frame_0188.png,0.82215815782547,True,,True,0.82215815782547,0.82215815782547,False,False,True,0.0,1.0,0.0,0.0,0,0.0,1022,49.90234375,True,True,0,0,0,True,True,accepted
M1,M1_30mA_40C_0,frame_0189.png,0.8219498991966248,True,,True,0.8219498991966248,0.8219498991966248,False,False,True,0.0,1.0,0.0,0.0,0,0.0,1022,49.90234375,True,True,0,0,0,True,True,accepted
M1,M1_30mA_40C_0,frame_0193.png,0.8113440275192261,True,,True,0.8113440275192261,0.8113440275192261,False,False,True,0.0,1.0,0.0,0.0,0,0.0,1022,49.90234375,True,True,0,0,0,True,True,accepted
M1,M1_30mA_40C_0,frame_0196.png,0.7950074076652527,True,,True,0.7950074076652527,0.7950074076652527,False,False,True,0.0,1.0,0.0,0.0,0,0.0,1022,49.90234375,True,True,0,0,0,True,True,accepted
M2,M2_10mA_20C_0,frame_0025.png,0.8392838835716248,True,,True,0.8392838835716248,0.8392838835716248,False,False,True,0.0,1.0,0.0,0.0,5,0.00244140625,1037,50.634765625,True,True,1,0,5,True,True,accepted
M2,M2_10mA_20C_0,frame_0026.png,0.7939123511314392,True,,True,0.7939123511314392,0.7939123511314392,False,False,True,0.0,1.0,0.0,0.0,3,0.00146484375,1037,50.634765625,True,True,1,0,3,True,True,accepted
M2,M2_10mA_20C_0,frame_0027.png,0.8062840700149536,True,,True,0.8062840700149536,0.8062840700149536,False,False,True,0.0,1.0,0.0,0.0,8,0.00390625,1038,50.68359375,True,True,1,0,8,True,True,accepted
M2,M2_10mA_20C_0,frame_0037.png,0.8347283601760864,True,,True,0.8347283601760864,0.8347283601760864,False,False,True,0.0,1.0,0.0,0.0,9,0.00439453125,1035,50.537109375,True,True,1,0,9,True,True,accepted
M2,M2_10mA_20C_0,frame_0044.png,0.8223893642425537,True,,True,0.8223893642425537,0.8223893642425537,False,False,True,0.0,1.0,0.0,0.0,7,0.00341796875,1035,50.537109375,True,True,1,0,7,True,True,accepted
M2,M2_10mA_20C_0,frame_0047.png,0.7100270390510559,True,,True,0.7100270390510559,0.7100270390510559,False,False,True,0.0,1.0,0.0,0.0,168,0.08203125,1044,50.9765625,True,True,4,0,168,True,True,accepted
M2,M2_10mA_20C_0,frame_0048.png,0.834326982498169,True,,True,0.834326982498169,0.834326982498169,False,False,True,0.0,1.0,0.0,0.0,15,0.00732421875,1029,50.244140625,True,True,1,0,15,True,True,accepted
M2,M2_10mA_20C_0,frame_0054.png,0.8131875991821289,True,,True,0.8131875991821289,0.8131875991821289,False,False,True,0.0,1.0,0.0,0.0,25,0.01220703125,1031,50.341796875,True,True,1,0,25,True,True,accepted
M2,M2_10mA_20C_0,frame_0061.png,0.8079478144645691,True,,True,0.8079478144645691,0.8079478144645691,False,False,True,0.0,1.0,0.0,0.0,1,0.00048828125,1035,50.537109375,True,True,1,0,1,True,True,accepted
M2,M2_10mA_20C_0,frame_0064.png,0.8386669754981995,True,,True,0.8386669754981995,0.8386669754981995,False,False,True,0.0,1.0,0.0,0.0,3,0.00146484375,1037,50.634765625,True,True,1,0,3,True,True,accepted
M2,M2_10mA_20C_0,frame_0066.png,0.8292281627655029,True,,True,0.8292281627655029,0.8292281627655029,False,False,True,0.0,1.0,0.0,0.0,11,0.00537109375,1033,50.439453125,True,True,1,0,11,True,True,accepted
M2,M2_10mA_20C_0,frame_0069.png,0.8286130428314209,True,,True,0.8286130428314209,0.8286130428314209,False,False,True,0.0,1.0,0.0,0.0,9,0.00439453125,1037,50.634765625,True,True,1,0,9,True,True,accepted
M2,M2_10mA_20C_0,frame_0079.png,0.8197197914123535,True,,True,0.8197197914123535,0.8197197914123535,False,False,True,0.0,1.0,0.0,0.0,28,0.013671875,1042,50.87890625,True,True,1,0,28,True,True,accepted
M2,M2_10mA_20C_0,frame_0080.png,0.8209104537963867,True,,True,0.8209104537963867,0.8209104537963867,False,False,True,0.0,1.0,0.0,0.0,10,0.0048828125,1036,50.5859375,True,True,1,0,10,True,True,accepted
M2,M2_10mA_20C_0,frame_0085.png,0.8368558883666992,True,,True,0.8368558883666992,0.8368558883666992,False,False,True,0.0,1.0,0.0,0.0,2,0.0009765625,1036,50.5859375,True,True,1,0,2,True,True,accepted
M2,M2_10mA_20C_0,frame_0089.png,0.8095067739486694,True,,True,0.8095067739486694,0.8095067739486694,False,False,True,0.0,1.0,0.0,0.0,21,0.01025390625,1037,50.634765625,True,True,1,0,21,True,True,accepted
M2,M2_10mA_20C_0,frame_0094.png,0.8382822871208191,True,,True,0.8382822871208191,0.8382822871208191,False,False,True,0.0,1.0,0.0,0.0,1,0.00048828125,1035,50.537109375,True,True,1,0,1,True,True,accepted
M2,M2_10mA_20C_0,frame_0108.png,0.803297221660614,True,,True,0.803297221660614,0.803297221660614,False,False,True,0.0,1.0,0.0,0.0,58,0.0283203125,1038,50.68359375,True,True,2,0,58,True,True,accepted
M2,M2_10mA_20C_0,frame_0111.png,0.804439902305603,True,,True,0.804439902305603,0.804439902305603,False,False,True,0.0,1.0,0.0,0.0,30,0.0146484375,1032,50.390625,True,True,2,0,30,True,True,accepted
M2,M2_10mA_20C_0,frame_0119.png,0.8024048805236816,True,,True,0.8024048805236816,0.8024048805236816,False,False,True,0.0,1.0,0.0,0.0,11,0.00537109375,1035,50.537109375,True,True,1,0,11,True,True,accepted
M2,M2_10mA_20C_0,frame_0123.png,0.8245638012886047,True,,True,0.8245638012886047,0.8245638012886047,False,False,True,0.0,1.0,0.0,0.0,11,0.00537109375,1037,50.634765625,True,True,1,0,11,True,True,accepted
M2,M2_10mA_20C_0,frame_0125.png,0.8020251393318176,True,,True,0.8020251393318176,0.8020251393318176,False,False,True,0.0,1.0,0.0,0.0,9,0.00439453125,1035,50.537109375,True,True,1,0,9,True,True,accepted
M2,M2_10mA_20C_0,frame_0126.png,0.8359698057174683,True,,True,0.8359698057174683,0.8359698057174683,False,False,True,0.0,1.0,0.0,0.0,2,0.0009765625,1032,50.390625,True,True,1,0,2,True,True,accepted
M2,M2_10mA_20C_0,frame_0127.png,0.7944314479827881,True,,True,0.7944314479827881,0.7944314479827881,False,False,True,0.0,1.0,0.0,0.0,24,0.01171875,1036,50.5859375,True,True,1,0,24,True,True,accepted
M2,M2_10mA_20C_0,frame_0134.png,0.8139686584472656,True,,True,0.8139686584472656,0.8139686584472656,False,False,True,0.0,1.0,0.0,0.0,12,0.005859375,1032,50.390625,True,True,1,0,12,True,True,accepted
M2,M2_10mA_20C_0,frame_0135.png,0.8059312105178833,True,,True,0.8059312105178833,0.8059312105178833,False,False,True,0.0,1.0,0.0,0.0,15,0.00732421875,1035,50.537109375,True,True,1,0,15,True,True,accepted
M2,M2_10mA_20C_0,frame_0136.png,0.8153021931648254,True,,True,0.8153021931648254,0.8153021931648254,False,False,True,0.0,1.0,0.0,0.0,10,0.0048828125,1034,50.48828125,True,True,1,0,10,True,True,accepted
M2,M2_10mA_20C_0,frame_0137.png,0.8287665247917175,True,,True,0.8287665247917175,0.8287665247917175,False,False,True,0.0,1.0,0.0,0.0,3,0.00146484375,1033,50.439453125,True,True,1,0,3,True,True,accepted
M2,M2_10mA_20C_0,frame_0141.png,0.8096990585327148,True,,True,0.8096990585327148,0.8096990585327148,False,False,True,0.0,1.0,0.0,0.0,15,0.00732421875,1035,50.537109375,True,True,1,0,15,True,True,accepted
M2,M2_10mA_20C_0,frame_0143.png,0.8060023784637451,True,,True,0.8060023784637451,0.8060023784637451,False,False,True,0.0,1.0,0.0,0.0,26,0.0126953125,1032,50.390625,True,True,1,0,26,True,True,accepted
M2,M2_10mA_20C_0,frame_0153.png,0.8206252455711365,True,,True,0.8206252455711365,0.8206252455711365,False,False,True,0.0,1.0,0.0,0.0,39,0.01904296875,1029,50.244140625,True,True,1,0,39,True,True,accepted
M2,M2_10mA_20C_0,frame_0162.png,0.7993054986000061,True,,True,0.7993054986000061,0.7993054986000061,False,False,True,0.0,1.0,0.0,0.0,2,0.0009765625,1034,50.48828125,True,True,1,0,2,True,True,accepted
M2,M2_10mA_20C_0,frame_0163.png,0.8337572813034058,True,,True,0.8337572813034058,0.8337572813034058,False,False,True,0.0,1.0,0.0,0.0,1,0.00048828125,1035,50.537109375,True,True,1,0,1,True,True,accepted
M2,M2_10mA_20C_0,frame_0164.png,0.7913837432861328,True,,True,0.7913837432861328,0.7913837432861328,False,False,True,0.0,1.0,0.0,0.0,20,0.009765625,1034,50.48828125,True,True,1,0,20,True,True,accepted
M2,M2_10mA_20C_0,frame_0168.png,0.8195155262947083,True,,True,0.8195155262947083,0.8195155262947083,False,False,True,0.0,1.0,0.0,0.0,7,0.00341796875,1035,50.537109375,True,True,1,0,7,True,True,accepted
M2,M2_10mA_20C_0,frame_0171.png,0.801164448261261,True,,True,0.801164448261261,0.801164448261261,False,False,True,0.0,1.0,0.0,0.0,65,0.03173828125,1041,50.830078125,True,True,2,0,65,True,True,accepted
M2,M2_10mA_20C_0,frame_0173.png,0.8222587704658508,True,,True,0.8222587704658508,0.8222587704658508,False,False,True,0.0,1.0,0.0,0.0,4,0.001953125,1036,50.5859375,True,True,1,0,4,True,True,accepted
M2,M2_10mA_20C_0,frame_0176.png,0.7722025513648987,True,,True,0.7722025513648987,0.7722025513648987,False,False,True,0.0,1.0,0.0,0.0,42,0.0205078125,1034,50.48828125,True,True,1,0,42,True,True,accepted
M2,M2_10mA_20C_0,frame_0178.png,0.8208858370780945,True,,True,0.8208858370780945,0.8208858370780945,False,False,True,0.0,1.0,0.0,0.0,17,0.00830078125,1035,50.537109375,True,True,1,0,17,True,True,accepted
M2,M2_10mA_20C_0,frame_0179.png,0.8216997385025024,True,,True,0.8216997385025024,0.8216997385025024,False,False,True,0.0,1.0,0.0,0.0,17,0.00830078125,1035,50.537109375,True,True,1,0,17,True,True,accepted
M2,M2_10mA_20C_0,frame_0194.png,0.8225184082984924,True,,True,0.8225184082984924,0.8225184082984924,False,False,True,0.0,1.0,0.0,0.0,6,0.0029296875,1038,50.68359375,True,True,1,0,6,True,True,accepted
M2,M2_10mA_20C_0,frame_0195.png,0.8168301582336426,True,,True,0.8168301582336426,0.8168301582336426,False,False,True,0.0,1.0,0.0,0.0,1,0.00048828125,1033,50.439453125,True,True,1,0,1,True,True,accepted
M2,M2_10mA_20C_0,frame_0196.png,0.8229562044143677,True,,True,0.8229562044143677,0.8229562044143677,False,False,True,0.0,1.0,0.0,0.0,14,0.0068359375,1028,50.1953125,True,True,1,0,14,True,True,accepted
M2,M2_10mA_20C_0,frame_0197.png,0.8344076871871948,True,,True,0.8344076871871948,0.8344076871871948,False,False,True,0.0,1.0,0.0,0.0,3,0.00146484375,1037,50.634765625,True,True,1,0,3,True,True,accepted
M2,M2_10mA_20C_0,frame_0200.png,0.8259260058403015,True,,True,0.8259260058403015,0.8259260058403015,False,False,True,0.0,1.0,0.0,0.0,6,0.0029296875,1036,50.5859375,True,True,1,0,6,True,True,accepted
M2,M2_10mA_30C_0,frame_0029.png,0.535132884979248,True,,True,0.535132884979248,0.535132884979248,False,True,True,0.0,1.0,0.0,0.0,25,0.01220703125,1041,50.830078125,True,True,2,0,25,True,True,accepted
M2,M2_10mA_30C_0,frame_0038.png,0.5355859398841858,True,,True,0.5355859398841858,0.5355859398841858,False,True,True,0.0,1.0,0.0,0.0,0,0.0,1034,50.48828125,True,True,0,0,0,True,True,accepted
M2,M2_10mA_30C_0,frame_0044.png,0.5739538669586182,True,,True,0.5739538669586182,0.5739538669586182,False,True,True,0.0,1.0,0.0,0.0,0,0.0,1034,50.48828125,True,True,0,0,0,True,True,accepted
M2,M2_10mA_30C_0,frame_0045.png,0.5355228781700134,True,,True,0.5355228781700134,0.5355228781700134,False,True,True,0.0,1.0,0.0,0.0,2,0.0009765625,1036,50.5859375,True,True,1,0,2,True,True,accepted
M2,M2_10mA_30C_0,frame_0047.png,0.5779415369033813,True,,True,0.5779415369033813,0.5779415369033813,False,True,True,0.0,1.0,0.0,0.0,0,0.0,1034,50.48828125,True,True,0,0,0,True,True,accepted
M2,M2_10mA_30C_0,frame_0048.png,0.5784279108047485,True,,True,0.5784279108047485,0.5784279108047485,False,True,True,0.0,1.0,0.0,0.0,0,0.0,1034,50.48828125,True,True,0,0,0,True,True,accepted
M2,M2_10mA_30C_0,frame_0049.png,0.5402102470397949,True,,True,0.5402102470397949,0.5402102470397949,False,True,True,0.0,1.0,0.0,0.0,5,0.00244140625,1035,50.537109375,True,True,1,0,5,True,True,accepted
M2,M2_10mA_30C_0,frame_0050.png,0.5038524270057678,True,,True,0.5038524270057678,0.5038524270057678,False,True,True,0.0,1.0,0.0,0.0,1,0.00048828125,1033,50.439453125,True,True,1,0,1,True,True,accepted
M2,M2_10mA_30C_0,frame_0057.png,0.5375670790672302,True,,True,0.5375670790672302,0.5375670790672302,False,True,True,0.0,1.0,0.0,0.0,0,0.0,1034,50.48828125,True,True,0,0,0,True,True,accepted
M2,M2_10mA_30C_0,frame_0059.png,0.5743944644927979,True,,True,0.5743944644927979,0.5743944644927979,False,True,True,0.0,1.0,0.0,0.0,0,0.0,1034,50.48828125,True,True,0,0,0,True,True,accepted
M2,M2_10mA_30C_0,frame_0060.png,0.5587138533592224,True,,True,0.5587138533592224,0.5587138533592224,False,True,True,0.0,1.0,0.0,0.0,0,0.0,1034,50.48828125,True,True,0,0,0,True,True,accepted
M2,M2_10mA_30C_0,frame_0062.png,0.551445484161377,True,,True,0.551445484161377,0.551445484161377,False,True,True,0.0,1.0,0.0,0.0,0,0.0,1034,50.48828125,True,True,0,0,0,True,True,accepted
M2,M2_10mA_30C_0,frame_0078.png,0.5233094692230225,True,,True,0.5233094692230225,0.5233094692230225,False,True,True,0.0,1.0,0.0,0.0,0,0.0,1034,50.48828125,True,True,0,0,0,True,True,accepted
M2,M2_10mA_30C_0,frame_0079.png,0.5408498048782349,True,,True,0.5408498048782349,0.5408498048782349,False,True,True,0.0,1.0,0.0,0.0,0,0.0,1034,50.48828125,True,True,0,0,0,True,True,accepted
M2,M2_10mA_30C_0,frame_0080.png,0.5614515542984009,True,,True,0.5614515542984009,0.5614515542984009,False,True,True,0.0,1.0,0.0,0.0,0,0.0,1034,50.48828125,True,True,0,0,0,True,True,accepted
M2,M2_10mA_30C_0,frame_0084.png,0.5586966872215271,True,,True,0.5586966872215271,0.5586966872215271,False,True,True,0.0,1.0,0.0,0.0,1,0.00048828125,1033,50.439453125,True,True,1,0,1,True,True,accepted
M2,M2_10mA_30C_0,frame_0090.png,0.5651534199714661,True,,True,0.5651534199714661,0.5651534199714661,False,True,True,0.0,1.0,0.0,0.0,0,0.0,1034,50.48828125,True,True,0,0,0,True,True,accepted
M2,M2_10mA_30C_0,frame_0094.png,0.5066670775413513,True,,True,0.5066670775413513,0.5066670775413513,False,True,True,0.0,1.0,0.0,0.0,0,0.0,1034,50.48828125,True,True,0,0,0,True,True,accepted
M2,M2_10mA_30C_0,frame_0096.png,0.5710556507110596,True,,True,0.5710556507110596,0.5710556507110596,False,True,True,0.0,1.0,0.0,0.0,0,0.0,1034,50.48828125,True,True,0,0,0,True,True,accepted
M2,M2_10mA_30C_0,frame_0102.png,0.5687574744224548,True,,True,0.5687574744224548,0.5687574744224548,False,True,True,0.0,1.0,0.0,0.0,0,0.0,1034,50.48828125,True,True,0,0,0,True,True,accepted
M2,M2_10mA_30C_0,frame_0104.png,0.5119795799255371,True,,True,0.5119795799255371,0.5119795799255371,False,True,True,0.0,1.0,0.0,0.0,0,0.0,1034,50.48828125,True,True,0,0,0,True,True,accepted
M2,M2_10mA_30C_0,frame_0107.png,0.5388789772987366,True,,True,0.5388789772987366,0.5388789772987366,False,True,True,0.0,1.0,0.0,0.0,0,0.0,1034,50.48828125,True,True,0,0,0,True,True,accepted
M2,M2_10mA_30C_0,frame_0109.png,0.49298208951950073,True,,True,0.49298208951950073,0.49298208951950073,False,True,True,0.0,1.0,0.0,0.0,0,0.0,1034,50.48828125,True,True,0,0,0,True,True,accepted
M2,M2_10mA_30C_0,frame_0113.png,0.5749539732933044,True,,True,0.5749539732933044,0.5749539732933044,False,True,True,0.0,1.0,0.0,0.0,0,0.0,1034,50.48828125,True,True,0,0,0,True,True,accepted
M2,M2_10mA_30C_0,frame_0115.png,0.5557727813720703,True,,True,0.5557727813720703,0.5557727813720703,False,True,True,0.0,1.0,0.0,0.0,0,0.0,1034,50.48828125,True,True,0,0,0,True,True,accepted
M2,M2_10mA_30C_0,frame_0118.png,0.5245981216430664,True,,True,0.5245981216430664,0.5245981216430664,False,True,True,0.0,1.0,0.0,0.0,0,0.0,1034,50.48828125,True,True,0,0,0,True,True,accepted
M2,M2_10mA_30C_0,frame_0119.png,0.5777340531349182,True,,True,0.5777340531349182,0.5777340531349182,False,True,True,0.0,1.0,0.0,0.0,0,0.0,1034,50.48828125,True,True,0,0,0,True,True,accepted
M2,M2_10mA_30C_0,frame_0128.png,0.570209801197052,True,,True,0.570209801197052,0.570209801197052,False,True,True,0.0,1.0,0.0,0.0,0,0.0,1034,50.48828125,True,True,0,0,0,True,True,accepted
M2,M2_10mA_30C_0,frame_0132.png,0.537819504737854,True,,True,0.537819504737854,0.537819504737854,False,True,True,0.0,1.0,0.0,0.0,0,0.0,1034,50.48828125,True,True,0,0,0,True,True,accepted
M2,M2_10mA_30C_0,frame_0138.png,0.5783407688140869,True,,True,0.5783407688140869,0.5783407688140869,False,True,True,0.0,1.0,0.0,0.0,0,0.0,1034,50.48828125,True,True,0,0,0,True,True,accepted
M2,M2_10mA_30C_0,frame_0139.png,0.5329045057296753,True,,True,0.5329045057296753,0.5329045057296753,False,True,True,0.0,1.0,0.0,0.0,3,0.00146484375,1035,50.537109375,True,True,1,0,3,True,True,accepted
M2,M2_10mA_30C_0,frame_0142.png,0.5537397265434265,True,,True,0.5537397265434265,0.5537397265434265,False,True,True,0.0,1.0,0.0,0.0,0,0.0,1034,50.48828125,True,True,0,0,0,True,True,accepted
M2,M2_10mA_30C_0,frame_0145.png,0.5401034355163574,True,,True,0.5401034355163574,0.5401034355163574,False,True,True,0.0,1.0,0.0,0.0,0,0.0,1034,50.48828125,True,True,0,0,0,True,True,accepted
M2,M2_10mA_30C_0,frame_0146.png,0.5802627801895142,True,,True,0.5802627801895142,0.5802627801895142,False,True,True,0.0,1.0,0.0,0.0,0,0.0,1034,50.48828125,True,True,0,0,0,True,True,accepted
M2,M2_10mA_30C_0,frame_0149.png,0.5715010762214661,True,,True,0.5715010762214661,0.5715010762214661,False,True,True,0.0,1.0,0.0,0.0,0,0.0,1034,50.48828125,True,True,0,0,0,True,True,accepted
M2,M2_10mA_30C_0,frame_0152.png,0.5599184632301331,True,,True,0.5599184632301331,0.5599184632301331,False,True,True,0.0,1.0,0.0,0.0,0,0.0,1034,50.48828125,True,True,0,0,0,True,True,accepted
M2,M2_10mA_30C_0,frame_0154.png,0.5673957467079163,True,,True,0.5673957467079163,0.5673957467079163,False,True,True,0.0,1.0,0.0,0.0,0,0.0,1034,50.48828125,True,True,0,0,0,True,True,accepted
M2,M2_10mA_30C_0,frame_0155.png,0.49542751908302307,True,,True,0.49542751908302307,0.49542751908302307,False,True,True,0.0,1.0,0.0,0.0,0,0.0,1034,50.48828125,True,True,0,0,0,True,True,accepted
M2,M2_10mA_30C_0,frame_0157.png,0.5709185004234314,True,,True,0.5709185004234314,0.5709185004234314,False,True,True,0.0,1.0,0.0,0.0,0,0.0,1034,50.48828125,True,True,0,0,0,True,True,accepted
M2,M2_10mA_30C_0,frame_0161.png,0.5349836945533752,True,,True,0.5349836945533752,0.5349836945533752,False,True,True,0.0,1.0,0.0,0.0,20,0.009765625,1036,50.5859375,True,True,1,0,20,True,True,accepted
M2,M2_10mA_30C_0,frame_0179.png,0.5780134201049805,True,,True,0.5780134201049805,0.5780134201049805,False,True,True,0.0,1.0,0.0,0.0,0,0.0,1034,50.48828125,True,True,0,0,0,True,True,accepted
M2,M2_10mA_30C_0,frame_0189.png,0.5221076607704163,True,,True,0.5221076607704163,0.5221076607704163,False,True,True,0.0,1.0,0.0,0.0,0,0.0,1034,50.48828125,True,True,0,0,0,True,True,accepted
M2,M2_10mA_30C_0,frame_0193.png,0.4757446348667145,True,,True,0.4757446348667145,0.4757446348667145,False,True,True,0.0,1.0,0.0,0.0,13,0.00634765625,1035,50.537109375,True,True,1,0,13,True,True,accepted
M2,M2_10mA_30C_0,frame_0194.png,0.5660833120346069,True,,True,0.5660833120346069,0.5660833120346069,False,True,True,0.0,1.0,0.0,0.0,0,0.0,1034,50.48828125,True,True,0,0,0,True,True,accepted
M2,M2_10mA_30C_0,frame_0198.png,0.5756551623344421,True,,True,0.5756551623344421,0.5756551623344421,False,True,True,0.0,1.0,0.0,0.0,0,0.0,1034,50.48828125,True,True,0,0,0,True,True,accepted
M2,M2_10mA_40C_0,frame_0020.png,0.5336903929710388,True,,True,0.5336903929710388,0.5336903929710388,False,True,True,0.0,1.0,0.0,0.0,0,0.0,1034,50.48828125,True,True,0,0,0,True,True,accepted
M2,M2_10mA_40C_0,frame_0025.png,0.5508970022201538,True,,True,0.5508970022201538,0.5508970022201538,False,True,True,0.0,1.0,0.0,0.0,0,0.0,1034,50.48828125,True,True,0,0,0,True,True,accepted
M2,M2_10mA_40C_0,frame_0035.png,0.5324411392211914,True,,True,0.5324411392211914,0.5324411392211914,False,True,True,0.0,1.0,0.0,0.0,0,0.0,1034,50.48828125,True,True,0,0,0,True,True,accepted
M2,M2_10mA_40C_0,frame_0039.png,0.5140600800514221,True,,True,0.5140600800514221,0.5140600800514221,False,True,True,0.0,1.0,0.0,0.0,4,0.001953125,1032,50.390625,True,True,1,0,4,True,True,accepted
M2,M2_10mA_40C_0,frame_0040.png,0.5668786764144897,True,,True,0.5668786764144897,0.5668786764144897,False,True,True,0.0,1.0,0.0,0.0,0,0.0,1034,50.48828125,True,True,0,0,0,True,True,accepted
M2,M2_10mA_40C_0,frame_0043.png,0.5062211751937866,True,,True,0.5062211751937866,0.5062211751937866,False,True,True,0.0,1.0,0.0,0.0,0,0.0,1034,50.48828125,True,True,0,0,0,True,True,accepted
M2,M2_10mA_40C_0,frame_0052.png,0.5192756652832031,True,,True,0.5192756652832031,0.5192756652832031,False,True,True,0.0,1.0,0.0,0.0,0,0.0,1034,50.48828125,True,True,0,0,0,True,True,accepted
M2,M2_10mA_40C_0,frame_0054.png,0.5505609512329102,True,,True,0.5505609512329102,0.5505609512329102,False,True,True,0.0,1.0,0.0,0.0,1,0.00048828125,1033,50.439453125,True,True,1,0,1,True,True,accepted
M2,M2_10mA_40C_0,frame_0061.png,0.5587301850318909,True,,True,0.5587301850318909,0.5587301850318909,False,True,True,0.0,1.0,0.0,0.0,1,0.00048828125,1033,50.439453125,True,True,1,0,1,True,True,accepted
M2,M2_10mA_40C_0,frame_0062.png,0.5383615493774414,True,,True,0.5383615493774414,0.5383615493774414,False,True,True,0.0,1.0,0.0,0.0,1,0.00048828125,1033,50.439453125,True,True,1,0,1,True,True,accepted
M2,M2_10mA_40C_0,frame_0063.png,0.5351962447166443,True,,True,0.5351962447166443,0.5351962447166443,False,True,True,0.0,1.0,0.0,0.0,1,0.00048828125,1033,50.439453125,True,True,1,0,1,True,True,accepted
M2,M2_10mA_40C_0,frame_0071.png,0.5616737604141235,True,,True,0.5616737604141235,0.5616737604141235,False,True,True,0.0,1.0,0.0,0.0,0,0.0,1034,50.48828125,True,True,0,0,0,True,True,accepted
M2,M2_10mA_40C_0,frame_0073.png,0.46939656138420105,True,,True,0.46939656138420105,0.46939656138420105,False,True,True,0.0,1.0,0.0,0.0,4,0.001953125,1032,50.390625,True,True,1,0,4,True,True,accepted
M2,M2_10mA_40C_0,frame_0076.png,0.5750145316123962,True,,True,0.5750145316123962,0.5750145316123962,False,True,True,0.0,1.0,0.0,0.0,0,0.0,1034,50.48828125,True,True,0,0,0,True,True,accepted
M2,M2_10mA_40C_0,frame_0080.png,0.5503876209259033,True,,True,0.5503876209259033,0.5503876209259033,False,True,True,0.0,1.0,0.0,0.0,1,0.00048828125,1033,50.439453125,True,True,1,0,1,True,True,accepted
M2,M2_10mA_40C_0,frame_0087.png,0.5427777171134949,True,,True,0.5427777171134949,0.5427777171134949,False,True,True,0.0,1.0,0.0,0.0,0,0.0,1034,50.48828125,True,True,0,0,0,True,True,accepted
M2,M2_10mA_40C_0,frame_0090.png,0.5567201972007751,True,,True,0.5567201972007751,0.5567201972007751,False,True,True,0.0,1.0,0.0,0.0,0,0.0,1034,50.48828125,True,True,0,0,0,True,True,accepted
M2,M2_10mA_40C_0,frame_0094.png,0.5701304078102112,True,,True,0.5701304078102112,0.5701304078102112,False,True,True,0.0,1.0,0.0,0.0,0,0.0,1034,50.48828125,True,True,0,0,0,True,True,accepted
M2,M2_10mA_40C_0,frame_0095.png,0.5399103760719299,True,,True,0.5399103760719299,0.5399103760719299,False,True,True,0.0,1.0,0.0,0.0,0,0.0,1034,50.48828125,True,True,0,0,0,True,True,accepted
M2,M2_10mA_40C_0,frame_0103.png,0.5581515431404114,True,,True,0.5581515431404114,0.5581515431404114,False,True,True,0.0,1.0,0.0,0.0,0,0.0,1034,50.48828125,True,True,0,0,0,True,True,accepted
M2,M2_10mA_40C_0,frame_0108.png,0.5437067151069641,True,,True,0.5437067151069641,0.5437067151069641,False,True,True,0.0,1.0,0.0,0.0,0,0.0,1034,50.48828125,True,True,0,0,0,True,True,accepted
M2,M2_10mA_40C_0,frame_0109.png,0.5470133423805237,True,,True,0.5470133423805237,0.5470133423805237,False,True,True,0.0,1.0,0.0,0.0,0,0.0,1034,50.48828125,True,True,0,0,0,True,True,accepted
M2,M2_10mA_40C_0,frame_0110.png,0.5372349619865417,True,,True,0.5372349619865417,0.5372349619865417,False,True,True,0.0,1.0,0.0,0.0,0,0.0,1034,50.48828125,True,True,0,0,0,True,True,accepted
M2,M2_10mA_40C_0,frame_0117.png,0.5662112236022949,True,,True,0.5662112236022949,0.5662112236022949,False,True,True,0.0,1.0,0.0,0.0,0,0.0,1034,50.48828125,True,True,0,0,0,True,True,accepted
M2,M2_10mA_40C_0,frame_0123.png,0.5549136400222778,True,,True,0.5549136400222778,0.5549136400222778,False,True,True,0.0,1.0,0.0,0.0,1,0.00048828125,1033,50.439453125,True,True,1,0,1,True,True,accepted
M2,M2_10mA_40C_0,frame_0124.png,0.5714771747589111,True,,True,0.5714771747589111,0.5714771747589111,False,True,True,0.0,1.0,0.0,0.0,0,0.0,1034,50.48828125,True,True,0,0,0,True,True,accepted
M2,M2_10mA_40C_0,frame_0127.png,0.5624542236328125,True,,True,0.5624542236328125,0.5624542236328125,False,True,True,0.0,1.0,0.0,0.0,0,0.0,1034,50.48828125,True,True,0,0,0,True,True,accepted
M2,M2_10mA_40C_0,frame_0129.png,0.5645634531974792,True,,True,0.5645634531974792,0.5645634531974792,False,True,True,0.0,1.0,0.0,0.0,0,0.0,1034,50.48828125,True,True,0,0,0,True,True,accepted
M2,M2_10mA_40C_0,frame_0137.png,0.5202460289001465,True,,True,0.5202460289001465,0.5202460289001465,False,True,True,0.0,1.0,0.0,0.0,0,0.0,1034,50.48828125,True,True,0,0,0,True,True,accepted
M2,M2_10mA_40C_0,frame_0138.png,0.5140522718429565,True,,True,0.5140522718429565,0.5140522718429565,False,True,True,0.0,1.0,0.0,0.0,0,0.0,1034,50.48828125,True,True,0,0,0,True,True,accepted
M2,M2_10mA_40C_0,frame_0140.png,0.5390135049819946,True,,True,0.5390135049819946,0.5390135049819946,False,True,True,0.0,1.0,0.0,0.0,0,0.0,1034,50.48828125,True,True,0,0,0,True,True,accepted
M2,M2_10mA_40C_0,frame_0144.png,0.5747929215431213,True,,True,0.5747929215431213,0.5747929215431213,False,True,True,0.0,1.0,0.0,0.0,0,0.0,1034,50.48828125,True,True,0,0,0,True,True,accepted
M2,M2_10mA_40C_0,frame_0150.png,0.5556409955024719,True,,True,0.5556409955024719,0.5556409955024719,False,True,True,0.0,1.0,0.0,0.0,0,0.0,1034,50.48828125,True,True,0,0,0,True,True,accepted
M2,M2_10mA_40C_0,frame_0154.png,0.5668780207633972,True,,True,0.5668780207633972,0.5668780207633972,False,True,True,0.0,1.0,0.0,0.0,0,0.0,1034,50.48828125,True,True,0,0,0,True,True,accepted
M2,M2_10mA_40C_0,frame_0156.png,0.5748510360717773,True,,True,0.5748510360717773,0.5748510360717773,False,True,True,0.0,1.0,0.0,0.0,0,0.0,1034,50.48828125,True,True,0,0,0,True,True,accepted
M2,M2_10mA_40C_0,frame_0159.png,0.5349277257919312,True,,True,0.5349277257919312,0.5349277257919312,False,True,True,0.0,1.0,0.0,0.0,0,0.0,1034,50.48828125,True,True,0,0,0,True,True,accepted
M2,M2_10mA_40C_0,frame_0167.png,0.5567125678062439,True,,True,0.5567125678062439,0.5567125678062439,False,True,True,0.0,1.0,0.0,0.0,0,0.0,1034,50.48828125,True,True,0,0,0,True,True,accepted
M2,M2_10mA_40C_0,frame_0171.png,0.5248112082481384,True,,True,0.5248112082481384,0.5248112082481384,False,True,True,0.0,1.0,0.0,0.0,0,0.0,1034,50.48828125,True,True,0,0,0,True,True,accepted
M2,M2_10mA_40C_0,frame_0173.png,0.5241801142692566,True,,True,0.5241801142692566,0.5241801142692566,False,True,True,0.0,1.0,0.0,0.0,0,0.0,1034,50.48828125,True,True,0,0,0,True,True,accepted
M2,M2_10mA_40C_0,frame_0175.png,0.5524952411651611,True,,True,0.5524952411651611,0.5524952411651611,False,True,True,0.0,1.0,0.0,0.0,0,0.0,1034,50.48828125,True,True,0,0,0,True,True,accepted
M2,M2_10mA_40C_0,frame_0180.png,0.561620831489563,True,,True,0.561620831489563,0.561620831489563,False,True,True,0.0,1.0,0.0,0.0,0,0.0,1034,50.48828125,True,True,0,0,0,True,True,accepted
M2,M2_10mA_40C_0,frame_0181.png,0.556407630443573,True,,True,0.556407630443573,0.556407630443573,False,True,True,0.0,1.0,0.0,0.0,1,0.00048828125,1033,50.439453125,True,True,1,0,1,True,True,accepted
M2,M2_10mA_40C_0,frame_0183.png,0.575210452079773,True,,True,0.575210452079773,0.575210452079773,False,True,True,0.0,1.0,0.0,0.0,0,0.0,1034,50.48828125,True,True,0,0,0,True,True,accepted
M2,M2_10mA_40C_0,frame_0197.png,0.547994077205658,True,,True,0.547994077205658,0.547994077205658,False,True,True,0.0,1.0,0.0,0.0,1,0.00048828125,1033,50.439453125,True,True,1,0,1,True,True,accepted
M2,M2_10mA_40C_0,frame_0199.png,0.5555886030197144,True,,True,0.5555886030197144,0.5555886030197144,False,True,True,0.0,1.0,0.0,0.0,3,0.00146484375,1033,50.439453125,True,True,1,0,3,True,True,accepted
M2,M2_20mA_20C_0,frame_0033.png,0.7517930865287781,True,,True,0.7517930865287781,0.7517930865287781,False,False,True,0.0,1.0,0.0,0.0,0,0.0,1034,50.48828125,True,True,0,0,0,True,True,accepted
M2,M2_20mA_20C_0,frame_0035.png,0.7665324211120605,True,,True,0.7665324211120605,0.7665324211120605,False,False,True,0.0,1.0,0.0,0.0,0,0.0,1034,50.48828125,True,True,0,0,0,True,True,accepted
M2,M2_20mA_20C_0,frame_0036.png,0.7630026340484619,True,,True,0.7630026340484619,0.7630026340484619,False,False,True,0.0,1.0,0.0,0.0,0,0.0,1034,50.48828125,True,True,0,0,0,True,True,accepted
M2,M2_20mA_20C_0,frame_0037.png,0.7603720426559448,True,,True,0.7603720426559448,0.7603720426559448,False,False,True,0.0,1.0,0.0,0.0,0,0.0,1034,50.48828125,True,True,0,0,0,True,True,accepted
M2,M2_20mA_20C_0,frame_0042.png,0.7632988691329956,True,,True,0.7632988691329956,0.7632988691329956,False,False,True,0.0,1.0,0.0,0.0,0,0.0,1034,50.48828125,True,True,0,0,0,True,True,accepted
M2,M2_20mA_20C_0,frame_0048.png,0.7485972046852112,True,,True,0.7485972046852112,0.7485972046852112,False,False,True,0.0,1.0,0.0,0.0,0,0.0,1034,50.48828125,True,True,0,0,0,True,True,accepted
M2,M2_20mA_20C_0,frame_0059.png,0.7558079361915588,True,,True,0.7558079361915588,0.7558079361915588,False,False,True,0.0,1.0,0.0,0.0,0,0.0,1034,50.48828125,True,True,0,0,0,True,True,accepted
M2,M2_20mA_20C_0,frame_0063.png,0.762743353843689,True,,True,0.762743353843689,0.762743353843689,False,False,True,0.0,1.0,0.0,0.0,0,0.0,1034,50.48828125,True,True,0,0,0,True,True,accepted
M2,M2_20mA_20C_0,frame_0065.png,0.7264149188995361,True,,True,0.7264149188995361,0.7264149188995361,False,False,True,0.0,1.0,0.0,0.0,0,0.0,1034,50.48828125,True,True,0,0,0,True,True,accepted
M2,M2_20mA_20C_0,frame_0066.png,0.7583736777305603,True,,True,0.7583736777305603,0.7583736777305603,False,False,True,0.0,1.0,0.0,0.0,0,0.0,1034,50.48828125,True,True,0,0,0,True,True,accepted
M2,M2_20mA_20C_0,frame_0067.png,0.7586158514022827,True,,True,0.7586158514022827,0.7586158514022827,False,False,True,0.0,1.0,0.0,0.0,0,0.0,1034,50.48828125,True,True,0,0,0,True,True,accepted
M2,M2_20mA_20C_0,frame_0069.png,0.7636827230453491,True,,True,0.7636827230453491,0.7636827230453491,False,False,True,0.0,1.0,0.0,0.0,0,0.0,1034,50.48828125,True,True,0,0,0,True,True,accepted
M2,M2_20mA_20C_0,frame_0071.png,0.7208846211433411,True,,True,0.7208846211433411,0.7208846211433411,False,False,True,0.0,1.0,0.0,0.0,0,0.0,1034,50.48828125,True,True,0,0,0,True,True,accepted
M2,M2_20mA_20C_0,frame_0072.png,0.748967170715332,True,,True,0.748967170715332,0.748967170715332,False,False,True,0.0,1.0,0.0,0.0,0,0.0,1034,50.48828125,True,True,0,0,0,True,True,accepted
M2,M2_20mA_20C_0,frame_0077.png,0.747237503528595,True,,True,0.747237503528595,0.747237503528595,False,False,True,0.0,1.0,0.0,0.0,0,0.0,1034,50.48828125,True,True,0,0,0,True,True,accepted
M2,M2_20mA_20C_0,frame_0078.png,0.750549852848053,True,,True,0.750549852848053,0.750549852848053,False,False,True,0.0,1.0,0.0,0.0,0,0.0,1034,50.48828125,True,True,0,0,0,True,True,accepted
M2,M2_20mA_20C_0,frame_0085.png,0.7105794548988342,True,,True,0.7105794548988342,0.7105794548988342,False,False,True,0.0,1.0,0.0,0.0,0,0.0,1034,50.48828125,True,True,0,0,0,True,True,accepted
M2,M2_20mA_20C_0,frame_0098.png,0.6719220280647278,True,,True,0.6719220280647278,0.6719220280647278,False,False,True,0.0,1.0,0.0,0.0,2,0.0009765625,1036,50.5859375,True,True,1,0,2,True,True,accepted
M2,M2_20mA_20C_0,frame_0099.png,0.7513152956962585,True,,True,0.7513152956962585,0.7513152956962585,False,False,True,0.0,1.0,0.0,0.0,0,0.0,1034,50.48828125,True,True,0,0,0,True,True,accepted
M2,M2_20mA_20C_0,frame_0101.png,0.7381085753440857,True,,True,0.7381085753440857,0.7381085753440857,False,False,True,0.0,1.0,0.0,0.0,0,0.0,1034,50.48828125,True,True,0,0,0,True,True,accepted
M2,M2_20mA_20C_0,frame_0104.png,0.7456203103065491,True,,True,0.7456203103065491,0.7456203103065491,False,False,True,0.0,1.0,0.0,0.0,0,0.0,1034,50.48828125,True,True,0,0,0,True,True,accepted
M2,M2_20mA_20C_0,frame_0109.png,0.6959206461906433,True,,True,0.6959206461906433,0.6959206461906433,False,False,True,0.0,1.0,0.0,0.0,0,0.0,1034,50.48828125,True,True,0,0,0,True,True,accepted
M2,M2_20mA_20C_0,frame_0113.png,0.750916063785553,True,,True,0.750916063785553,0.750916063785553,False,False,True,0.0,1.0,0.0,0.0,0,0.0,1034,50.48828125,True,True,0,0,0,True,True,accepted
M2,M2_20mA_20C_0,frame_0115.png,0.7571645975112915,True,,True,0.7571645975112915,0.7571645975112915,False,False,True,0.0,1.0,0.0,0.0,0,0.0,1034,50.48828125,True,True,0,0,0,True,True,accepted
M2,M2_20mA_20C_0,frame_0119.png,0.7524821758270264,True,,True,0.7524821758270264,0.7524821758270264,False,False,True,0.0,1.0,0.0,0.0,0,0.0,1034,50.48828125,True,True,0,0,0,True,True,accepted
M2,M2_20mA_20C_0,frame_0120.png,0.7351698875427246,True,,True,0.7351698875427246,0.7351698875427246,False,False,True,0.0,1.0,0.0,0.0,0,0.0,1034,50.48828125,True,True,0,0,0,True,True,accepted
M2,M2_20mA_20C_0,frame_0128.png,0.7587248682975769,True,,True,0.7587248682975769,0.7587248682975769,False,False,True,0.0,1.0,0.0,0.0,0,0.0,1034,50.48828125,True,True,0,0,0,True,True,accepted
M2,M2_20mA_20C_0,frame_0131.png,0.7408773899078369,True,,True,0.7408773899078369,0.7408773899078369,False,False,True,0.0,1.0,0.0,0.0,0,0.0,1034,50.48828125,True,True,0,0,0,True,True,accepted
M2,M2_20mA_20C_0,frame_0139.png,0.7530157566070557,True,,True,0.7530157566070557,0.7530157566070557,False,False,True,0.0,1.0,0.0,0.0,0,0.0,1034,50.48828125,True,True,0,0,0,True,True,accepted
M2,M2_20mA_20C_0,frame_0144.png,0.7521950006484985,True,,True,0.7521950006484985,0.7521950006484985,False,False,True,0.0,1.0,0.0,0.0,0,0.0,1034,50.48828125,True,True,0,0,0,True,True,accepted
M2,M2_20mA_20C_0,frame_0148.png,0.7494288682937622,True,,True,0.7494288682937622,0.7494288682937622,False,False,True,0.0,1.0,0.0,0.0,0,0.0,1034,50.48828125,True,True,0,0,0,True,True,accepted
M2,M2_20mA_20C_0,frame_0149.png,0.7532685399055481,True,,True,0.7532685399055481,0.7532685399055481,False,False,True,0.0,1.0,0.0,0.0,0,0.0,1034,50.48828125,True,True,0,0,0,True,True,accepted
M2,M2_20mA_20C_0,frame_0152.png,0.7505923509597778,True,,True,0.7505923509597778,0.7505923509597778,False,False,True,0.0,1.0,0.0,0.0,0,0.0,1034,50.48828125,True,True,0,0,0,True,True,accepted
M2,M2_20mA_20C_0,frame_0153.png,0.7109725475311279,True,,True,0.7109725475311279,0.7109725475311279,False,False,True,0.0,1.0,0.0,0.0,30,0.0146484375,1038,50.68359375,True,True,2,0,30,True,True,accepted
M2,M2_20mA_20C_0,frame_0155.png,0.7555023431777954,True,,True,0.7555023431777954,0.7555023431777954,False,False,True,0.0,1.0,0.0,0.0,0,0.0,1034,50.48828125,True,True,0,0,0,True,True,accepted
M2,M2_20mA_20C_0,frame_0161.png,0.706537127494812,True,,True,0.706537127494812,0.706537127494812,False,False,True,0.0,1.0,0.0,0.0,0,0.0,1034,50.48828125,True,True,0,0,0,True,True,accepted
M2,M2_20mA_20C_0,frame_0164.png,0.7475779056549072,True,,True,0.7475779056549072,0.7475779056549072,False,False,True,0.0,1.0,0.0,0.0,0,0.0,1034,50.48828125,True,True,0,0,0,True,True,accepted
M2,M2_20mA_20C_0,frame_0166.png,0.748614490032196,True,,True,0.748614490032196,0.748614490032196,False,False,True,0.0,1.0,0.0,0.0,0,0.0,1034,50.48828125,True,True,0,0,0,True,True,accepted
M2,M2_20mA_20C_0,frame_0172.png,0.7443891167640686,True,,True,0.7443891167640686,0.7443891167640686,False,False,True,0.0,1.0,0.0,0.0,0,0.0,1034,50.48828125,True,True,0,0,0,True,True,accepted
M2,M2_20mA_20C_0,frame_0183.png,0.7424502372741699,True,,True,0.7424502372741699,0.7424502372741699,False,False,True,0.0,1.0,0.0,0.0,1,0.00048828125,1033,50.439453125,True,True,1,0,1,True,True,accepted
M2,M2_20mA_20C_0,frame_0188.png,0.7446028590202332,True,,True,0.7446028590202332,0.7446028590202332,False,False,True,0.0,1.0,0.0,0.0,0,0.0,1034,50.48828125,True,True,0,0,0,True,True,accepted
M2,M2_20mA_20C_0,frame_0191.png,0.6952767372131348,True,,True,0.6952767372131348,0.6952767372131348,False,False,True,0.0,1.0,0.0,0.0,0,0.0,1034,50.48828125,True,True,0,0,0,True,True,accepted
M2,M2_20mA_20C_0,frame_0192.png,0.7360790967941284,True,,True,0.7360790967941284,0.7360790967941284,False,False,True,0.0,1.0,0.0,0.0,0,0.0,1034,50.48828125,True,True,0,0,0,True,True,accepted
M2,M2_20mA_20C_0,frame_0193.png,0.7137722969055176,True,,True,0.7137722969055176,0.7137722969055176,False,False,True,0.0,1.0,0.0,0.0,14,0.0068359375,1040,50.78125,True,True,1,0,14,True,True,accepted
M2,M2_20mA_20C_0,frame_0194.png,0.7451408505439758,True,,True,0.7451408505439758,0.7451408505439758,False,False,True,0.0,1.0,0.0,0.0,0,0.0,1034,50.48828125,True,True,0,0,0,True,True,accepted
M2,M2_20mA_30C_0,frame_0020.png,0.5536705255508423,True,,True,0.5536705255508423,0.5536705255508423,False,True,True,0.0,1.0,0.0,0.0,0,0.0,1034,50.48828125,True,True,0,0,0,True,True,accepted
M2,M2_20mA_30C_0,frame_0022.png,0.5838183760643005,True,,True,0.5838183760643005,0.5838183760643005,False,True,True,0.0,1.0,0.0,0.0,0,0.0,1034,50.48828125,True,True,0,0,0,True,True,accepted
M2,M2_20mA_30C_0,frame_0029.png,0.5308151841163635,True,,True,0.5308151841163635,0.5308151841163635,False,True,True,0.0,1.0,0.0,0.0,0,0.0,1034,50.48828125,True,True,0,0,0,True,True,accepted
M2,M2_20mA_30C_0,frame_0032.png,0.606633186340332,True,,True,0.606633186340332,0.606633186340332,False,True,True,0.0,1.0,0.0,0.0,0,0.0,1034,50.48828125,True,True,0,0,0,True,True,accepted
M2,M2_20mA_30C_0,frame_0034.png,0.5960731506347656,True,,True,0.5960731506347656,0.5960731506347656,False,True,True,0.0,1.0,0.0,0.0,0,0.0,1034,50.48828125,True,True,0,0,0,True,True,accepted
M2,M2_20mA_30C_0,frame_0037.png,0.6067351698875427,True,,True,0.6067351698875427,0.6067351698875427,False,True,True,0.0,1.0,0.0,0.0,0,0.0,1034,50.48828125,True,True,0,0,0,True,True,accepted
M2,M2_20mA_30C_0,frame_0039.png,0.5722497701644897,True,,True,0.5722497701644897,0.5722497701644897,False,True,True,0.0,1.0,0.0,0.0,3,0.00146484375,1033,50.439453125,True,True,1,0,3,True,True,accepted
M2,M2_20mA_30C_0,frame_0044.png,0.6071546673774719,True,,True,0.6071546673774719,0.6071546673774719,False,True,True,0.0,1.0,0.0,0.0,0,0.0,1034,50.48828125,True,True,0,0,0,True,True,accepted
M2,M2_20mA_30C_0,frame_0047.png,0.59282386302948,True,,True,0.59282386302948,0.59282386302948,False,True,True,0.0,1.0,0.0,0.0,0,0.0,1034,50.48828125,True,True,0,0,0,True,True,accepted
M2,M2_20mA_30C_0,frame_0048.png,0.6072628498077393,True,,True,0.6072628498077393,0.6072628498077393,False,True,True,0.0,1.0,0.0,0.0,0,0.0,1034,50.48828125,True,True,0,0,0,True,True,accepted
M2,M2_20mA_30C_0,frame_0057.png,0.5687207579612732,True,,True,0.5687207579612732,0.5687207579612732,False,True,True,0.0,1.0,0.0,0.0,0,0.0,1034,50.48828125,True,True,0,0,0,True,True,accepted
M2,M2_20mA_30C_0,frame_0061.png,0.6068435907363892,True,,True,0.6068435907363892,0.6068435907363892,False,True,True,0.0,1.0,0.0,0.0,0,0.0,1034,50.48828125,True,True,0,0,0,True,True,accepted
M2,M2_20mA_30C_0,frame_0067.png,0.6018358469009399,True,,True,0.6018358469009399,0.6018358469009399,False,True,True,0.0,1.0,0.0,0.0,0,0.0,1034,50.48828125,True,True,0,0,0,True,True,accepted
M2,M2_20mA_30C_0,frame_0070.png,0.600925862789154,True,,True,0.600925862789154,0.600925862789154,False,True,True,0.0,1.0,0.0,0.0,0,0.0,1034,50.48828125,True,True,0,0,0,True,True,accepted
M2,M2_20mA_30C_0,frame_0074.png,0.5943798422813416,True,,True,0.5943798422813416,0.5943798422813416,False,True,True,0.0,1.0,0.0,0.0,0,0.0,1034,50.48828125,True,True,0,0,0,True,True,accepted
M2,M2_20mA_30C_0,frame_0080.png,0.5783408284187317,True,,True,0.5783408284187317,0.5783408284187317,False,True,True,0.0,1.0,0.0,0.0,0,0.0,1034,50.48828125,True,True,0,0,0,True,True,accepted
M2,M2_20mA_30C_0,frame_0082.png,0.607750415802002,True,,True,0.607750415802002,0.607750415802002,False,True,True,0.0,1.0,0.0,0.0,0,0.0,1034,50.48828125,True,True,0,0,0,True,True,accepted
M2,M2_20mA_30C_0,frame_0087.png,0.5763802528381348,True,,True,0.5763802528381348,0.5763802528381348,False,True,True,0.0,1.0,0.0,0.0,0,0.0,1034,50.48828125,True,True,0,0,0,True,True,accepted
M2,M2_20mA_30C_0,frame_0088.png,0.5985289812088013,True,,True,0.5985289812088013,0.5985289812088013,False,True,True,0.0,1.0,0.0,0.0,0,0.0,1034,50.48828125,True,True,0,0,0,True,True,accepted
M2,M2_20mA_30C_0,frame_0093.png,0.5692439675331116,True,,True,0.5692439675331116,0.5692439675331116,False,True,True,0.0,1.0,0.0,0.0,7,0.00341796875,1033,50.439453125,True,True,1,0,7,True,True,accepted
M2,M2_20mA_30C_0,frame_0094.png,0.6167272329330444,True,,True,0.6167272329330444,0.6167272329330444,False,True,True,0.0,1.0,0.0,0.0,0,0.0,1034,50.48828125,True,True,0,0,0,True,True,accepted
M2,M2_20mA_30C_0,frame_0096.png,0.5657126903533936,True,,True,0.5657126903533936,0.5657126903533936,False,True,True,0.0,1.0,0.0,0.0,3,0.00146484375,1035,50.537109375,True,True,1,0,3,True,True,accepted
M2,M2_20mA_30C_0,frame_0106.png,0.5724798440933228,True,,True,0.5724798440933228,0.5724798440933228,False,True,True,0.0,1.0,0.0,0.0,0,0.0,1034,50.48828125,True,True,0,0,0,True,True,accepted
M2,M2_20mA_30C_0,frame_0114.png,0.6107086539268494,True,,True,0.6107086539268494,0.6107086539268494,False,True,True,0.0,1.0,0.0,0.0,0,0.0,1034,50.48828125,True,True,0,0,0,True,True,accepted
M2,M2_20mA_30C_0,frame_0116.png,0.6081416010856628,True,,True,0.6081416010856628,0.6081416010856628,False,True,True,0.0,1.0,0.0,0.0,0,0.0,1034,50.48828125,True,True,0,0,0,True,True,accepted
M2,M2_20mA_30C_0,frame_0121.png,0.5991039276123047,True,,True,0.5991039276123047,0.5991039276123047,False,True,True,0.0,1.0,0.0,0.0,0,0.0,1034,50.48828125,True,True,0,0,0,True,True,accepted
M2,M2_20mA_30C_0,frame_0122.png,0.53651362657547,True,,True,0.53651362657547,0.53651362657547,False,True,True,0.0,1.0,0.0,0.0,0,0.0,1034,50.48828125,True,True,0,0,0,True,True,accepted
M2,M2_20mA_30C_0,frame_0124.png,0.608494222164154,True,,True,0.608494222164154,0.608494222164154,False,True,True,0.0,1.0,0.0,0.0,0,0.0,1034,50.48828125,True,True,0,0,0,True,True,accepted
M2,M2_20mA_30C_0,frame_0129.png,0.5976930856704712,True,,True,0.5976930856704712,0.5976930856704712,False,True,True,0.0,1.0,0.0,0.0,0,0.0,1034,50.48828125,True,True,0,0,0,True,True,accepted
M2,M2_20mA_30C_0,frame_0130.png,0.5879946947097778,True,,True,0.5879946947097778,0.5879946947097778,False,True,True,0.0,1.0,0.0,0.0,0,0.0,1034,50.48828125,True,True,0,0,0,True,True,accepted
M2,M2_20mA_30C_0,frame_0133.png,0.5887531638145447,True,,True,0.5887531638145447,0.5887531638145447,False,True,True,0.0,1.0,0.0,0.0,0,0.0,1034,50.48828125,True,True,0,0,0,True,True,accepted
M2,M2_20mA_30C_0,frame_0135.png,0.5595782399177551,True,,True,0.5595782399177551,0.5595782399177551,False,True,True,0.0,1.0,0.0,0.0,0,0.0,1034,50.48828125,True,True,0,0,0,True,True,accepted
M2,M2_20mA_30C_0,frame_0140.png,0.5877892971038818,True,,True,0.5877892971038818,0.5877892971038818,False,True,True,0.0,1.0,0.0,0.0,0,0.0,1034,50.48828125,True,True,0,0,0,True,True,accepted
M2,M2_20mA_30C_0,frame_0143.png,0.6043199300765991,True,,True,0.6043199300765991,0.6043199300765991,False,True,True,0.0,1.0,0.0,0.0,0,0.0,1034,50.48828125,True,True,0,0,0,True,True,accepted
M2,M2_20mA_30C_0,frame_0147.png,0.5953516364097595,True,,True,0.5953516364097595,0.5953516364097595,False,True,True,0.0,1.0,0.0,0.0,0,0.0,1034,50.48828125,True,True,0,0,0,True,True,accepted
M2,M2_20mA_30C_0,frame_0154.png,0.6079896688461304,True,,True,0.6079896688461304,0.6079896688461304,False,True,True,0.0,1.0,0.0,0.0,0,0.0,1034,50.48828125,True,True,0,0,0,True,True,accepted
M2,M2_20mA_30C_0,frame_0157.png,0.6044102907180786,True,,True,0.6044102907180786,0.6044102907180786,False,True,True,0.0,1.0,0.0,0.0,0,0.0,1034,50.48828125,True,True,0,0,0,True,True,accepted
M2,M2_20mA_30C_0,frame_0158.png,0.606192409992218,True,,True,0.606192409992218,0.606192409992218,False,True,True,0.0,1.0,0.0,0.0,0,0.0,1034,50.48828125,True,True,0,0,0,True,True,accepted
M2,M2_20mA_30C_0,frame_0166.png,0.5872041583061218,True,,True,0.5872041583061218,0.5872041583061218,False,True,True,0.0,1.0,0.0,0.0,0,0.0,1034,50.48828125,True,True,0,0,0,True,True,accepted
M2,M2_20mA_30C_0,frame_0168.png,0.5776833891868591,True,,True,0.5776833891868591,0.5776833891868591,False,True,True,0.0,1.0,0.0,0.0,2,0.0009765625,1034,50.48828125,True,True,1,0,2,True,True,accepted
M2,M2_20mA_30C_0,frame_0176.png,0.5598644614219666,True,,True,0.5598644614219666,0.5598644614219666,False,True,True,0.0,1.0,0.0,0.0,0,0.0,1034,50.48828125,True,True,0,0,0,True,True,accepted
M2,M2_20mA_30C_0,frame_0181.png,0.5943465828895569,True,,True,0.5943465828895569,0.5943465828895569,False,True,True,0.0,1.0,0.0,0.0,0,0.0,1034,50.48828125,True,True,0,0,0,True,True,accepted
M2,M2_20mA_30C_0,frame_0183.png,0.6062518954277039,True,,True,0.6062518954277039,0.6062518954277039,False,True,True,0.0,1.0,0.0,0.0,0,0.0,1034,50.48828125,True,True,0,0,0,True,True,accepted
M2,M2_20mA_30C_0,frame_0188.png,0.6041321754455566,True,,True,0.6041321754455566,0.6041321754455566,False,True,True,0.0,1.0,0.0,0.0,0,0.0,1034,50.48828125,True,True,0,0,0,True,True,accepted
M2,M2_20mA_30C_0,frame_0193.png,0.5419428944587708,True,,True,0.5419428944587708,0.5419428944587708,False,True,True,0.0,1.0,0.0,0.0,0,0.0,1034,50.48828125,True,True,0,0,0,True,True,accepted
M2,M2_20mA_40C_0,frame_0036.png,0.5712434649467468,True,,True,0.5712434649467468,0.5712434649467468,False,True,True,0.0,1.0,0.0,0.0,0,0.0,1034,50.48828125,True,True,0,0,0,True,True,accepted
M2,M2_20mA_40C_0,frame_0037.png,0.5652083158493042,True,,True,0.5652083158493042,0.5652083158493042,False,True,True,0.0,1.0,0.0,0.0,0,0.0,1034,50.48828125,True,True,0,0,0,True,True,accepted
M2,M2_20mA_40C_0,frame_0041.png,0.5756161212921143,True,,True,0.5756161212921143,0.5756161212921143,False,True,True,0.0,1.0,0.0,0.0,0,0.0,1034,50.48828125,True,True,0,0,0,True,True,accepted
M2,M2_20mA_40C_0,frame_0044.png,0.5138634443283081,True,,True,0.5138634443283081,0.5138634443283081,False,True,True,0.0,1.0,0.0,0.0,0,0.0,1034,50.48828125,True,True,0,0,0,True,True,accepted
M2,M2_20mA_40C_0,frame_0048.png,0.5434321761131287,True,,True,0.5434321761131287,0.5434321761131287,False,True,True,0.0,1.0,0.0,0.0,0,0.0,1034,50.48828125,True,True,0,0,0,True,True,accepted
M2,M2_20mA_40C_0,frame_0050.png,0.5402531027793884,True,,True,0.5402531027793884,0.5402531027793884,False,True,True,0.0,1.0,0.0,0.0,0,0.0,1034,50.48828125,True,True,0,0,0,True,True,accepted
M2,M2_20mA_40C_0,frame_0055.png,0.5363906621932983,True,,True,0.5363906621932983,0.5363906621932983,False,True,True,0.0,1.0,0.0,0.0,8,0.00390625,1038,50.68359375,True,True,1,0,8,True,True,accepted
M2,M2_20mA_40C_0,frame_0057.png,0.5551059246063232,True,,True,0.5551059246063232,0.5551059246063232,False,True,True,0.0,1.0,0.0,0.0,0,0.0,1034,50.48828125,True,True,0,0,0,True,True,accepted
M2,M2_20mA_40C_0,frame_0058.png,0.5667979121208191,True,,True,0.5667979121208191,0.5667979121208191,False,True,True,0.0,1.0,0.0,0.0,0,0.0,1034,50.48828125,True,True,0,0,0,True,True,accepted
M2,M2_20mA_40C_0,frame_0060.png,0.5600785613059998,True,,True,0.5600785613059998,0.5600785613059998,False,True,True,0.0,1.0,0.0,0.0,0,0.0,1034,50.48828125,True,True,0,0,0,True,True,accepted
M2,M2_20mA_40C_0,frame_0061.png,0.5639483332633972,True,,True,0.5639483332633972,0.5639483332633972,False,True,True,0.0,1.0,0.0,0.0,0,0.0,1034,50.48828125,True,True,0,0,0,True,True,accepted
M2,M2_20mA_40C_0,frame_0063.png,0.523683488368988,True,,True,0.523683488368988,0.523683488368988,False,True,True,0.0,1.0,0.0,0.0,0,0.0,1034,50.48828125,True,True,0,0,0,True,True,accepted
M2,M2_20mA_40C_0,frame_0071.png,0.5284973382949829,True,,True,0.5284973382949829,0.5284973382949829,False,True,True,0.0,1.0,0.0,0.0,0,0.0,1034,50.48828125,True,True,0,0,0,True,True,accepted
M2,M2_20mA_40C_0,frame_0076.png,0.5784299969673157,True,,True,0.5784299969673157,0.5784299969673157,False,True,True,0.0,1.0,0.0,0.0,0,0.0,1034,50.48828125,True,True,0,0,0,True,True,accepted
M2,M2_20mA_40C_0,frame_0078.png,0.5810777544975281,True,,True,0.5810777544975281,0.5810777544975281,False,True,True,0.0,1.0,0.0,0.0,0,0.0,1034,50.48828125,True,True,0,0,0,True,True,accepted
M2,M2_20mA_40C_0,frame_0080.png,0.5715588927268982,True,,True,0.5715588927268982,0.5715588927268982,False,True,True,0.0,1.0,0.0,0.0,0,0.0,1034,50.48828125,True,True,0,0,0,True,True,accepted
M2,M2_20mA_40C_0,frame_0082.png,0.5329568386077881,True,,True,0.5329568386077881,0.5329568386077881,False,True,True,0.0,1.0,0.0,0.0,0,0.0,1034,50.48828125,True,True,0,0,0,True,True,accepted
M2,M2_20mA_40C_0,frame_0092.png,0.5762304067611694,True,,True,0.5762304067611694,0.5762304067611694,False,True,True,0.0,1.0,0.0,0.0,0,0.0,1034,50.48828125,True,True,0,0,0,True,True,accepted
M2,M2_20mA_40C_0,frame_0097.png,0.5475069880485535,True,,True,0.5475069880485535,0.5475069880485535,False,True,True,0.0,1.0,0.0,0.0,0,0.0,1034,50.48828125,True,True,0,0,0,True,True,accepted
M2,M2_20mA_40C_0,frame_0103.png,0.5707680583000183,True,,True,0.5707680583000183,0.5707680583000183,False,True,True,0.0,1.0,0.0,0.0,0,0.0,1034,50.48828125,True,True,0,0,0,True,True,accepted
M2,M2_20mA_40C_0,frame_0107.png,0.5739979147911072,True,,True,0.5739979147911072,0.5739979147911072,False,True,True,0.0,1.0,0.0,0.0,0,0.0,1034,50.48828125,True,True,0,0,0,True,True,accepted
M2,M2_20mA_40C_0,frame_0109.png,0.5769754648208618,True,,True,0.5769754648208618,0.5769754648208618,False,True,True,0.0,1.0,0.0,0.0,0,0.0,1034,50.48828125,True,True,0,0,0,True,True,accepted
M2,M2_20mA_40C_0,frame_0113.png,0.5688892006874084,True,,True,0.5688892006874084,0.5688892006874084,False,True,True,0.0,1.0,0.0,0.0,2,0.0009765625,1034,50.48828125,True,True,1,0,2,True,True,accepted
M2,M2_20mA_40C_0,frame_0119.png,0.5545632839202881,True,,True,0.5545632839202881,0.5545632839202881,False,True,True,0.0,1.0,0.0,0.0,0,0.0,1034,50.48828125,True,True,0,0,0,True,True,accepted
M2,M2_20mA_40C_0,frame_0120.png,0.5732747316360474,True,,True,0.5732747316360474,0.5732747316360474,False,True,True,0.0,1.0,0.0,0.0,0,0.0,1034,50.48828125,True,True,0,0,0,True,True,accepted
M2,M2_20mA_40C_0,frame_0121.png,0.582939624786377,True,,True,0.582939624786377,0.582939624786377,False,True,True,0.0,1.0,0.0,0.0,0,0.0,1034,50.48828125,True,True,0,0,0,True,True,accepted
M2,M2_20mA_40C_0,frame_0127.png,0.5790686011314392,True,,True,0.5790686011314392,0.5790686011314392,False,True,True,0.0,1.0,0.0,0.0,0,0.0,1034,50.48828125,True,True,0,0,0,True,True,accepted
M2,M2_20mA_40C_0,frame_0130.png,0.5491002202033997,True,,True,0.5491002202033997,0.5491002202033997,False,True,True,0.0,1.0,0.0,0.0,6,0.0029296875,1038,50.68359375,True,True,1,0,6,True,True,accepted
M2,M2_20mA_40C_0,frame_0132.png,0.5401779413223267,True,,True,0.5401779413223267,0.5401779413223267,False,True,True,0.0,1.0,0.0,0.0,0,0.0,1034,50.48828125,True,True,0,0,0,True,True,accepted
M2,M2_20mA_40C_0,frame_0135.png,0.5585584044456482,True,,True,0.5585584044456482,0.5585584044456482,False,True,True,0.0,1.0,0.0,0.0,59,0.02880859375,1045,51.025390625,True,True,2,0,59,True,True,accepted
M2,M2_20mA_40C_0,frame_0136.png,0.5658151507377625,True,,True,0.5658151507377625,0.5658151507377625,False,True,True,0.0,1.0,0.0,0.0,0,0.0,1034,50.48828125,True,True,0,0,0,True,True,accepted
M2,M2_20mA_40C_0,frame_0139.png,0.5310626029968262,True,,True,0.5310626029968262,0.5310626029968262,False,True,True,0.0,1.0,0.0,0.0,0,0.0,1034,50.48828125,True,True,0,0,0,True,True,accepted
M2,M2_20mA_40C_0,frame_0141.png,0.5525752305984497,True,,True,0.5525752305984497,0.5525752305984497,False,True,True,0.0,1.0,0.0,0.0,2,0.0009765625,1034,50.48828125,True,True,1,0,2,True,True,accepted
M2,M2_20mA_40C_0,frame_0144.png,0.5690668821334839,True,,True,0.5690668821334839,0.5690668821334839,False,True,True,0.0,1.0,0.0,0.0,0,0.0,1034,50.48828125,True,True,0,0,0,True,True,accepted
M2,M2_20mA_40C_0,frame_0153.png,0.5767737030982971,True,,True,0.5767737030982971,0.5767737030982971,False,True,True,0.0,1.0,0.0,0.0,0,0.0,1034,50.48828125,True,True,0,0,0,True,True,accepted
M2,M2_20mA_40C_0,frame_0158.png,0.4787676930427551,True,,True,0.4787676930427551,0.4787676930427551,False,True,True,0.0,1.0,0.0,0.0,0,0.0,1034,50.48828125,True,True,0,0,0,True,True,accepted
M2,M2_20mA_40C_0,frame_0162.png,0.5696840882301331,True,,True,0.5696840882301331,0.5696840882301331,False,True,True,0.0,1.0,0.0,0.0,0,0.0,1034,50.48828125,True,True,0,0,0,True,True,accepted
M2,M2_20mA_40C_0,frame_0167.png,0.5754725337028503,True,,True,0.5754725337028503,0.5754725337028503,False,True,True,0.0,1.0,0.0,0.0,0,0.0,1034,50.48828125,True,True,0,0,0,True,True,accepted
M2,M2_20mA_40C_0,frame_0171.png,0.5798720121383667,True,,True,0.5798720121383667,0.5798720121383667,False,True,True,0.0,1.0,0.0,0.0,0,0.0,1034,50.48828125,True,True,0,0,0,True,True,accepted
M2,M2_20mA_40C_0,frame_0172.png,0.5541501641273499,True,,True,0.5541501641273499,0.5541501641273499,False,True,True,0.0,1.0,0.0,0.0,0,0.0,1034,50.48828125,True,True,0,0,0,True,True,accepted
M2,M2_20mA_40C_0,frame_0192.png,0.5541145205497742,True,,True,0.5541145205497742,0.5541145205497742,False,True,True,0.0,1.0,0.0,0.0,0,0.0,1034,50.48828125,True,True,0,0,0,True,True,accepted
M2,M2_20mA_40C_0,frame_0193.png,0.5707643628120422,True,,True,0.5707643628120422,0.5707643628120422,False,True,True,0.0,1.0,0.0,0.0,0,0.0,1034,50.48828125,True,True,0,0,0,True,True,accepted
M2,M2_20mA_40C_0,frame_0197.png,0.49168160557746887,True,,True,0.49168160557746887,0.49168160557746887,False,True,True,0.0,1.0,0.0,0.0,0,0.0,1034,50.48828125,True,True,0,0,0,True,True,accepted
M2,M2_20mA_40C_0,frame_0199.png,0.5843281745910645,True,,True,0.5843281745910645,0.5843281745910645,False,True,True,0.0,1.0,0.0,0.0,0,0.0,1034,50.48828125,True,True,0,0,0,True,True,accepted
M2,M2_20mA_40C_0,frame_0200.png,0.5779603123664856,True,,True,0.5779603123664856,0.5779603123664856,False,True,True,0.0,1.0,0.0,0.0,0,0.0,1034,50.48828125,True,True,0,0,0,True,True,accepted
M2,M2_30mA_20C_0,frame_0028.png,0.6925258040428162,True,,True,0.6925258040428162,0.6925258040428162,False,False,True,0.0,1.0,0.0,0.0,0,0.0,1034,50.48828125,True,True,0,0,0,True,True,accepted
M2,M2_30mA_20C_0,frame_0032.png,0.6816196441650391,True,,True,0.6816196441650391,0.6816196441650391,False,False,True,0.0,1.0,0.0,0.0,0,0.0,1034,50.48828125,True,True,0,0,0,True,True,accepted
M2,M2_30mA_20C_0,frame_0035.png,0.6798260807991028,True,,True,0.6798260807991028,0.6798260807991028,False,False,True,0.0,1.0,0.0,0.0,0,0.0,1034,50.48828125,True,True,0,0,0,True,True,accepted
M2,M2_30mA_20C_0,frame_0052.png,0.6547800898551941,True,,True,0.6547800898551941,0.6547800898551941,False,True,True,0.0,1.0,0.0,0.0,1,0.00048828125,1035,50.537109375,True,True,1,0,1,True,True,accepted
M2,M2_30mA_20C_0,frame_0055.png,0.6618180871009827,True,,True,0.6618180871009827,0.6618180871009827,False,False,True,0.0,1.0,0.0,0.0,1,0.00048828125,1035,50.537109375,True,True,1,0,1,True,True,accepted
M2,M2_30mA_20C_0,frame_0059.png,0.6848711371421814,True,,True,0.6848711371421814,0.6848711371421814,False,False,True,0.0,1.0,0.0,0.0,0,0.0,1034,50.48828125,True,True,0,0,0,True,True,accepted
M2,M2_30mA_20C_0,frame_0061.png,0.6828232407569885,True,,True,0.6828232407569885,0.6828232407569885,False,False,True,0.0,1.0,0.0,0.0,0,0.0,1034,50.48828125,True,True,0,0,0,True,True,accepted
M2,M2_30mA_20C_0,frame_0070.png,0.6572988033294678,True,,True,0.6572988033294678,0.6572988033294678,False,True,True,0.0,1.0,0.0,0.0,0,0.0,1034,50.48828125,True,True,0,0,0,True,True,accepted
M2,M2_30mA_20C_0,frame_0077.png,0.6632616519927979,True,,True,0.6632616519927979,0.6632616519927979,False,False,True,0.0,1.0,0.0,0.0,0,0.0,1034,50.48828125,True,True,0,0,0,True,True,accepted
M2,M2_30mA_20C_0,frame_0085.png,0.6855974197387695,True,,True,0.6855974197387695,0.6855974197387695,False,False,True,0.0,1.0,0.0,0.0,0,0.0,1034,50.48828125,True,True,0,0,0,True,True,accepted
M2,M2_30mA_20C_0,frame_0088.png,0.6546391844749451,True,,True,0.6546391844749451,0.6546391844749451,False,True,True,0.0,1.0,0.0,0.0,0,0.0,1034,50.48828125,True,True,0,0,0,True,True,accepted
M2,M2_30mA_20C_0,frame_0091.png,0.681920051574707,True,,True,0.681920051574707,0.681920051574707,False,False,True,0.0,1.0,0.0,0.0,1,0.00048828125,1033,50.439453125,True,True,1,0,1,True,True,accepted
M2,M2_30mA_20C_0,frame_0094.png,0.6350961327552795,True,,True,0.6350961327552795,0.6350961327552795,False,True,True,0.0,1.0,0.0,0.0,0,0.0,1034,50.48828125,True,True,0,0,0,True,True,accepted
M2,M2_30mA_20C_0,frame_0095.png,0.6794776320457458,True,,True,0.6794776320457458,0.6794776320457458,False,False,True,0.0,1.0,0.0,0.0,0,0.0,1034,50.48828125,True,True,0,0,0,True,True,accepted
M2,M2_30mA_20C_0,frame_0104.png,0.6803357601165771,True,,True,0.6803357601165771,0.6803357601165771,False,False,True,0.0,1.0,0.0,0.0,0,0.0,1034,50.48828125,True,True,0,0,0,True,True,accepted
M2,M2_30mA_20C_0,frame_0105.png,0.6471552848815918,True,,True,0.6471552848815918,0.6471552848815918,False,True,True,0.0,1.0,0.0,0.0,0,0.0,1034,50.48828125,True,True,0,0,0,True,True,accepted
M2,M2_30mA_20C_0,frame_0108.png,0.6816389560699463,True,,True,0.6816389560699463,0.6816389560699463,False,False,True,0.0,1.0,0.0,0.0,0,0.0,1034,50.48828125,True,True,0,0,0,True,True,accepted
M2,M2_30mA_20C_0,frame_0115.png,0.6589229106903076,True,,True,0.6589229106903076,0.6589229106903076,False,True,True,0.0,1.0,0.0,0.0,0,0.0,1034,50.48828125,True,True,0,0,0,True,True,accepted
M2,M2_30mA_20C_0,frame_0116.png,0.6691171526908875,True,,True,0.6691171526908875,0.6691171526908875,False,False,True,0.0,1.0,0.0,0.0,0,0.0,1034,50.48828125,True,True,0,0,0,True,True,accepted
M2,M2_30mA_20C_0,frame_0119.png,0.6208108067512512,True,,True,0.6208108067512512,0.6208108067512512,False,True,True,0.0,1.0,0.0,0.0,0,0.0,1034,50.48828125,True,True,0,0,0,True,True,accepted
M2,M2_30mA_20C_0,frame_0128.png,0.6785987019538879,True,,True,0.6785987019538879,0.6785987019538879,False,False,True,0.0,1.0,0.0,0.0,0,0.0,1034,50.48828125,True,True,0,0,0,True,True,accepted
M2,M2_30mA_20C_0,frame_0131.png,0.6616808176040649,True,,True,0.6616808176040649,0.6616808176040649,False,False,True,0.0,1.0,0.0,0.0,0,0.0,1034,50.48828125,True,True,0,0,0,True,True,accepted
M2,M2_30mA_20C_0,frame_0132.png,0.6512823104858398,True,,True,0.6512823104858398,0.6512823104858398,False,True,True,0.0,1.0,0.0,0.0,5,0.00244140625,1035,50.537109375,True,True,1,0,5,True,True,accepted
M2,M2_30mA_20C_0,frame_0135.png,0.6752485632896423,True,,True,0.6752485632896423,0.6752485632896423,False,False,True,0.0,1.0,0.0,0.0,0,0.0,1034,50.48828125,True,True,0,0,0,True,True,accepted
M2,M2_30mA_20C_0,frame_0137.png,0.6591361165046692,True,,True,0.6591361165046692,0.6591361165046692,False,True,True,0.0,1.0,0.0,0.0,0,0.0,1034,50.48828125,True,True,0,0,0,True,True,accepted
M2,M2_30mA_20C_0,frame_0144.png,0.6704795956611633,True,,True,0.6704795956611633,0.6704795956611633,False,False,True,0.0,1.0,0.0,0.0,0,0.0,1034,50.48828125,True,True,0,0,0,True,True,accepted
M2,M2_30mA_20C_0,frame_0150.png,0.6779155731201172,True,,True,0.6779155731201172,0.6779155731201172,False,False,True,0.0,1.0,0.0,0.0,0,0.0,1034,50.48828125,True,True,0,0,0,True,True,accepted
M2,M2_30mA_20C_0,frame_0155.png,0.6729753613471985,True,,True,0.6729753613471985,0.6729753613471985,False,False,True,0.0,1.0,0.0,0.0,0,0.0,1034,50.48828125,True,True,0,0,0,True,True,accepted
M2,M2_30mA_20C_0,frame_0156.png,0.648378849029541,True,,True,0.648378849029541,0.648378849029541,False,True,True,0.0,1.0,0.0,0.0,0,0.0,1034,50.48828125,True,True,0,0,0,True,True,accepted
M2,M2_30mA_20C_0,frame_0161.png,0.665265679359436,True,,True,0.665265679359436,0.665265679359436,False,False,True,0.0,1.0,0.0,0.0,0,0.0,1034,50.48828125,True,True,0,0,0,True,True,accepted
M2,M2_30mA_20C_0,frame_0164.png,0.6500310301780701,True,,True,0.6500310301780701,0.6500310301780701,False,True,True,0.0,1.0,0.0,0.0,0,0.0,1034,50.48828125,True,True,0,0,0,True,True,accepted
M2,M2_30mA_20C_0,frame_0165.png,0.6635580062866211,True,,True,0.6635580062866211,0.6635580062866211,False,False,True,0.0,1.0,0.0,0.0,0,0.0,1034,50.48828125,True,True,0,0,0,True,True,accepted
M2,M2_30mA_20C_0,frame_0167.png,0.6677296161651611,True,,True,0.6677296161651611,0.6677296161651611,False,False,True,0.0,1.0,0.0,0.0,0,0.0,1034,50.48828125,True,True,0,0,0,True,True,accepted
M2,M2_30mA_20C_0,frame_0168.png,0.6482500433921814,True,,True,0.6482500433921814,0.6482500433921814,False,True,True,0.0,1.0,0.0,0.0,8,0.00390625,1034,50.48828125,True,True,1,0,8,True,True,accepted
M2,M2_30mA_20C_0,frame_0169.png,0.6547617316246033,True,,True,0.6547617316246033,0.6547617316246033,False,True,True,0.0,1.0,0.0,0.0,0,0.0,1034,50.48828125,True,True,0,0,0,True,True,accepted
M2,M2_30mA_20C_0,frame_0172.png,0.6640150547027588,True,,True,0.6640150547027588,0.6640150547027588,False,False,True,0.0,1.0,0.0,0.0,0,0.0,1034,50.48828125,True,True,0,0,0,True,True,accepted
M2,M2_30mA_20C_0,frame_0174.png,0.662493109703064,True,,True,0.662493109703064,0.662493109703064,False,False,True,0.0,1.0,0.0,0.0,0,0.0,1034,50.48828125,True,True,0,0,0,True,True,accepted
M2,M2_30mA_20C_0,frame_0175.png,0.6663329005241394,True,,True,0.6663329005241394,0.6663329005241394,False,False,True,0.0,1.0,0.0,0.0,0,0.0,1034,50.48828125,True,True,0,0,0,True,True,accepted
M2,M2_30mA_20C_0,frame_0183.png,0.6114861369132996,True,,True,0.6114861369132996,0.6114861369132996,False,True,True,0.0,1.0,0.0,0.0,0,0.0,1034,50.48828125,True,True,0,0,0,True,True,accepted
M2,M2_30mA_20C_0,frame_0184.png,0.6305107474327087,True,,True,0.6305107474327087,0.6305107474327087,False,True,True,0.0,1.0,0.0,0.0,0,0.0,1034,50.48828125,True,True,0,0,0,True,True,accepted
M2,M2_30mA_20C_0,frame_0188.png,0.6776965260505676,True,,True,0.6776965260505676,0.6776965260505676,False,False,True,0.0,1.0,0.0,0.0,0,0.0,1034,50.48828125,True,True,0,0,0,True,True,accepted
M2,M2_30mA_20C_0,frame_0190.png,0.653060257434845,True,,True,0.653060257434845,0.653060257434845,False,True,True,0.0,1.0,0.0,0.0,1,0.00048828125,1033,50.439453125,True,True,1,0,1,True,True,accepted
M2,M2_30mA_20C_0,frame_0191.png,0.6358982920646667,True,,True,0.6358982920646667,0.6358982920646667,False,True,True,0.0,1.0,0.0,0.0,0,0.0,1034,50.48828125,True,True,0,0,0,True,True,accepted
M2,M2_30mA_20C_0,frame_0194.png,0.6607727408409119,True,,True,0.6607727408409119,0.6607727408409119,False,False,True,0.0,1.0,0.0,0.0,0,0.0,1034,50.48828125,True,True,0,0,0,True,True,accepted
M2,M2_30mA_20C_0,frame_0196.png,0.614398717880249,True,,True,0.614398717880249,0.614398717880249,False,True,True,0.0,1.0,0.0,0.0,0,0.0,1034,50.48828125,True,True,0,0,0,True,True,accepted
M2,M2_30mA_30C_0,frame_0025.png,0.6108886003494263,True,,True,0.6108886003494263,0.6108886003494263,False,True,True,0.0,1.0,0.0,0.0,0,0.0,1034,50.48828125,True,True,0,0,0,True,True,accepted
M2,M2_30mA_30C_0,frame_0029.png,0.6348879933357239,True,,True,0.6348879933357239,0.6348879933357239,False,True,True,0.0,1.0,0.0,0.0,0,0.0,1034,50.48828125,True,True,0,0,0,True,True,accepted
M2,M2_30mA_30C_0,frame_0032.png,0.6453008651733398,True,,True,0.6453008651733398,0.6453008651733398,False,True,True,0.0,1.0,0.0,0.0,0,0.0,1034,50.48828125,True,True,0,0,0,True,True,accepted
M2,M2_30mA_30C_0,frame_0033.png,0.5327596068382263,True,,True,0.5327596068382263,0.5327596068382263,False,True,True,0.0,1.0,0.0,0.0,0,0.0,1034,50.48828125,True,True,0,0,0,True,True,accepted
M2,M2_30mA_30C_0,frame_0037.png,0.6477339267730713,True,,True,0.6477339267730713,0.6477339267730713,False,True,True,0.0,1.0,0.0,0.0,0,0.0,1034,50.48828125,True,True,0,0,0,True,True,accepted
M2,M2_30mA_30C_0,frame_0043.png,0.6331443786621094,True,,True,0.6331443786621094,0.6331443786621094,False,True,True,0.0,1.0,0.0,0.0,0,0.0,1034,50.48828125,True,True,0,0,0,True,True,accepted
M2,M2_30mA_30C_0,frame_0044.png,0.6318517923355103,True,,True,0.6318517923355103,0.6318517923355103,False,True,True,0.0,1.0,0.0,0.0,0,0.0,1034,50.48828125,True,True,0,0,0,True,True,accepted
M2,M2_30mA_30C_0,frame_0045.png,0.6417311429977417,True,,True,0.6417311429977417,0.6417311429977417,False,True,True,0.0,1.0,0.0,0.0,0,0.0,1034,50.48828125,True,True,0,0,0,True,True,accepted
M2,M2_30mA_30C_0,frame_0046.png,0.6118370890617371,True,,True,0.6118370890617371,0.6118370890617371,False,True,True,0.0,1.0,0.0,0.0,0,0.0,1034,50.48828125,True,True,0,0,0,True,True,accepted
M2,M2_30mA_30C_0,frame_0049.png,0.6281734108924866,True,,True,0.6281734108924866,0.6281734108924866,False,True,True,0.0,1.0,0.0,0.0,1,0.00048828125,1033,50.439453125,True,True,1,0,1,True,True,accepted
M2,M2_30mA_30C_0,frame_0050.png,0.648699164390564,True,,True,0.648699164390564,0.648699164390564,False,True,True,0.0,1.0,0.0,0.0,0,0.0,1034,50.48828125,True,True,0,0,0,True,True,accepted
M2,M2_30mA_30C_0,frame_0053.png,0.6130412220954895,True,,True,0.6130412220954895,0.6130412220954895,False,True,True,0.0,1.0,0.0,0.0,0,0.0,1034,50.48828125,True,True,0,0,0,True,True,accepted
M2,M2_30mA_30C_0,frame_0057.png,0.6423486471176147,True,,True,0.6423486471176147,0.6423486471176147,False,True,True,0.0,1.0,0.0,0.0,0,0.0,1034,50.48828125,True,True,0,0,0,True,True,accepted
M2,M2_30mA_30C_0,frame_0063.png,0.632722020149231,True,,True,0.632722020149231,0.632722020149231,False,True,True,0.0,1.0,0.0,0.0,0,0.0,1034,50.48828125,True,True,0,0,0,True,True,accepted
M2,M2_30mA_30C_0,frame_0064.png,0.6449833512306213,True,,True,0.6449833512306213,0.6449833512306213,False,True,True,0.0,1.0,0.0,0.0,0,0.0,1034,50.48828125,True,True,0,0,0,True,True,accepted
M2,M2_30mA_30C_0,frame_0068.png,0.6369032859802246,True,,True,0.6369032859802246,0.6369032859802246,False,True,True,0.0,1.0,0.0,0.0,0,0.0,1034,50.48828125,True,True,0,0,0,True,True,accepted
M2,M2_30mA_30C_0,frame_0074.png,0.5833244323730469,True,,True,0.5833244323730469,0.5833244323730469,False,True,True,0.0,1.0,0.0,0.0,0,0.0,1034,50.48828125,True,True,0,0,0,True,True,accepted
M2,M2_30mA_30C_0,frame_0081.png,0.6481091976165771,True,,True,0.6481091976165771,0.6481091976165771,False,True,True,0.0,1.0,0.0,0.0,0,0.0,1034,50.48828125,True,True,0,0,0,True,True,accepted
M2,M2_30mA_30C_0,frame_0082.png,0.6076593995094299,True,,True,0.6076593995094299,0.6076593995094299,False,True,True,0.0,1.0,0.0,0.0,0,0.0,1034,50.48828125,True,True,0,0,0,True,True,accepted
M2,M2_30mA_30C_0,frame_0088.png,0.6238386034965515,True,,True,0.6238386034965515,0.6238386034965515,False,True,True,0.0,1.0,0.0,0.0,0,0.0,1034,50.48828125,True,True,0,0,0,True,True,accepted
M2,M2_30mA_30C_0,frame_0091.png,0.572813093662262,True,,True,0.572813093662262,0.572813093662262,False,True,True,0.0,1.0,0.0,0.0,0,0.0,1034,50.48828125,True,True,0,0,0,True,True,accepted
M2,M2_30mA_30C_0,frame_0094.png,0.6456114053726196,True,,True,0.6456114053726196,0.6456114053726196,False,True,True,0.0,1.0,0.0,0.0,0,0.0,1034,50.48828125,True,True,0,0,0,True,True,accepted
M2,M2_30mA_30C_0,frame_0101.png,0.5894445180892944,True,,True,0.5894445180892944,0.5894445180892944,False,True,True,0.0,1.0,0.0,0.0,0,0.0,1034,50.48828125,True,True,0,0,0,True,True,accepted
M2,M2_30mA_30C_0,frame_0102.png,0.5839840173721313,True,,True,0.5839840173721313,0.5839840173721313,False,True,True,0.0,1.0,0.0,0.0,0,0.0,1034,50.48828125,True,True,0,0,0,True,True,accepted
M2,M2_30mA_30C_0,frame_0111.png,0.6341511607170105,True,,True,0.6341511607170105,0.6341511607170105,False,True,True,0.0,1.0,0.0,0.0,0,0.0,1034,50.48828125,True,True,0,0,0,True,True,accepted
M2,M2_30mA_30C_0,frame_0113.png,0.6300482749938965,True,,True,0.6300482749938965,0.6300482749938965,False,True,True,0.0,1.0,0.0,0.0,0,0.0,1034,50.48828125,True,True,0,0,0,True,True,accepted
M2,M2_30mA_30C_0,frame_0117.png,0.591111958026886,True,,True,0.591111958026886,0.591111958026886,False,True,True,0.0,1.0,0.0,0.0,0,0.0,1034,50.48828125,True,True,0,0,0,True,True,accepted
M2,M2_30mA_30C_0,frame_0121.png,0.6220459938049316,True,,True,0.6220459938049316,0.6220459938049316,False,True,True,0.0,1.0,0.0,0.0,0,0.0,1034,50.48828125,True,True,0,0,0,True,True,accepted
M2,M2_30mA_30C_0,frame_0124.png,0.6343687176704407,True,,True,0.6343687176704407,0.6343687176704407,False,True,True,0.0,1.0,0.0,0.0,0,0.0,1034,50.48828125,True,True,0,0,0,True,True,accepted
M2,M2_30mA_30C_0,frame_0132.png,0.632442057132721,True,,True,0.632442057132721,0.632442057132721,False,True,True,0.0,1.0,0.0,0.0,0,0.0,1034,50.48828125,True,True,0,0,0,True,True,accepted
M2,M2_30mA_30C_0,frame_0135.png,0.6160174608230591,True,,True,0.6160174608230591,0.6160174608230591,False,True,True,0.0,1.0,0.0,0.0,0,0.0,1034,50.48828125,True,True,0,0,0,True,True,accepted
M2,M2_30mA_30C_0,frame_0144.png,0.5788657069206238,True,,True,0.5788657069206238,0.5788657069206238,False,True,True,0.0,1.0,0.0,0.0,0,0.0,1034,50.48828125,True,True,0,0,0,True,True,accepted
M2,M2_30mA_30C_0,frame_0151.png,0.6403623223304749,True,,True,0.6403623223304749,0.6403623223304749,False,True,True,0.0,1.0,0.0,0.0,0,0.0,1034,50.48828125,True,True,0,0,0,True,True,accepted
M2,M2_30mA_30C_0,frame_0157.png,0.6410720348358154,True,,True,0.6410720348358154,0.6410720348358154,False,True,True,0.0,1.0,0.0,0.0,0,0.0,1034,50.48828125,True,True,0,0,0,True,True,accepted
M2,M2_30mA_30C_0,frame_0163.png,0.6259922981262207,True,,True,0.6259922981262207,0.6259922981262207,False,True,True,0.0,1.0,0.0,0.0,1,0.00048828125,1033,50.439453125,True,True,1,0,1,True,True,accepted
M2,M2_30mA_30C_0,frame_0164.png,0.6323865056037903,True,,True,0.6323865056037903,0.6323865056037903,False,True,True,0.0,1.0,0.0,0.0,0,0.0,1034,50.48828125,True,True,0,0,0,True,True,accepted
M2,M2_30mA_30C_0,frame_0165.png,0.5927752256393433,True,,True,0.5927752256393433,0.5927752256393433,False,True,True,0.0,1.0,0.0,0.0,0,0.0,1034,50.48828125,True,True,0,0,0,True,True,accepted
M2,M2_30mA_30C_0,frame_0170.png,0.5662989616394043,True,,True,0.5662989616394043,0.5662989616394043,False,True,True,0.0,1.0,0.0,0.0,0,0.0,1034,50.48828125,True,True,0,0,0,True,True,accepted
M2,M2_30mA_30C_0,frame_0175.png,0.632239043712616,True,,True,0.632239043712616,0.632239043712616,False,True,True,0.0,1.0,0.0,0.0,0,0.0,1034,50.48828125,True,True,0,0,0,True,True,accepted
M2,M2_30mA_30C_0,frame_0177.png,0.6106037497520447,True,,True,0.6106037497520447,0.6106037497520447,False,True,True,0.0,1.0,0.0,0.0,0,0.0,1034,50.48828125,True,True,0,0,0,True,True,accepted
M2,M2_30mA_30C_0,frame_0183.png,0.6433788537979126,True,,True,0.6433788537979126,0.6433788537979126,False,True,True,0.0,1.0,0.0,0.0,0,0.0,1034,50.48828125,True,True,0,0,0,True,True,accepted
M2,M2_30mA_30C_0,frame_0186.png,0.6075176000595093,True,,True,0.6075176000595093,0.6075176000595093,False,True,True,0.0,1.0,0.0,0.0,0,0.0,1034,50.48828125,True,True,0,0,0,True,True,accepted
M2,M2_30mA_30C_0,frame_0189.png,0.5878225564956665,True,,True,0.5878225564956665,0.5878225564956665,False,True,True,0.0,1.0,0.0,0.0,0,0.0,1034,50.48828125,True,True,0,0,0,True,True,accepted
M2,M2_30mA_30C_0,frame_0193.png,0.6362143158912659,True,,True,0.6362143158912659,0.6362143158912659,False,True,True,0.0,1.0,0.0,0.0,0,0.0,1034,50.48828125,True,True,0,0,0,True,True,accepted
M2,M2_30mA_30C_0,frame_0196.png,0.634228527545929,True,,True,0.634228527545929,0.634228527545929,False,True,True,0.0,1.0,0.0,0.0,0,0.0,1034,50.48828125,True,True,0,0,0,True,True,accepted
M2,M2_30mA_40C_0,frame_0029.png,0.6084907054901123,True,,True,0.6084907054901123,0.6084907054901123,False,True,True,0.0,1.0,0.0,0.0,0,0.0,1034,50.48828125,True,True,0,0,0,True,True,accepted
M2,M2_30mA_40C_0,frame_0032.png,0.575809895992279,True,,True,0.575809895992279,0.575809895992279,False,True,True,0.0,1.0,0.0,0.0,0,0.0,1034,50.48828125,True,True,0,0,0,True,True,accepted
M2,M2_30mA_40C_0,frame_0036.png,0.55819171667099,True,,True,0.55819171667099,0.55819171667099,False,True,True,0.0,1.0,0.0,0.0,0,0.0,1034,50.48828125,True,True,0,0,0,True,True,accepted
M2,M2_30mA_40C_0,frame_0037.png,0.5633800625801086,True,,True,0.5633800625801086,0.5633800625801086,False,True,True,0.0,1.0,0.0,0.0,0,0.0,1034,50.48828125,True,True,0,0,0,True,True,accepted
M2,M2_30mA_40C_0,frame_0040.png,0.5315707921981812,True,,True,0.5315707921981812,0.5315707921981812,False,True,True,0.0,1.0,0.0,0.0,0,0.0,1034,50.48828125,True,True,0,0,0,True,True,accepted
M2,M2_30mA_40C_0,frame_0045.png,0.5836874842643738,True,,True,0.5836874842643738,0.5836874842643738,False,True,True,0.0,1.0,0.0,0.0,0,0.0,1034,50.48828125,True,True,0,0,0,True,True,accepted
M2,M2_30mA_40C_0,frame_0046.png,0.5883656740188599,True,,True,0.5883656740188599,0.5883656740188599,False,True,True,0.0,1.0,0.0,0.0,0,0.0,1034,50.48828125,True,True,0,0,0,True,True,accepted
M2,M2_30mA_40C_0,frame_0047.png,0.6025993227958679,True,,True,0.6025993227958679,0.6025993227958679,False,True,True,0.0,1.0,0.0,0.0,0,0.0,1034,50.48828125,True,True,0,0,0,True,True,accepted
M2,M2_30mA_40C_0,frame_0048.png,0.4949500858783722,True,,True,0.4949500858783722,0.4949500858783722,False,True,True,0.0,1.0,0.0,0.0,75,0.03662109375,1035,50.537109375,True,True,2,0,75,True,True,accepted
M2,M2_30mA_40C_0,frame_0049.png,0.6064552664756775,True,,True,0.6064552664756775,0.6064552664756775,False,True,True,0.0,1.0,0.0,0.0,0,0.0,1034,50.48828125,True,True,0,0,0,True,True,accepted
M2,M2_30mA_40C_0,frame_0050.png,0.5669634342193604,True,,True,0.5669634342193604,0.5669634342193604,False,True,True,0.0,1.0,0.0,0.0,0,0.0,1034,50.48828125,True,True,0,0,0,True,True,accepted
M2,M2_30mA_40C_0,frame_0053.png,0.6110851764678955,True,,True,0.6110851764678955,0.6110851764678955,False,True,True,0.0,1.0,0.0,0.0,0,0.0,1034,50.48828125,True,True,0,0,0,True,True,accepted
M2,M2_30mA_40C_0,frame_0054.png,0.5986490845680237,True,,True,0.5986490845680237,0.5986490845680237,False,True,True,0.0,1.0,0.0,0.0,0,0.0,1034,50.48828125,True,True,0,0,0,True,True,accepted
M2,M2_30mA_40C_0,frame_0055.png,0.596519410610199,True,,True,0.596519410610199,0.596519410610199,False,True,True,0.0,1.0,0.0,0.0,0,0.0,1034,50.48828125,True,True,0,0,0,True,True,accepted
M2,M2_30mA_40C_0,frame_0057.png,0.5709935426712036,True,,True,0.5709935426712036,0.5709935426712036,False,True,True,0.0,1.0,0.0,0.0,1,0.00048828125,1033,50.439453125,True,True,1,0,1,True,True,accepted
M2,M2_30mA_40C_0,frame_0060.png,0.5968267917633057,True,,True,0.5968267917633057,0.5968267917633057,False,True,True,0.0,1.0,0.0,0.0,0,0.0,1034,50.48828125,True,True,0,0,0,True,True,accepted
M2,M2_30mA_40C_0,frame_0063.png,0.5995097756385803,True,,True,0.5995097756385803,0.5995097756385803,False,True,True,0.0,1.0,0.0,0.0,0,0.0,1034,50.48828125,True,True,0,0,0,True,True,accepted
M2,M2_30mA_40C_0,frame_0068.png,0.6001245379447937,True,,True,0.6001245379447937,0.6001245379447937,False,True,True,0.0,1.0,0.0,0.0,0,0.0,1034,50.48828125,True,True,0,0,0,True,True,accepted
M2,M2_30mA_40C_0,frame_0077.png,0.6010013818740845,True,,True,0.6010013818740845,0.6010013818740845,False,True,True,0.0,1.0,0.0,0.0,0,0.0,1034,50.48828125,True,True,0,0,0,True,True,accepted
M2,M2_30mA_40C_0,frame_0086.png,0.5938909649848938,True,,True,0.5938909649848938,0.5938909649848938,False,True,True,0.0,1.0,0.0,0.0,0,0.0,1034,50.48828125,True,True,0,0,0,True,True,accepted
M2,M2_30mA_40C_0,frame_0087.png,0.540890097618103,True,,True,0.540890097618103,0.540890097618103,False,True,True,0.0,1.0,0.0,0.0,31,0.01513671875,1039,50.732421875,True,True,2,0,31,True,True,accepted
M2,M2_30mA_40C_0,frame_0088.png,0.5985480546951294,True,,True,0.5985480546951294,0.5985480546951294,False,True,True,0.0,1.0,0.0,0.0,0,0.0,1034,50.48828125,True,True,0,0,0,True,True,accepted
M2,M2_30mA_40C_0,frame_0095.png,0.6012340188026428,True,,True,0.6012340188026428,0.6012340188026428,False,True,True,0.0,1.0,0.0,0.0,0,0.0,1034,50.48828125,True,True,0,0,0,True,True,accepted
M2,M2_30mA_40C_0,frame_0099.png,0.5646008849143982,True,,True,0.5646008849143982,0.5646008849143982,False,True,True,0.0,1.0,0.0,0.0,3,0.00146484375,1033,50.439453125,True,True,1,0,3,True,True,accepted
M2,M2_30mA_40C_0,frame_0102.png,0.6058213114738464,True,,True,0.6058213114738464,0.6058213114738464,False,True,True,0.0,1.0,0.0,0.0,0,0.0,1034,50.48828125,True,True,0,0,0,True,True,accepted
M2,M2_30mA_40C_0,frame_0109.png,0.6027349233627319,True,,True,0.6027349233627319,0.6027349233627319,False,True,True,0.0,1.0,0.0,0.0,0,0.0,1034,50.48828125,True,True,0,0,0,True,True,accepted
M2,M2_30mA_40C_0,frame_0111.png,0.6012358069419861,True,,True,0.6012358069419861,0.6012358069419861,False,True,True,0.0,1.0,0.0,0.0,0,0.0,1034,50.48828125,True,True,0,0,0,True,True,accepted
M2,M2_30mA_40C_0,frame_0117.png,0.6006450653076172,True,,True,0.6006450653076172,0.6006450653076172,False,True,True,0.0,1.0,0.0,0.0,0,0.0,1034,50.48828125,True,True,0,0,0,True,True,accepted
M2,M2_30mA_40C_0,frame_0126.png,0.5940403938293457,True,,True,0.5940403938293457,0.5940403938293457,False,True,True,0.0,1.0,0.0,0.0,0,0.0,1034,50.48828125,True,True,0,0,0,True,True,accepted
M2,M2_30mA_40C_0,frame_0129.png,0.5977961421012878,True,,True,0.5977961421012878,0.5977961421012878,False,True,True,0.0,1.0,0.0,0.0,0,0.0,1034,50.48828125,True,True,0,0,0,True,True,accepted
M2,M2_30mA_40C_0,frame_0131.png,0.5786048173904419,True,,True,0.5786048173904419,0.5786048173904419,False,True,True,0.0,1.0,0.0,0.0,0,0.0,1034,50.48828125,True,True,0,0,0,True,True,accepted
M2,M2_30mA_40C_0,frame_0134.png,0.6056703329086304,True,,True,0.6056703329086304,0.6056703329086304,False,True,True,0.0,1.0,0.0,0.0,0,0.0,1034,50.48828125,True,True,0,0,0,True,True,accepted
M2,M2_30mA_40C_0,frame_0141.png,0.6046450734138489,True,,True,0.6046450734138489,0.6046450734138489,False,True,True,0.0,1.0,0.0,0.0,0,0.0,1034,50.48828125,True,True,0,0,0,True,True,accepted
M2,M2_30mA_40C_0,frame_0156.png,0.5728021860122681,True,,True,0.5728021860122681,0.5728021860122681,False,True,True,0.0,1.0,0.0,0.0,0,0.0,1034,50.48828125,True,True,0,0,0,True,True,accepted
M2,M2_30mA_40C_0,frame_0157.png,0.5975033044815063,True,,True,0.5975033044815063,0.5975033044815063,False,True,True,0.0,1.0,0.0,0.0,0,0.0,1034,50.48828125,True,True,0,0,0,True,True,accepted
M2,M2_30mA_40C_0,frame_0158.png,0.5326918363571167,True,,True,0.5326918363571167,0.5326918363571167,False,True,True,0.0,1.0,0.0,0.0,0,0.0,1034,50.48828125,True,True,0,0,0,True,True,accepted
M2,M2_30mA_40C_0,frame_0159.png,0.5999051332473755,True,,True,0.5999051332473755,0.5999051332473755,False,True,True,0.0,1.0,0.0,0.0,0,0.0,1034,50.48828125,True,True,0,0,0,True,True,accepted
M2,M2_30mA_40C_0,frame_0170.png,0.58279949426651,True,,True,0.58279949426651,0.58279949426651,False,True,True,0.0,1.0,0.0,0.0,0,0.0,1034,50.48828125,True,True,0,0,0,True,True,accepted
M2,M2_30mA_40C_0,frame_0185.png,0.5957302451133728,True,,True,0.5957302451133728,0.5957302451133728,False,True,True,0.0,1.0,0.0,0.0,0,0.0,1034,50.48828125,True,True,0,0,0,True,True,accepted
M2,M2_30mA_40C_0,frame_0187.png,0.5995253324508667,True,,True,0.5995253324508667,0.5995253324508667,False,True,True,0.0,1.0,0.0,0.0,0,0.0,1034,50.48828125,True,True,0,0,0,True,True,accepted
M2,M2_30mA_40C_0,frame_0192.png,0.5442386865615845,True,,True,0.5442386865615845,0.5442386865615845,False,True,True,0.0,1.0,0.0,0.0,0,0.0,1034,50.48828125,True,True,0,0,0,True,True,accepted
M2,M2_30mA_40C_0,frame_0193.png,0.5863890051841736,True,,True,0.5863890051841736,0.5863890051841736,False,True,True,0.0,1.0,0.0,0.0,0,0.0,1034,50.48828125,True,True,0,0,0,True,True,accepted
M2,M2_30mA_40C_0,frame_0195.png,0.5951489210128784,True,,True,0.5951489210128784,0.5951489210128784,False,True,True,0.0,1.0,0.0,0.0,0,0.0,1034,50.48828125,True,True,0,0,0,True,True,accepted
M2,M2_30mA_40C_0,frame_0197.png,0.5959554314613342,True,,True,0.5959554314613342,0.5959554314613342,False,True,True,0.0,1.0,0.0,0.0,0,0.0,1034,50.48828125,True,True,0,0,0,True,True,accepted
M2,M2_30mA_40C_0,frame_0200.png,0.6005578637123108,True,,True,0.6005578637123108,0.6005578637123108,False,True,True,0.0,1.0,0.0,0.0,0,0.0,1034,50.48828125,True,True,0,0,0,True,True,accepted
M3,M3_10mA_20C_0,frame_0035.png,0.735575795173645,True,,True,0.735575795173645,0.735575795173645,False,False,True,0.0,1.0,0.0,0.0,0,0.0,1043,50.927734375,True,True,0,0,0,True,True,accepted
M3,M3_10mA_20C_0,frame_0036.png,0.7060073614120483,True,,True,0.7060073614120483,0.7060073614120483,False,False,True,0.0,1.0,0.0,0.0,1,0.00048828125,1042,50.87890625,True,True,1,0,1,True,True,accepted
M3,M3_10mA_20C_0,frame_0037.png,0.7538560628890991,True,,True,0.7538560628890991,0.7538560628890991,False,False,True,0.0,1.0,0.0,0.0,0,0.0,1043,50.927734375,True,True,0,0,0,True,True,accepted
M3,M3_10mA_20C_0,frame_0038.png,0.7465904951095581,True,,True,0.7465904951095581,0.7465904951095581,False,False,True,0.0,1.0,0.0,0.0,0,0.0,1043,50.927734375,True,True,0,0,0,True,True,accepted
M3,M3_10mA_20C_0,frame_0042.png,0.7581596374511719,True,,True,0.7581596374511719,0.7581596374511719,False,False,True,0.0,1.0,0.0,0.0,0,0.0,1043,50.927734375,True,True,0,0,0,True,True,accepted
M3,M3_10mA_20C_0,frame_0044.png,0.6939602494239807,True,,True,0.6939602494239807,0.6939602494239807,False,False,True,0.0,1.0,0.0,0.0,0,0.0,1043,50.927734375,True,True,0,0,0,True,True,accepted
M3,M3_10mA_20C_0,frame_0051.png,0.7288637161254883,True,,True,0.6287358403205872,0.7288637161254883,True,True,True,-6.0,1.025,0.0,0.0,0,0.0,1043,50.927734375,True,True,0,0,0,True,True,accepted
M3,M3_10mA_20C_0,frame_0062.png,0.7505728006362915,True,,True,0.7505728006362915,0.7505728006362915,False,False,True,0.0,1.0,0.0,0.0,0,0.0,1043,50.927734375,True,True,0,0,0,True,True,accepted
M3,M3_10mA_20C_0,frame_0063.png,0.7553094625473022,True,,True,0.7553094625473022,0.7553094625473022,False,False,True,0.0,1.0,0.0,0.0,0,0.0,1043,50.927734375,True,True,0,0,0,True,True,accepted
M3,M3_10mA_20C_0,frame_0065.png,0.7525659203529358,True,,True,0.7525659203529358,0.7525659203529358,False,False,True,0.0,1.0,0.0,0.0,0,0.0,1043,50.927734375,True,True,0,0,0,True,True,accepted
M3,M3_10mA_20C_0,frame_0068.png,0.7023370862007141,True,,True,0.7023370862007141,0.7023370862007141,False,False,True,0.0,1.0,0.0,0.0,6,0.0029296875,1043,50.927734375,True,True,1,0,6,True,True,accepted
M3,M3_10mA_20C_0,frame_0069.png,0.7521145343780518,True,,True,0.7521145343780518,0.7521145343780518,False,False,True,0.0,1.0,0.0,0.0,0,0.0,1043,50.927734375,True,True,0,0,0,True,True,accepted
M3,M3_10mA_20C_0,frame_0071.png,0.7357711791992188,True,,True,0.7357711791992188,0.7357711791992188,False,False,True,0.0,1.0,0.0,0.0,0,0.0,1043,50.927734375,True,True,0,0,0,True,True,accepted
M3,M3_10mA_20C_0,frame_0077.png,0.6996002793312073,True,,True,0.6996002793312073,0.6996002793312073,False,False,True,0.0,1.0,0.0,0.0,0,0.0,1043,50.927734375,True,True,0,0,0,True,True,accepted
M3,M3_10mA_20C_0,frame_0082.png,0.7342025637626648,True,,True,0.7342025637626648,0.7342025637626648,False,False,True,0.0,1.0,0.0,0.0,0,0.0,1043,50.927734375,True,True,0,0,0,True,True,accepted
M3,M3_10mA_20C_0,frame_0083.png,0.7524815201759338,True,,True,0.7524815201759338,0.7524815201759338,False,False,True,0.0,1.0,0.0,0.0,0,0.0,1043,50.927734375,True,True,0,0,0,True,True,accepted
M3,M3_10mA_20C_0,frame_0086.png,0.7311369776725769,True,,True,0.7311369776725769,0.7311369776725769,False,False,True,0.0,1.0,0.0,0.0,0,0.0,1043,50.927734375,True,True,0,0,0,True,True,accepted
M3,M3_10mA_20C_0,frame_0099.png,0.7462610602378845,True,,True,0.7462610602378845,0.7462610602378845,False,False,True,0.0,1.0,0.0,0.0,0,0.0,1043,50.927734375,True,True,0,0,0,True,True,accepted
M3,M3_10mA_20C_0,frame_0102.png,0.7554531097412109,True,,True,0.7554531097412109,0.7554531097412109,False,False,True,0.0,1.0,0.0,0.0,0,0.0,1043,50.927734375,True,True,0,0,0,True,True,accepted
M3,M3_10mA_20C_0,frame_0103.png,0.6851793527603149,True,,True,0.6851793527603149,0.6851793527603149,False,False,True,0.0,1.0,0.0,0.0,6,0.0029296875,1045,51.025390625,True,True,1,0,6,True,True,accepted
M3,M3_10mA_20C_0,frame_0107.png,0.7551884055137634,True,,True,0.7551884055137634,0.7551884055137634,False,False,True,0.0,1.0,0.0,0.0,0,0.0,1043,50.927734375,True,True,0,0,0,True,True,accepted
M3,M3_10mA_20C_0,frame_0113.png,0.7006275653839111,True,,True,0.7006275653839111,0.7006275653839111,False,False,True,0.0,1.0,0.0,0.0,0,0.0,1043,50.927734375,True,True,0,0,0,True,True,accepted
M3,M3_10mA_20C_0,frame_0114.png,0.7445764541625977,True,,True,0.7445764541625977,0.7445764541625977,False,False,True,0.0,1.0,0.0,0.0,0,0.0,1043,50.927734375,True,True,0,0,0,True,True,accepted
M3,M3_10mA_20C_0,frame_0119.png,0.7403181791305542,True,,True,0.7403181791305542,0.7403181791305542,False,False,True,0.0,1.0,0.0,0.0,0,0.0,1043,50.927734375,True,True,0,0,0,True,True,accepted
M3,M3_10mA_20C_0,frame_0120.png,0.6806005239486694,True,,True,0.6806005239486694,0.6806005239486694,False,False,True,0.0,1.0,0.0,0.0,44,0.021484375,1043,50.927734375,True,True,2,0,44,True,True,accepted
M3,M3_10mA_20C_0,frame_0126.png,0.7500835061073303,True,,True,0.7500835061073303,0.7500835061073303,False,False,True,0.0,1.0,0.0,0.0,0,0.0,1043,50.927734375,True,True,0,0,0,True,True,accepted
M3,M3_10mA_20C_0,frame_0129.png,0.7518913745880127,True,,True,0.7518913745880127,0.7518913745880127,False,False,True,0.0,1.0,0.0,0.0,0,0.0,1043,50.927734375,True,True,0,0,0,True,True,accepted
M3,M3_10mA_20C_0,frame_0130.png,0.7247797846794128,True,,True,0.7247797846794128,0.7247797846794128,False,False,True,0.0,1.0,0.0,0.0,0,0.0,1043,50.927734375,True,True,0,0,0,True,True,accepted
M3,M3_10mA_20C_0,frame_0137.png,0.7533815503120422,True,,True,0.7533815503120422,0.7533815503120422,False,False,True,0.0,1.0,0.0,0.0,0,0.0,1043,50.927734375,True,True,0,0,0,True,True,accepted
M3,M3_10mA_20C_0,frame_0153.png,0.7479278445243835,True,,True,0.7479278445243835,0.7479278445243835,False,False,True,0.0,1.0,0.0,0.0,0,0.0,1043,50.927734375,True,True,0,0,0,True,True,accepted
M3,M3_10mA_20C_0,frame_0154.png,0.7235201597213745,True,,True,0.7235201597213745,0.7235201597213745,False,False,True,0.0,1.0,0.0,0.0,0,0.0,1043,50.927734375,True,True,0,0,0,True,True,accepted
M3,M3_10mA_20C_0,frame_0156.png,0.71326744556427,True,,True,0.71326744556427,0.71326744556427,False,False,True,0.0,1.0,0.0,0.0,19,0.00927734375,1050,51.26953125,True,True,1,0,19,True,True,accepted
M3,M3_10mA_20C_0,frame_0163.png,0.733160674571991,True,,True,0.733160674571991,0.733160674571991,False,False,True,0.0,1.0,0.0,0.0,0,0.0,1043,50.927734375,True,True,0,0,0,True,True,accepted
M3,M3_10mA_20C_0,frame_0165.png,0.7007238268852234,True,,True,0.7007238268852234,0.7007238268852234,False,False,True,0.0,1.0,0.0,0.0,0,0.0,1043,50.927734375,True,True,0,0,0,True,True,accepted
M3,M3_10mA_20C_0,frame_0166.png,0.7562844157218933,True,,True,0.7562844157218933,0.7562844157218933,False,False,True,0.0,1.0,0.0,0.0,0,0.0,1043,50.927734375,True,True,0,0,0,True,True,accepted
M3,M3_10mA_20C_0,frame_0167.png,0.751814603805542,True,,True,0.751814603805542,0.751814603805542,False,False,True,0.0,1.0,0.0,0.0,0,0.0,1043,50.927734375,True,True,0,0,0,True,True,accepted
M3,M3_10mA_20C_0,frame_0169.png,0.7028205394744873,True,,True,0.7028205394744873,0.7028205394744873,False,False,True,0.0,1.0,0.0,0.0,0,0.0,1043,50.927734375,True,True,0,0,0,True,True,accepted
M3,M3_10mA_20C_0,frame_0171.png,0.7534195780754089,True,,True,0.7534195780754089,0.7534195780754089,False,False,True,0.0,1.0,0.0,0.0,0,0.0,1043,50.927734375,True,True,0,0,0,True,True,accepted
M3,M3_10mA_20C_0,frame_0174.png,0.7256122827529907,True,,True,0.7256122827529907,0.7256122827529907,False,False,True,0.0,1.0,0.0,0.0,0,0.0,1043,50.927734375,True,True,0,0,0,True,True,accepted
M3,M3_10mA_20C_0,frame_0178.png,0.7393369674682617,True,,True,0.7393369674682617,0.7393369674682617,False,False,True,0.0,1.0,0.0,0.0,0,0.0,1043,50.927734375,True,True,0,0,0,True,True,accepted
M3,M3_10mA_20C_0,frame_0191.png,0.7540456056594849,True,,True,0.7540456056594849,0.7540456056594849,False,False,True,0.0,1.0,0.0,0.0,0,0.0,1043,50.927734375,True,True,0,0,0,True,True,accepted
M3,M3_10mA_20C_0,frame_0193.png,0.7495253086090088,True,,True,0.7495253086090088,0.7495253086090088,False,False,True,0.0,1.0,0.0,0.0,0,0.0,1043,50.927734375,True,True,0,0,0,True,True,accepted
M3,M3_10mA_20C_0,frame_0194.png,0.7390875816345215,True,,True,0.7390875816345215,0.7390875816345215,False,False,True,0.0,1.0,0.0,0.0,1,0.00048828125,1044,50.9765625,True,True,1,0,1,True,True,accepted
M3,M3_10mA_20C_0,frame_0196.png,0.725357711315155,True,,True,0.725357711315155,0.725357711315155,False,False,True,0.0,1.0,0.0,0.0,7,0.00341796875,1040,50.78125,True,True,1,0,7,True,True,accepted
M3,M3_10mA_20C_0,frame_0198.png,0.7313384413719177,True,,True,0.7313384413719177,0.7313384413719177,False,False,True,0.0,1.0,0.0,0.0,0,0.0,1043,50.927734375,True,True,0,0,0,True,True,accepted
M3,M3_10mA_30C_0,frame_0029.png,0.747194230556488,True,,True,0.747194230556488,0.747194230556488,False,False,True,0.0,1.0,0.0,0.0,0,0.0,1043,50.927734375,True,True,0,0,0,True,True,accepted
M3,M3_10mA_30C_0,frame_0036.png,0.7061942219734192,True,,True,0.7061942219734192,0.7061942219734192,False,False,True,0.0,1.0,0.0,0.0,5,0.00244140625,1046,51.07421875,True,True,1,0,5,True,True,accepted
M3,M3_10mA_30C_0,frame_0037.png,0.7525877952575684,True,,True,0.7525877952575684,0.7525877952575684,False,False,True,0.0,1.0,0.0,0.0,0,0.0,1043,50.927734375,True,True,0,0,0,True,True,accepted
M3,M3_10mA_30C_0,frame_0040.png,0.7215633392333984,True,,True,0.7215633392333984,0.7215633392333984,False,False,True,0.0,1.0,0.0,0.0,0,0.0,1043,50.927734375,True,True,0,0,0,True,True,accepted
M3,M3_10mA_30C_0,frame_0041.png,0.7250469923019409,True,,True,0.7250469923019409,0.7250469923019409,False,False,True,0.0,1.0,0.0,0.0,1,0.00048828125,1044,50.9765625,True,True,1,0,1,True,True,accepted
M3,M3_10mA_30C_0,frame_0042.png,0.7378169298171997,True,,True,0.7378169298171997,0.7378169298171997,False,False,True,0.0,1.0,0.0,0.0,10,0.0048828125,1043,50.927734375,True,True,1,0,10,True,True,accepted
M3,M3_10mA_30C_0,frame_0045.png,0.7302951812744141,True,,True,0.7302951812744141,0.7302951812744141,False,False,True,0.0,1.0,0.0,0.0,0,0.0,1043,50.927734375,True,True,0,0,0,True,True,accepted
M3,M3_10mA_30C_0,frame_0050.png,0.7526665925979614,True,,True,0.7526665925979614,0.7526665925979614,False,False,True,0.0,1.0,0.0,0.0,0,0.0,1043,50.927734375,True,True,0,0,0,True,True,accepted
M3,M3_10mA_30C_0,frame_0052.png,0.7434362769126892,True,,True,0.7434362769126892,0.7434362769126892,False,False,True,0.0,1.0,0.0,0.0,0,0.0,1043,50.927734375,True,True,0,0,0,True,True,accepted
M3,M3_10mA_30C_0,frame_0053.png,0.7408654689788818,True,,True,0.7408654689788818,0.7408654689788818,False,False,True,0.0,1.0,0.0,0.0,0,0.0,1043,50.927734375,True,True,0,0,0,True,True,accepted
M3,M3_10mA_30C_0,frame_0054.png,0.7408488988876343,True,,True,0.7408488988876343,0.7408488988876343,False,False,True,0.0,1.0,0.0,0.0,19,0.00927734375,1046,51.07421875,True,True,1,0,19,True,True,accepted
M3,M3_10mA_30C_0,frame_0058.png,0.7422358989715576,True,,True,0.7422358989715576,0.7422358989715576,False,False,True,0.0,1.0,0.0,0.0,0,0.0,1043,50.927734375,True,True,0,0,0,True,True,accepted
M3,M3_10mA_30C_0,frame_0064.png,0.7555466294288635,True,,True,0.7555466294288635,0.7555466294288635,False,False,True,0.0,1.0,0.0,0.0,0,0.0,1043,50.927734375,True,True,0,0,0,True,True,accepted
M3,M3_10mA_30C_0,frame_0072.png,0.7516530752182007,True,,True,0.7516530752182007,0.7516530752182007,False,False,True,0.0,1.0,0.0,0.0,0,0.0,1043,50.927734375,True,True,0,0,0,True,True,accepted
M3,M3_10mA_30C_0,frame_0077.png,0.7534710168838501,True,,True,0.7534710168838501,0.7534710168838501,False,False,True,0.0,1.0,0.0,0.0,0,0.0,1043,50.927734375,True,True,0,0,0,True,True,accepted
M3,M3_10mA_30C_0,frame_0078.png,0.7088975310325623,True,,True,0.7088975310325623,0.7088975310325623,False,False,True,0.0,1.0,0.0,0.0,13,0.00634765625,1044,50.9765625,True,True,1,0,13,True,True,accepted
M3,M3_10mA_30C_0,frame_0079.png,0.698499321937561,True,,True,0.698499321937561,0.698499321937561,False,False,True,0.0,1.0,0.0,0.0,6,0.0029296875,1041,50.830078125,True,True,1,0,6,True,True,accepted
M3,M3_10mA_30C_0,frame_0082.png,0.7079804539680481,True,,True,0.7079804539680481,0.7079804539680481,False,False,True,0.0,1.0,0.0,0.0,0,0.0,1043,50.927734375,True,True,0,0,0,True,True,accepted
M3,M3_10mA_30C_0,frame_0084.png,0.753711998462677,True,,True,0.753711998462677,0.753711998462677,False,False,True,0.0,1.0,0.0,0.0,0,0.0,1043,50.927734375,True,True,0,0,0,True,True,accepted
M3,M3_10mA_30C_0,frame_0096.png,0.7186501026153564,True,,True,0.7186501026153564,0.7186501026153564,False,False,True,0.0,1.0,0.0,0.0,0,0.0,1043,50.927734375,True,True,0,0,0,True,True,accepted
M3,M3_10mA_30C_0,frame_0099.png,0.7520447969436646,True,,True,0.7520447969436646,0.7520447969436646,False,False,True,0.0,1.0,0.0,0.0,0,0.0,1043,50.927734375,True,True,0,0,0,True,True,accepted
M3,M3_10mA_30C_0,frame_0100.png,0.7078107595443726,True,,True,0.7078107595443726,0.7078107595443726,False,False,True,0.0,1.0,0.0,0.0,0,0.0,1043,50.927734375,True,True,0,0,0,True,True,accepted
M3,M3_10mA_30C_0,frame_0103.png,0.7179765701293945,True,,True,0.7179765701293945,0.7179765701293945,False,False,True,0.0,1.0,0.0,0.0,0,0.0,1043,50.927734375,True,True,0,0,0,True,True,accepted
M3,M3_10mA_30C_0,frame_0104.png,0.721506655216217,True,,True,0.721506655216217,0.721506655216217,False,False,True,0.0,1.0,0.0,0.0,0,0.0,1043,50.927734375,True,True,0,0,0,True,True,accepted
M3,M3_10mA_30C_0,frame_0114.png,0.721232533454895,True,,True,0.721232533454895,0.721232533454895,False,False,True,0.0,1.0,0.0,0.0,0,0.0,1043,50.927734375,True,True,0,0,0,True,True,accepted
M3,M3_10mA_30C_0,frame_0117.png,0.7366771697998047,True,,True,0.7366771697998047,0.7366771697998047,False,False,True,0.0,1.0,0.0,0.0,0,0.0,1043,50.927734375,True,True,0,0,0,True,True,accepted
M3,M3_10mA_30C_0,frame_0121.png,0.7125185132026672,True,,True,0.7125185132026672,0.7125185132026672,False,False,True,0.0,1.0,0.0,0.0,0,0.0,1043,50.927734375,True,True,0,0,0,True,True,accepted
M3,M3_10mA_30C_0,frame_0122.png,0.7503439784049988,True,,True,0.7503439784049988,0.7503439784049988,False,False,True,0.0,1.0,0.0,0.0,0,0.0,1043,50.927734375,True,True,0,0,0,True,True,accepted
M3,M3_10mA_30C_0,frame_0127.png,0.7508141398429871,True,,True,0.7508141398429871,0.7508141398429871,False,False,True,0.0,1.0,0.0,0.0,0,0.0,1043,50.927734375,True,True,0,0,0,True,True,accepted
M3,M3_10mA_30C_0,frame_0128.png,0.7354500889778137,True,,True,0.7354500889778137,0.7354500889778137,False,False,True,0.0,1.0,0.0,0.0,0,0.0,1043,50.927734375,True,True,0,0,0,True,True,accepted
M3,M3_10mA_30C_0,frame_0130.png,0.7544969916343689,True,,True,0.7544969916343689,0.7544969916343689,False,False,True,0.0,1.0,0.0,0.0,0,0.0,1043,50.927734375,True,True,0,0,0,True,True,accepted
M3,M3_10mA_30C_0,frame_0132.png,0.7097286581993103,True,,True,0.7097286581993103,0.7097286581993103,False,False,True,0.0,1.0,0.0,0.0,0,0.0,1043,50.927734375,True,True,0,0,0,True,True,accepted
M3,M3_10mA_30C_0,frame_0134.png,0.7052211761474609,True,,True,0.7052211761474609,0.7052211761474609,False,False,True,0.0,1.0,0.0,0.0,0,0.0,1043,50.927734375,True,True,0,0,0,True,True,accepted
M3,M3_10mA_30C_0,frame_0135.png,0.7377122044563293,True,,True,0.7377122044563293,0.7377122044563293,False,False,True,0.0,1.0,0.0,0.0,0,0.0,1043,50.927734375,True,True,0,0,0,True,True,accepted
M3,M3_10mA_30C_0,frame_0148.png,0.7152338624000549,True,,True,0.7152338624000549,0.7152338624000549,False,False,True,0.0,1.0,0.0,0.0,0,0.0,1043,50.927734375,True,True,0,0,0,True,True,accepted
M3,M3_10mA_30C_0,frame_0151.png,0.7321885228157043,True,,True,0.7321885228157043,0.7321885228157043,False,False,True,0.0,1.0,0.0,0.0,0,0.0,1043,50.927734375,True,True,0,0,0,True,True,accepted
M3,M3_10mA_30C_0,frame_0155.png,0.7286734580993652,True,,True,0.7286734580993652,0.7286734580993652,False,False,True,0.0,1.0,0.0,0.0,3,0.00146484375,1044,50.9765625,True,True,1,0,3,True,True,accepted
M3,M3_10mA_30C_0,frame_0159.png,0.7248886823654175,True,,True,0.7248886823654175,0.7248886823654175,False,False,True,0.0,1.0,0.0,0.0,0,0.0,1043,50.927734375,True,True,0,0,0,True,True,accepted
M3,M3_10mA_30C_0,frame_0160.png,0.7419098615646362,True,,True,0.7419098615646362,0.7419098615646362,False,False,True,0.0,1.0,0.0,0.0,0,0.0,1043,50.927734375,True,True,0,0,0,True,True,accepted
M3,M3_10mA_30C_0,frame_0167.png,0.7507745623588562,True,,True,0.7507745623588562,0.7507745623588562,False,False,True,0.0,1.0,0.0,0.0,0,0.0,1043,50.927734375,True,True,0,0,0,True,True,accepted
M3,M3_10mA_30C_0,frame_0177.png,0.7233798503875732,True,,True,0.7233798503875732,0.7233798503875732,False,False,True,0.0,1.0,0.0,0.0,0,0.0,1043,50.927734375,True,True,0,0,0,True,True,accepted
M3,M3_10mA_30C_0,frame_0178.png,0.7365469932556152,True,,True,0.7365469932556152,0.7365469932556152,False,False,True,0.0,1.0,0.0,0.0,0,0.0,1043,50.927734375,True,True,0,0,0,True,True,accepted
M3,M3_10mA_30C_0,frame_0184.png,0.7394304871559143,True,,True,0.7394304871559143,0.7394304871559143,False,False,True,0.0,1.0,0.0,0.0,0,0.0,1043,50.927734375,True,True,0,0,0,True,True,accepted
M3,M3_10mA_30C_0,frame_0189.png,0.7416275143623352,True,,True,0.7416275143623352,0.7416275143623352,False,False,True,0.0,1.0,0.0,0.0,0,0.0,1043,50.927734375,True,True,0,0,0,True,True,accepted
M3,M3_10mA_30C_0,frame_0195.png,0.7432615756988525,True,,True,0.7432615756988525,0.7432615756988525,False,False,True,0.0,1.0,0.0,0.0,0,0.0,1043,50.927734375,True,True,0,0,0,True,True,accepted
M3,M3_10mA_40C_0,frame_0011.png,0.7468804717063904,True,,True,0.7468804717063904,0.7468804717063904,False,False,True,0.0,1.0,0.0,0.0,0,0.0,1043,50.927734375,True,True,0,0,0,True,True,accepted
M3,M3_10mA_40C_0,frame_0014.png,0.7047025561332703,True,,True,0.7047025561332703,0.7047025561332703,False,False,True,0.0,1.0,0.0,0.0,0,0.0,1043,50.927734375,True,True,0,0,0,True,True,accepted
M3,M3_10mA_40C_0,frame_0015.png,0.7234476804733276,True,,True,0.7234476804733276,0.7234476804733276,False,False,True,0.0,1.0,0.0,0.0,0,0.0,1043,50.927734375,True,True,0,0,0,True,True,accepted
M3,M3_10mA_40C_0,frame_0023.png,0.692280650138855,True,,True,0.692280650138855,0.692280650138855,False,False,True,0.0,1.0,0.0,0.0,63,0.03076171875,1042,50.87890625,True,True,2,0,63,True,True,accepted
M3,M3_10mA_40C_0,frame_0035.png,0.7524849772453308,True,,True,0.7524849772453308,0.7524849772453308,False,False,True,0.0,1.0,0.0,0.0,0,0.0,1043,50.927734375,True,True,0,0,0,True,True,accepted
M3,M3_10mA_40C_0,frame_0039.png,0.72342449426651,True,,True,0.72342449426651,0.72342449426651,False,False,True,0.0,1.0,0.0,0.0,0,0.0,1043,50.927734375,True,True,0,0,0,True,True,accepted
M3,M3_10mA_40C_0,frame_0041.png,0.7490082383155823,True,,True,0.7490082383155823,0.7490082383155823,False,False,True,0.0,1.0,0.0,0.0,0,0.0,1043,50.927734375,True,True,0,0,0,True,True,accepted
M3,M3_10mA_40C_0,frame_0044.png,0.7407278418540955,True,,True,0.7407278418540955,0.7407278418540955,False,False,True,0.0,1.0,0.0,0.0,0,0.0,1043,50.927734375,True,True,0,0,0,True,True,accepted
M3,M3_10mA_40C_0,frame_0047.png,0.7435230016708374,True,,True,0.7435230016708374,0.7435230016708374,False,False,True,0.0,1.0,0.0,0.0,1,0.00048828125,1044,50.9765625,True,True,1,0,1,True,True,accepted
M3,M3_10mA_40C_0,frame_0052.png,0.7502837777137756,True,,True,0.7502837777137756,0.7502837777137756,False,False,True,0.0,1.0,0.0,0.0,0,0.0,1043,50.927734375,True,True,0,0,0,True,True,accepted
M3,M3_10mA_40C_0,frame_0056.png,0.7430686354637146,True,,True,0.7430686354637146,0.7430686354637146,False,False,True,0.0,1.0,0.0,0.0,1,0.00048828125,1042,50.87890625,True,True,1,0,1,True,True,accepted
M3,M3_10mA_40C_0,frame_0058.png,0.7419719099998474,True,,True,0.7419719099998474,0.7419719099998474,False,False,True,0.0,1.0,0.0,0.0,0,0.0,1043,50.927734375,True,True,0,0,0,True,True,accepted
M3,M3_10mA_40C_0,frame_0063.png,0.6956716775894165,True,,True,0.6956716775894165,0.6956716775894165,False,False,True,0.0,1.0,0.0,0.0,0,0.0,1043,50.927734375,True,True,0,0,0,True,True,accepted
M3,M3_10mA_40C_0,frame_0066.png,0.6929770708084106,True,,True,0.6929770708084106,0.6929770708084106,False,False,True,0.0,1.0,0.0,0.0,0,0.0,1043,50.927734375,True,True,0,0,0,True,True,accepted
M3,M3_10mA_40C_0,frame_0071.png,0.7425788640975952,True,,True,0.7425788640975952,0.7425788640975952,False,False,True,0.0,1.0,0.0,0.0,0,0.0,1043,50.927734375,True,True,0,0,0,True,True,accepted
M3,M3_10mA_40C_0,frame_0072.png,0.7487828731536865,True,,True,0.7487828731536865,0.7487828731536865,False,False,True,0.0,1.0,0.0,0.0,0,0.0,1043,50.927734375,True,True,0,0,0,True,True,accepted
M3,M3_10mA_40C_0,frame_0081.png,0.7367267608642578,True,,True,0.7367267608642578,0.7367267608642578,False,False,True,0.0,1.0,0.0,0.0,0,0.0,1043,50.927734375,True,True,0,0,0,True,True,accepted
M3,M3_10mA_40C_0,frame_0084.png,0.736283004283905,True,,True,0.736283004283905,0.736283004283905,False,False,True,0.0,1.0,0.0,0.0,0,0.0,1043,50.927734375,True,True,0,0,0,True,True,accepted
M3,M3_10mA_40C_0,frame_0086.png,0.7533350586891174,True,,True,0.7533350586891174,0.7533350586891174,False,False,True,0.0,1.0,0.0,0.0,0,0.0,1043,50.927734375,True,True,0,0,0,True,True,accepted
M3,M3_10mA_40C_0,frame_0095.png,0.7272966504096985,True,,True,0.7272966504096985,0.7272966504096985,False,False,True,0.0,1.0,0.0,0.0,0,0.0,1043,50.927734375,True,True,0,0,0,True,True,accepted
M3,M3_10mA_40C_0,frame_0100.png,0.7289861440658569,True,,True,0.7289861440658569,0.7289861440658569,False,False,True,0.0,1.0,0.0,0.0,0,0.0,1043,50.927734375,True,True,0,0,0,True,True,accepted
M3,M3_10mA_40C_0,frame_0103.png,0.7294811010360718,True,,True,0.7294811010360718,0.7294811010360718,False,False,True,0.0,1.0,0.0,0.0,2,0.0009765625,1045,51.025390625,True,True,1,0,2,True,True,accepted
M3,M3_10mA_40C_0,frame_0114.png,0.7121957540512085,True,,True,0.7121957540512085,0.7121957540512085,False,False,True,0.0,1.0,0.0,0.0,0,0.0,1043,50.927734375,True,True,0,0,0,True,True,accepted
M3,M3_10mA_40C_0,frame_0116.png,0.735865592956543,True,,True,0.735865592956543,0.735865592956543,False,False,True,0.0,1.0,0.0,0.0,2,0.0009765625,1043,50.927734375,True,True,1,0,2,True,True,accepted
M3,M3_10mA_40C_0,frame_0117.png,0.7406980991363525,True,,True,0.7406980991363525,0.7406980991363525,False,False,True,0.0,1.0,0.0,0.0,0,0.0,1043,50.927734375,True,True,0,0,0,True,True,accepted
M3,M3_10mA_40C_0,frame_0119.png,0.741926372051239,True,,True,0.741926372051239,0.741926372051239,False,False,True,0.0,1.0,0.0,0.0,0,0.0,1043,50.927734375,True,True,0,0,0,True,True,accepted
M3,M3_10mA_40C_0,frame_0123.png,0.7163086533546448,True,,True,0.7163086533546448,0.7163086533546448,False,False,True,0.0,1.0,0.0,0.0,0,0.0,1043,50.927734375,True,True,0,0,0,True,True,accepted
M3,M3_10mA_40C_0,frame_0124.png,0.7531977891921997,True,,True,0.7531977891921997,0.7531977891921997,False,False,True,0.0,1.0,0.0,0.0,0,0.0,1043,50.927734375,True,True,0,0,0,True,True,accepted
M3,M3_10mA_40C_0,frame_0132.png,0.7459061741828918,True,,True,0.7459061741828918,0.7459061741828918,False,False,True,0.0,1.0,0.0,0.0,0,0.0,1043,50.927734375,True,True,0,0,0,True,True,accepted
M3,M3_10mA_40C_0,frame_0134.png,0.7308228611946106,True,,True,0.7308228611946106,0.7308228611946106,False,False,True,0.0,1.0,0.0,0.0,2,0.0009765625,1043,50.927734375,True,True,1,0,2,True,True,accepted
M3,M3_10mA_40C_0,frame_0135.png,0.7337431907653809,True,,True,0.7337431907653809,0.7337431907653809,False,False,True,0.0,1.0,0.0,0.0,2,0.0009765625,1041,50.830078125,True,True,1,0,2,True,True,accepted
M3,M3_10mA_40C_0,frame_0145.png,0.75370192527771,True,,True,0.75370192527771,0.75370192527771,False,False,True,0.0,1.0,0.0,0.0,0,0.0,1043,50.927734375,True,True,0,0,0,True,True,accepted
M3,M3_10mA_40C_0,frame_0147.png,0.7436461448669434,True,,True,0.7436461448669434,0.7436461448669434,False,False,True,0.0,1.0,0.0,0.0,0,0.0,1043,50.927734375,True,True,0,0,0,True,True,accepted
M3,M3_10mA_40C_0,frame_0148.png,0.7440133690834045,True,,True,0.7440133690834045,0.7440133690834045,False,False,True,0.0,1.0,0.0,0.0,0,0.0,1043,50.927734375,True,True,0,0,0,True,True,accepted
M3,M3_10mA_40C_0,frame_0151.png,0.7209417223930359,True,,True,0.7209417223930359,0.7209417223930359,False,False,True,0.0,1.0,0.0,0.0,4,0.001953125,1041,50.830078125,True,True,1,0,4,True,True,accepted
M3,M3_10mA_40C_0,frame_0152.png,0.752183198928833,True,,True,0.752183198928833,0.752183198928833,False,False,True,0.0,1.0,0.0,0.0,0,0.0,1043,50.927734375,True,True,0,0,0,True,True,accepted
M3,M3_10mA_40C_0,frame_0154.png,0.7064020037651062,True,,True,0.7064020037651062,0.7064020037651062,False,False,True,0.0,1.0,0.0,0.0,0,0.0,1043,50.927734375,True,True,0,0,0,True,True,accepted
M3,M3_10mA_40C_0,frame_0165.png,0.7221819162368774,True,,True,0.7221819162368774,0.7221819162368774,False,False,True,0.0,1.0,0.0,0.0,0,0.0,1043,50.927734375,True,True,0,0,0,True,True,accepted
M3,M3_10mA_40C_0,frame_0169.png,0.7023360729217529,True,,True,0.7023360729217529,0.7023360729217529,False,False,True,0.0,1.0,0.0,0.0,0,0.0,1043,50.927734375,True,True,0,0,0,True,True,accepted
M3,M3_10mA_40C_0,frame_0176.png,0.7541782855987549,True,,True,0.7541782855987549,0.7541782855987549,False,False,True,0.0,1.0,0.0,0.0,0,0.0,1043,50.927734375,True,True,0,0,0,True,True,accepted
M3,M3_10mA_40C_0,frame_0181.png,0.7055455446243286,True,,True,0.7055455446243286,0.7055455446243286,False,False,True,0.0,1.0,0.0,0.0,0,0.0,1043,50.927734375,True,True,0,0,0,True,True,accepted
M3,M3_10mA_40C_0,frame_0184.png,0.7380571365356445,True,,True,0.7380571365356445,0.7380571365356445,False,False,True,0.0,1.0,0.0,0.0,0,0.0,1043,50.927734375,True,True,0,0,0,True,True,accepted
M3,M3_10mA_40C_0,frame_0193.png,0.750686526298523,True,,True,0.750686526298523,0.750686526298523,False,False,True,0.0,1.0,0.0,0.0,0,0.0,1043,50.927734375,True,True,0,0,0,True,True,accepted
M3,M3_10mA_40C_0,frame_0195.png,0.7207310199737549,True,,True,0.7207310199737549,0.7207310199737549,False,False,True,0.0,1.0,0.0,0.0,0,0.0,1043,50.927734375,True,True,0,0,0,True,True,accepted
M3,M3_10mA_40C_0,frame_0196.png,0.6995844841003418,True,,True,0.6995844841003418,0.6995844841003418,False,False,True,0.0,1.0,0.0,0.0,0,0.0,1043,50.927734375,True,True,0,0,0,True,True,accepted
M3,M3_20mA_20C_0,frame_0034.png,0.7308208346366882,True,,True,0.7308208346366882,0.7308208346366882,False,False,True,0.0,1.0,0.0,0.0,1,0.00048828125,1042,50.87890625,True,True,1,0,1,True,True,accepted
M3,M3_20mA_20C_0,frame_0039.png,0.7433356642723083,True,,True,0.7433356642723083,0.7433356642723083,False,False,True,0.0,1.0,0.0,0.0,0,0.0,1043,50.927734375,True,True,0,0,0,True,True,accepted
M3,M3_20mA_20C_0,frame_0045.png,0.7379978895187378,True,,True,0.7379978895187378,0.7379978895187378,False,False,True,0.0,1.0,0.0,0.0,0,0.0,1043,50.927734375,True,True,0,0,0,True,True,accepted
M3,M3_20mA_20C_0,frame_0048.png,0.7528913021087646,True,,True,0.7528913021087646,0.7528913021087646,False,False,True,0.0,1.0,0.0,0.0,0,0.0,1043,50.927734375,True,True,0,0,0,True,True,accepted
M3,M3_20mA_20C_0,frame_0051.png,0.7041471004486084,True,,True,0.7041471004486084,0.7041471004486084,False,False,True,0.0,1.0,0.0,0.0,0,0.0,1043,50.927734375,True,True,0,0,0,True,True,accepted
M3,M3_20mA_20C_0,frame_0052.png,0.7528700232505798,True,,True,0.7528700232505798,0.7528700232505798,False,False,True,0.0,1.0,0.0,0.0,0,0.0,1043,50.927734375,True,True,0,0,0,True,True,accepted
M3,M3_20mA_20C_0,frame_0055.png,0.7318583726882935,True,,True,0.7318583726882935,0.7318583726882935,False,False,True,0.0,1.0,0.0,0.0,0,0.0,1043,50.927734375,True,True,0,0,0,True,True,accepted
M3,M3_20mA_20C_0,frame_0056.png,0.749755322933197,True,,True,0.749755322933197,0.749755322933197,False,False,True,0.0,1.0,0.0,0.0,0,0.0,1043,50.927734375,True,True,0,0,0,True,True,accepted
M3,M3_20mA_20C_0,frame_0057.png,0.7514199614524841,True,,True,0.7514199614524841,0.7514199614524841,False,False,True,0.0,1.0,0.0,0.0,0,0.0,1043,50.927734375,True,True,0,0,0,True,True,accepted
M3,M3_20mA_20C_0,frame_0061.png,0.750682532787323,True,,True,0.750682532787323,0.750682532787323,False,False,True,0.0,1.0,0.0,0.0,0,0.0,1043,50.927734375,True,True,0,0,0,True,True,accepted
M3,M3_20mA_20C_0,frame_0065.png,0.7526151537895203,True,,True,0.7526151537895203,0.7526151537895203,False,False,True,0.0,1.0,0.0,0.0,0,0.0,1043,50.927734375,True,True,0,0,0,True,True,accepted
M3,M3_20mA_20C_0,frame_0070.png,0.7241512537002563,True,,True,0.7241512537002563,0.7241512537002563,False,False,True,0.0,1.0,0.0,0.0,0,0.0,1043,50.927734375,True,True,0,0,0,True,True,accepted
M3,M3_20mA_20C_0,frame_0077.png,0.7470186948776245,True,,True,0.7470186948776245,0.7470186948776245,False,False,True,0.0,1.0,0.0,0.0,0,0.0,1043,50.927734375,True,True,0,0,0,True,True,accepted
M3,M3_20mA_20C_0,frame_0078.png,0.718329668045044,True,,True,0.718329668045044,0.718329668045044,False,False,True,0.0,1.0,0.0,0.0,0,0.0,1043,50.927734375,True,True,0,0,0,True,True,accepted
M3,M3_20mA_20C_0,frame_0088.png,0.7525930404663086,True,,True,0.7525930404663086,0.7525930404663086,False,False,True,0.0,1.0,0.0,0.0,0,0.0,1043,50.927734375,True,True,0,0,0,True,True,accepted
M3,M3_20mA_20C_0,frame_0090.png,0.7493321299552917,True,,True,0.7493321299552917,0.7493321299552917,False,False,True,0.0,1.0,0.0,0.0,0,0.0,1043,50.927734375,True,True,0,0,0,True,True,accepted
M3,M3_20mA_20C_0,frame_0094.png,0.7386811375617981,True,,True,0.7386811375617981,0.7386811375617981,False,False,True,0.0,1.0,0.0,0.0,0,0.0,1043,50.927734375,True,True,0,0,0,True,True,accepted
M3,M3_20mA_20C_0,frame_0109.png,0.7515149116516113,True,,True,0.7515149116516113,0.7515149116516113,False,False,True,0.0,1.0,0.0,0.0,0,0.0,1043,50.927734375,True,True,0,0,0,True,True,accepted
M3,M3_20mA_20C_0,frame_0115.png,0.7150324583053589,True,,True,0.7150324583053589,0.7150324583053589,False,False,True,0.0,1.0,0.0,0.0,0,0.0,1043,50.927734375,True,True,0,0,0,True,True,accepted
M3,M3_20mA_20C_0,frame_0116.png,0.7200567126274109,True,,True,0.7200567126274109,0.7200567126274109,False,False,True,0.0,1.0,0.0,0.0,0,0.0,1043,50.927734375,True,True,0,0,0,True,True,accepted
M3,M3_20mA_20C_0,frame_0120.png,0.7444897294044495,True,,True,0.7444897294044495,0.7444897294044495,False,False,True,0.0,1.0,0.0,0.0,0,0.0,1043,50.927734375,True,True,0,0,0,True,True,accepted
M3,M3_20mA_20C_0,frame_0122.png,0.7564801573753357,True,,True,0.7564801573753357,0.7564801573753357,False,False,True,0.0,1.0,0.0,0.0,0,0.0,1043,50.927734375,True,True,0,0,0,True,True,accepted
M3,M3_20mA_20C_0,frame_0123.png,0.7485664486885071,True,,True,0.7485664486885071,0.7485664486885071,False,False,True,0.0,1.0,0.0,0.0,0,0.0,1043,50.927734375,True,True,0,0,0,True,True,accepted
M3,M3_20mA_20C_0,frame_0129.png,0.7569373846054077,True,,True,0.7569373846054077,0.7569373846054077,False,False,True,0.0,1.0,0.0,0.0,0,0.0,1043,50.927734375,True,True,0,0,0,True,True,accepted
M3,M3_20mA_20C_0,frame_0130.png,0.7011608481407166,True,,True,0.7011608481407166,0.7011608481407166,False,False,True,0.0,1.0,0.0,0.0,1,0.00048828125,1044,50.9765625,True,True,1,0,1,True,True,accepted
M3,M3_20mA_20C_0,frame_0133.png,0.7445833683013916,True,,True,0.7445833683013916,0.7445833683013916,False,False,True,0.0,1.0,0.0,0.0,0,0.0,1043,50.927734375,True,True,0,0,0,True,True,accepted
M3,M3_20mA_20C_0,frame_0136.png,0.7108734250068665,True,,True,0.7108734250068665,0.7108734250068665,False,False,True,0.0,1.0,0.0,0.0,0,0.0,1043,50.927734375,True,True,0,0,0,True,True,accepted
M3,M3_20mA_20C_0,frame_0140.png,0.7512505650520325,True,,True,0.7512505650520325,0.7512505650520325,False,False,True,0.0,1.0,0.0,0.0,0,0.0,1043,50.927734375,True,True,0,0,0,True,True,accepted
M3,M3_20mA_20C_0,frame_0147.png,0.7229255437850952,True,,True,0.7229255437850952,0.7229255437850952,False,False,True,0.0,1.0,0.0,0.0,0,0.0,1043,50.927734375,True,True,0,0,0,True,True,accepted
M3,M3_20mA_20C_0,frame_0150.png,0.7141791582107544,True,,True,0.7141791582107544,0.7141791582107544,False,False,True,0.0,1.0,0.0,0.0,0,0.0,1043,50.927734375,True,True,0,0,0,True,True,accepted
M3,M3_20mA_20C_0,frame_0154.png,0.7204604744911194,True,,True,0.7204604744911194,0.7204604744911194,False,False,True,0.0,1.0,0.0,0.0,0,0.0,1043,50.927734375,True,True,0,0,0,True,True,accepted
M3,M3_20mA_20C_0,frame_0160.png,0.7211387753486633,True,,True,0.7211387753486633,0.7211387753486633,False,False,True,0.0,1.0,0.0,0.0,0,0.0,1043,50.927734375,True,True,0,0,0,True,True,accepted
M3,M3_20mA_20C_0,frame_0162.png,0.7391331195831299,True,,True,0.7391331195831299,0.7391331195831299,False,False,True,0.0,1.0,0.0,0.0,0,0.0,1043,50.927734375,True,True,0,0,0,True,True,accepted
M3,M3_20mA_20C_0,frame_0164.png,0.7486230134963989,True,,True,0.7486230134963989,0.7486230134963989,False,False,True,0.0,1.0,0.0,0.0,0,0.0,1043,50.927734375,True,True,0,0,0,True,True,accepted
M3,M3_20mA_20C_0,frame_0168.png,0.75123131275177,True,,True,0.75123131275177,0.75123131275177,False,False,True,0.0,1.0,0.0,0.0,0,0.0,1043,50.927734375,True,True,0,0,0,True,True,accepted
M3,M3_20mA_20C_0,frame_0173.png,0.7529618740081787,True,,True,0.7529618740081787,0.7529618740081787,False,False,True,0.0,1.0,0.0,0.0,0,0.0,1043,50.927734375,True,True,0,0,0,True,True,accepted
M3,M3_20mA_20C_0,frame_0178.png,0.7435443997383118,True,,True,0.7435443997383118,0.7435443997383118,False,False,True,0.0,1.0,0.0,0.0,0,0.0,1043,50.927734375,True,True,0,0,0,True,True,accepted
M3,M3_20mA_20C_0,frame_0180.png,0.7516692876815796,True,,True,0.7516692876815796,0.7516692876815796,False,False,True,0.0,1.0,0.0,0.0,0,0.0,1043,50.927734375,True,True,0,0,0,True,True,accepted
M3,M3_20mA_20C_0,frame_0181.png,0.7467421889305115,True,,True,0.7467421889305115,0.7467421889305115,False,False,True,0.0,1.0,0.0,0.0,0,0.0,1043,50.927734375,True,True,0,0,0,True,True,accepted
M3,M3_20mA_20C_0,frame_0184.png,0.756071925163269,True,,True,0.756071925163269,0.756071925163269,False,False,True,0.0,1.0,0.0,0.0,0,0.0,1043,50.927734375,True,True,0,0,0,True,True,accepted
M3,M3_20mA_20C_0,frame_0190.png,0.7264549732208252,True,,True,0.7264549732208252,0.7264549732208252,False,False,True,0.0,1.0,0.0,0.0,0,0.0,1043,50.927734375,True,True,0,0,0,True,True,accepted
M3,M3_20mA_20C_0,frame_0193.png,0.727675199508667,True,,True,0.727675199508667,0.727675199508667,False,False,True,0.0,1.0,0.0,0.0,0,0.0,1043,50.927734375,True,True,0,0,0,True,True,accepted
M3,M3_20mA_20C_0,frame_0198.png,0.7549169659614563,True,,True,0.7549169659614563,0.7549169659614563,False,False,True,0.0,1.0,0.0,0.0,0,0.0,1043,50.927734375,True,True,0,0,0,True,True,accepted
M3,M3_20mA_20C_0,frame_0199.png,0.7270789742469788,True,,True,0.7270789742469788,0.7270789742469788,False,False,True,0.0,1.0,0.0,0.0,0,0.0,1043,50.927734375,True,True,0,0,0,True,True,accepted
M3,M3_20mA_20C_0,frame_0200.png,0.738017201423645,True,,True,0.738017201423645,0.738017201423645,False,False,True,0.0,1.0,0.0,0.0,0,0.0,1043,50.927734375,True,True,0,0,0,True,True,accepted
M3,M3_20mA_30C_0,frame_0025.png,0.7292044162750244,True,,True,0.7292044162750244,0.7292044162750244,False,False,True,0.0,1.0,0.0,0.0,0,0.0,1043,50.927734375,True,True,0,0,0,True,True,accepted
M3,M3_20mA_30C_0,frame_0036.png,0.7130439877510071,True,,True,0.31415602564811707,0.7130439877510071,True,True,True,18.0,0.975,0.0,0.0,28,0.013671875,1039,50.732421875,True,True,1,0,28,True,True,accepted
M3,M3_20mA_30C_0,frame_0040.png,0.7382172346115112,True,,True,0.7382172346115112,0.7382172346115112,False,False,True,0.0,1.0,0.0,0.0,12,0.005859375,1045,51.025390625,True,True,1,0,12,True,True,accepted
M3,M3_20mA_30C_0,frame_0045.png,0.6837137341499329,True,,True,0.6837137341499329,0.6837137341499329,False,False,True,0.0,1.0,0.0,0.0,0,0.0,1043,50.927734375,True,True,0,0,0,True,True,accepted
M3,M3_20mA_30C_0,frame_0048.png,0.7128930687904358,True,,True,0.7128930687904358,0.7128930687904358,False,False,True,0.0,1.0,0.0,0.0,12,0.005859375,1039,50.732421875,True,True,1,0,12,True,True,accepted
M3,M3_20mA_30C_0,frame_0049.png,0.7427532076835632,True,,True,0.7427532076835632,0.7427532076835632,False,False,True,0.0,1.0,0.0,0.0,0,0.0,1043,50.927734375,True,True,0,0,0,True,True,accepted
M3,M3_20mA_30C_0,frame_0051.png,0.7265047430992126,True,,True,0.7265047430992126,0.7265047430992126,False,False,True,0.0,1.0,0.0,0.0,0,0.0,1043,50.927734375,True,True,0,0,0,True,True,accepted
M3,M3_20mA_30C_0,frame_0052.png,0.7340523600578308,True,,True,0.7340523600578308,0.7340523600578308,False,False,True,0.0,1.0,0.0,0.0,2,0.0009765625,1043,50.927734375,True,True,1,0,2,True,True,accepted
M3,M3_20mA_30C_0,frame_0054.png,0.7461265921592712,True,,True,0.7461265921592712,0.7461265921592712,False,False,True,0.0,1.0,0.0,0.0,0,0.0,1043,50.927734375,True,True,0,0,0,True,True,accepted
M3,M3_20mA_30C_0,frame_0057.png,0.7285747528076172,True,,True,0.7285747528076172,0.7285747528076172,False,False,True,0.0,1.0,0.0,0.0,0,0.0,1043,50.927734375,True,True,0,0,0,True,True,accepted
M3,M3_20mA_30C_0,frame_0061.png,0.7311624884605408,True,,True,0.7311624884605408,0.7311624884605408,False,False,True,0.0,1.0,0.0,0.0,6,0.0029296875,1045,51.025390625,True,True,1,0,6,True,True,accepted
M3,M3_20mA_30C_0,frame_0062.png,0.7496368885040283,True,,True,0.7496368885040283,0.7496368885040283,False,False,True,0.0,1.0,0.0,0.0,0,0.0,1043,50.927734375,True,True,0,0,0,True,True,accepted
M3,M3_20mA_30C_0,frame_0071.png,0.721796989440918,True,,True,0.721796989440918,0.721796989440918,False,False,True,0.0,1.0,0.0,0.0,4,0.001953125,1041,50.830078125,True,True,1,0,4,True,True,accepted
M3,M3_20mA_30C_0,frame_0076.png,0.7310411930084229,True,,True,0.7310411930084229,0.7310411930084229,False,False,True,0.0,1.0,0.0,0.0,3,0.00146484375,1044,50.9765625,True,True,1,0,3,True,True,accepted
M3,M3_20mA_30C_0,frame_0084.png,0.7189092636108398,True,,True,0.7189092636108398,0.7189092636108398,False,False,True,0.0,1.0,0.0,0.0,0,0.0,1043,50.927734375,True,True,0,0,0,True,True,accepted
M3,M3_20mA_30C_0,frame_0085.png,0.7352184653282166,True,,True,0.7352184653282166,0.7352184653282166,False,False,True,0.0,1.0,0.0,0.0,0,0.0,1043,50.927734375,True,True,0,0,0,True,True,accepted
M3,M3_20mA_30C_0,frame_0089.png,0.7525922060012817,True,,True,0.7525922060012817,0.7525922060012817,False,False,True,0.0,1.0,0.0,0.0,0,0.0,1043,50.927734375,True,True,0,0,0,True,True,accepted
M3,M3_20mA_30C_0,frame_0090.png,0.7271245121955872,True,,True,0.7271245121955872,0.7271245121955872,False,False,True,0.0,1.0,0.0,0.0,0,0.0,1043,50.927734375,True,True,0,0,0,True,True,accepted
M3,M3_20mA_30C_0,frame_0092.png,0.7066002488136292,True,,True,0.7066002488136292,0.7066002488136292,False,False,True,0.0,1.0,0.0,0.0,0,0.0,1043,50.927734375,True,True,0,0,0,True,True,accepted
M3,M3_20mA_30C_0,frame_0099.png,0.7232477068901062,True,,True,0.7232477068901062,0.7232477068901062,False,False,True,0.0,1.0,0.0,0.0,0,0.0,1043,50.927734375,True,True,0,0,0,True,True,accepted
M3,M3_20mA_30C_0,frame_0102.png,0.7474652528762817,True,,True,0.7474652528762817,0.7474652528762817,False,False,True,0.0,1.0,0.0,0.0,0,0.0,1043,50.927734375,True,True,0,0,0,True,True,accepted
M3,M3_20mA_30C_0,frame_0104.png,0.7310969233512878,True,,True,0.7310969233512878,0.7310969233512878,False,False,True,0.0,1.0,0.0,0.0,0,0.0,1043,50.927734375,True,True,0,0,0,True,True,accepted
M3,M3_20mA_30C_0,frame_0107.png,0.7180691361427307,True,,True,0.7180691361427307,0.7180691361427307,False,False,True,0.0,1.0,0.0,0.0,0,0.0,1043,50.927734375,True,True,0,0,0,True,True,accepted
M3,M3_20mA_30C_0,frame_0109.png,0.6964468359947205,True,,True,0.6964468359947205,0.6964468359947205,False,False,True,0.0,1.0,0.0,0.0,0,0.0,1043,50.927734375,True,True,0,0,0,True,True,accepted
M3,M3_20mA_30C_0,frame_0112.png,0.7388177514076233,True,,True,0.7388177514076233,0.7388177514076233,False,False,True,0.0,1.0,0.0,0.0,0,0.0,1043,50.927734375,True,True,0,0,0,True,True,accepted
M3,M3_20mA_30C_0,frame_0113.png,0.7370669841766357,True,,True,0.7370669841766357,0.7370669841766357,False,False,True,0.0,1.0,0.0,0.0,0,0.0,1043,50.927734375,True,True,0,0,0,True,True,accepted
M3,M3_20mA_30C_0,frame_0117.png,0.7326958179473877,True,,True,0.7326958179473877,0.7326958179473877,False,False,True,0.0,1.0,0.0,0.0,0,0.0,1043,50.927734375,True,True,0,0,0,True,True,accepted
M3,M3_20mA_30C_0,frame_0118.png,0.7480936646461487,True,,True,0.7480936646461487,0.7480936646461487,False,False,True,0.0,1.0,0.0,0.0,0,0.0,1043,50.927734375,True,True,0,0,0,True,True,accepted
M3,M3_20mA_30C_0,frame_0126.png,0.748430609703064,True,,True,0.748430609703064,0.748430609703064,False,False,True,0.0,1.0,0.0,0.0,0,0.0,1043,50.927734375,True,True,0,0,0,True,True,accepted
M3,M3_20mA_30C_0,frame_0129.png,0.7374083399772644,True,,True,0.7374083399772644,0.7374083399772644,False,False,True,0.0,1.0,0.0,0.0,0,0.0,1043,50.927734375,True,True,0,0,0,True,True,accepted
M3,M3_20mA_30C_0,frame_0133.png,0.7519278526306152,True,,True,0.7519278526306152,0.7519278526306152,False,False,True,0.0,1.0,0.0,0.0,0,0.0,1043,50.927734375,True,True,0,0,0,True,True,accepted
M3,M3_20mA_30C_0,frame_0135.png,0.7376328110694885,True,,True,0.7376328110694885,0.7376328110694885,False,False,True,0.0,1.0,0.0,0.0,0,0.0,1043,50.927734375,True,True,0,0,0,True,True,accepted
M3,M3_20mA_30C_0,frame_0136.png,0.7495304346084595,True,,True,0.7495304346084595,0.7495304346084595,False,False,True,0.0,1.0,0.0,0.0,1,0.00048828125,1042,50.87890625,True,True,1,0,1,True,True,accepted
M3,M3_20mA_30C_0,frame_0137.png,0.7346282005310059,True,,True,0.7346282005310059,0.7346282005310059,False,False,True,0.0,1.0,0.0,0.0,0,0.0,1043,50.927734375,True,True,0,0,0,True,True,accepted
M3,M3_20mA_30C_0,frame_0145.png,0.7525842785835266,True,,True,0.7525842785835266,0.7525842785835266,False,False,True,0.0,1.0,0.0,0.0,1,0.00048828125,1044,50.9765625,True,True,1,0,1,True,True,accepted
M3,M3_20mA_30C_0,frame_0149.png,0.7321832180023193,True,,True,0.7321832180023193,0.7321832180023193,False,False,True,0.0,1.0,0.0,0.0,2,0.0009765625,1041,50.830078125,True,True,1,0,2,True,True,accepted
M3,M3_20mA_30C_0,frame_0155.png,0.7522388696670532,True,,True,0.7522388696670532,0.7522388696670532,False,False,True,0.0,1.0,0.0,0.0,0,0.0,1043,50.927734375,True,True,0,0,0,True,True,accepted
M3,M3_20mA_30C_0,frame_0156.png,0.7428436279296875,True,,True,0.7428436279296875,0.7428436279296875,False,False,True,0.0,1.0,0.0,0.0,0,0.0,1043,50.927734375,True,True,0,0,0,True,True,accepted
M3,M3_20mA_30C_0,frame_0166.png,0.7539301514625549,True,,True,0.7539301514625549,0.7539301514625549,False,False,True,0.0,1.0,0.0,0.0,0,0.0,1043,50.927734375,True,True,0,0,0,True,True,accepted
M3,M3_20mA_30C_0,frame_0169.png,0.7415371537208557,True,,True,0.7415371537208557,0.7415371537208557,False,False,True,0.0,1.0,0.0,0.0,0,0.0,1043,50.927734375,True,True,0,0,0,True,True,accepted
M3,M3_20mA_30C_0,frame_0172.png,0.7034872770309448,True,,True,0.7034872770309448,0.7034872770309448,False,False,True,0.0,1.0,0.0,0.0,28,0.013671875,1039,50.732421875,True,True,1,0,28,True,True,accepted
M3,M3_20mA_30C_0,frame_0176.png,0.725092351436615,True,,True,0.725092351436615,0.725092351436615,False,False,True,0.0,1.0,0.0,0.0,0,0.0,1043,50.927734375,True,True,0,0,0,True,True,accepted
M3,M3_20mA_30C_0,frame_0180.png,0.7451631426811218,True,,True,0.7451631426811218,0.7451631426811218,False,False,True,0.0,1.0,0.0,0.0,0,0.0,1043,50.927734375,True,True,0,0,0,True,True,accepted
M3,M3_20mA_30C_0,frame_0181.png,0.7184637188911438,True,,True,0.7184637188911438,0.7184637188911438,False,False,True,0.0,1.0,0.0,0.0,9,0.00439453125,1052,51.3671875,True,True,1,0,9,True,True,accepted
M3,M3_20mA_30C_0,frame_0186.png,0.7083491086959839,True,,True,0.7083491086959839,0.7083491086959839,False,False,True,0.0,1.0,0.0,0.0,0,0.0,1043,50.927734375,True,True,0,0,0,True,True,accepted
M3,M3_20mA_40C_0,frame_0019.png,0.7197739481925964,True,,True,0.7197739481925964,0.7197739481925964,False,False,True,0.0,1.0,0.0,0.0,0,0.0,1043,50.927734375,True,True,0,0,0,True,True,accepted
M3,M3_20mA_40C_0,frame_0025.png,0.7306115031242371,True,,True,0.7306115031242371,0.7306115031242371,False,False,True,0.0,1.0,0.0,0.0,0,0.0,1043,50.927734375,True,True,0,0,0,True,True,accepted
M3,M3_20mA_40C_0,frame_0030.png,0.7521641850471497,True,,True,0.7521641850471497,0.7521641850471497,False,False,True,0.0,1.0,0.0,0.0,0,0.0,1043,50.927734375,True,True,0,0,0,True,True,accepted
M3,M3_20mA_40C_0,frame_0031.png,0.7365735173225403,True,,True,0.7365735173225403,0.7365735173225403,False,False,True,0.0,1.0,0.0,0.0,0,0.0,1043,50.927734375,True,True,0,0,0,True,True,accepted
M3,M3_20mA_40C_0,frame_0032.png,0.7540846467018127,True,,True,0.7540846467018127,0.7540846467018127,False,False,True,0.0,1.0,0.0,0.0,0,0.0,1043,50.927734375,True,True,0,0,0,True,True,accepted
M3,M3_20mA_40C_0,frame_0034.png,0.7045882344245911,True,,True,0.7045882344245911,0.7045882344245911,False,False,True,0.0,1.0,0.0,0.0,0,0.0,1043,50.927734375,True,True,0,0,0,True,True,accepted
M3,M3_20mA_40C_0,frame_0036.png,0.733232319355011,True,,True,0.733232319355011,0.733232319355011,False,False,True,0.0,1.0,0.0,0.0,0,0.0,1043,50.927734375,True,True,0,0,0,True,True,accepted
M3,M3_20mA_40C_0,frame_0048.png,0.7182123064994812,True,,True,0.7182123064994812,0.7182123064994812,False,False,True,0.0,1.0,0.0,0.0,0,0.0,1043,50.927734375,True,True,0,0,0,True,True,accepted
M3,M3_20mA_40C_0,frame_0053.png,0.7518173456192017,True,,True,0.7518173456192017,0.7518173456192017,False,False,True,0.0,1.0,0.0,0.0,0,0.0,1043,50.927734375,True,True,0,0,0,True,True,accepted
M3,M3_20mA_40C_0,frame_0057.png,0.7523280382156372,True,,True,0.7523280382156372,0.7523280382156372,False,False,True,0.0,1.0,0.0,0.0,0,0.0,1043,50.927734375,True,True,0,0,0,True,True,accepted
M3,M3_20mA_40C_0,frame_0061.png,0.7293013334274292,True,,True,0.7293013334274292,0.7293013334274292,False,False,True,0.0,1.0,0.0,0.0,0,0.0,1043,50.927734375,True,True,0,0,0,True,True,accepted
M3,M3_20mA_40C_0,frame_0064.png,0.7517735958099365,True,,True,0.7517735958099365,0.7517735958099365,False,False,True,0.0,1.0,0.0,0.0,0,0.0,1043,50.927734375,True,True,0,0,0,True,True,accepted
M3,M3_20mA_40C_0,frame_0067.png,0.7301090955734253,True,,True,0.7301090955734253,0.7301090955734253,False,False,True,0.0,1.0,0.0,0.0,0,0.0,1043,50.927734375,True,True,0,0,0,True,True,accepted
M3,M3_20mA_40C_0,frame_0068.png,0.741806149482727,True,,True,0.741806149482727,0.741806149482727,False,False,True,0.0,1.0,0.0,0.0,0,0.0,1043,50.927734375,True,True,0,0,0,True,True,accepted
M3,M3_20mA_40C_0,frame_0070.png,0.7320535778999329,True,,True,0.7320535778999329,0.7320535778999329,False,False,True,0.0,1.0,0.0,0.0,0,0.0,1043,50.927734375,True,True,0,0,0,True,True,accepted
M3,M3_20mA_40C_0,frame_0071.png,0.7562499642372131,True,,True,0.7562499642372131,0.7562499642372131,False,False,True,0.0,1.0,0.0,0.0,0,0.0,1043,50.927734375,True,True,0,0,0,True,True,accepted
M3,M3_20mA_40C_0,frame_0080.png,0.7199251651763916,True,,True,0.7199251651763916,0.7199251651763916,False,False,True,0.0,1.0,0.0,0.0,1,0.00048828125,1044,50.9765625,True,True,1,0,1,True,True,accepted
M3,M3_20mA_40C_0,frame_0081.png,0.7507778406143188,True,,True,0.7507778406143188,0.7507778406143188,False,False,True,0.0,1.0,0.0,0.0,0,0.0,1043,50.927734375,True,True,0,0,0,True,True,accepted
M3,M3_20mA_40C_0,frame_0090.png,0.7525840997695923,True,,True,0.7525840997695923,0.7525840997695923,False,False,True,0.0,1.0,0.0,0.0,0,0.0,1043,50.927734375,True,True,0,0,0,True,True,accepted
M3,M3_20mA_40C_0,frame_0095.png,0.7188740968704224,True,,True,0.7188740968704224,0.7188740968704224,False,False,True,0.0,1.0,0.0,0.0,0,0.0,1043,50.927734375,True,True,0,0,0,True,True,accepted
M3,M3_20mA_40C_0,frame_0099.png,0.7491176128387451,True,,True,0.7491176128387451,0.7491176128387451,False,False,True,0.0,1.0,0.0,0.0,0,0.0,1043,50.927734375,True,True,0,0,0,True,True,accepted
M3,M3_20mA_40C_0,frame_0101.png,0.7311065196990967,True,,True,0.7311065196990967,0.7311065196990967,False,False,True,0.0,1.0,0.0,0.0,0,0.0,1043,50.927734375,True,True,0,0,0,True,True,accepted
M3,M3_20mA_40C_0,frame_0102.png,0.7454346418380737,True,,True,0.7454346418380737,0.7454346418380737,False,False,True,0.0,1.0,0.0,0.0,0,0.0,1043,50.927734375,True,True,0,0,0,True,True,accepted
M3,M3_20mA_40C_0,frame_0104.png,0.743395209312439,True,,True,0.743395209312439,0.743395209312439,False,False,True,0.0,1.0,0.0,0.0,0,0.0,1043,50.927734375,True,True,0,0,0,True,True,accepted
M3,M3_20mA_40C_0,frame_0110.png,0.7083877921104431,True,,True,0.7083877921104431,0.7083877921104431,False,False,True,0.0,1.0,0.0,0.0,0,0.0,1043,50.927734375,True,True,0,0,0,True,True,accepted
M3,M3_20mA_40C_0,frame_0112.png,0.7210760116577148,True,,True,0.7210760116577148,0.7210760116577148,False,False,True,0.0,1.0,0.0,0.0,0,0.0,1043,50.927734375,True,True,0,0,0,True,True,accepted
M3,M3_20mA_40C_0,frame_0119.png,0.7505553960800171,True,,True,0.7505553960800171,0.7505553960800171,False,False,True,0.0,1.0,0.0,0.0,0,0.0,1043,50.927734375,True,True,0,0,0,True,True,accepted
M3,M3_20mA_40C_0,frame_0120.png,0.7552570104598999,True,,True,0.7552570104598999,0.7552570104598999,False,False,True,0.0,1.0,0.0,0.0,0,0.0,1043,50.927734375,True,True,0,0,0,True,True,accepted
M3,M3_20mA_40C_0,frame_0126.png,0.7210224270820618,True,,True,0.7210224270820618,0.7210224270820618,False,False,True,0.0,1.0,0.0,0.0,0,0.0,1043,50.927734375,True,True,0,0,0,True,True,accepted
M3,M3_20mA_40C_0,frame_0127.png,0.7452810406684875,True,,True,0.7452810406684875,0.7452810406684875,False,False,True,0.0,1.0,0.0,0.0,0,0.0,1043,50.927734375,True,True,0,0,0,True,True,accepted
M3,M3_20mA_40C_0,frame_0136.png,0.723850667476654,True,,True,0.723850667476654,0.723850667476654,False,False,True,0.0,1.0,0.0,0.0,0,0.0,1043,50.927734375,True,True,0,0,0,True,True,accepted
M3,M3_20mA_40C_0,frame_0139.png,0.7537159323692322,True,,True,0.7537159323692322,0.7537159323692322,False,False,True,0.0,1.0,0.0,0.0,0,0.0,1043,50.927734375,True,True,0,0,0,True,True,accepted
M3,M3_20mA_40C_0,frame_0142.png,0.7363947629928589,True,,True,0.7363947629928589,0.7363947629928589,False,False,True,0.0,1.0,0.0,0.0,0,0.0,1043,50.927734375,True,True,0,0,0,True,True,accepted
M3,M3_20mA_40C_0,frame_0145.png,0.7187545299530029,True,,True,0.7187545299530029,0.7187545299530029,False,False,True,0.0,1.0,0.0,0.0,0,0.0,1043,50.927734375,True,True,0,0,0,True,True,accepted
M3,M3_20mA_40C_0,frame_0150.png,0.7304069995880127,True,,True,0.7304069995880127,0.7304069995880127,False,False,True,0.0,1.0,0.0,0.0,0,0.0,1043,50.927734375,True,True,0,0,0,True,True,accepted
M3,M3_20mA_40C_0,frame_0151.png,0.7338802814483643,True,,True,0.7338802814483643,0.7338802814483643,False,False,True,0.0,1.0,0.0,0.0,0,0.0,1043,50.927734375,True,True,0,0,0,True,True,accepted
M3,M3_20mA_40C_0,frame_0153.png,0.7069408893585205,True,,True,0.7069408893585205,0.7069408893585205,False,False,True,0.0,1.0,0.0,0.0,0,0.0,1043,50.927734375,True,True,0,0,0,True,True,accepted
M3,M3_20mA_40C_0,frame_0157.png,0.7104027271270752,True,,True,0.7104027271270752,0.7104027271270752,False,False,True,0.0,1.0,0.0,0.0,0,0.0,1043,50.927734375,True,True,0,0,0,True,True,accepted
M3,M3_20mA_40C_0,frame_0158.png,0.7107179164886475,True,,True,0.7107179164886475,0.7107179164886475,False,False,True,0.0,1.0,0.0,0.0,0,0.0,1043,50.927734375,True,True,0,0,0,True,True,accepted
M3,M3_20mA_40C_0,frame_0161.png,0.741267740726471,True,,True,0.741267740726471,0.741267740726471,False,False,True,0.0,1.0,0.0,0.0,0,0.0,1043,50.927734375,True,True,0,0,0,True,True,accepted
M3,M3_20mA_40C_0,frame_0166.png,0.7351601123809814,True,,True,0.7351601123809814,0.7351601123809814,False,False,True,0.0,1.0,0.0,0.0,0,0.0,1043,50.927734375,True,True,0,0,0,True,True,accepted
M3,M3_20mA_40C_0,frame_0174.png,0.7495092749595642,True,,True,0.7495092749595642,0.7495092749595642,False,False,True,0.0,1.0,0.0,0.0,0,0.0,1043,50.927734375,True,True,0,0,0,True,True,accepted
M3,M3_20mA_40C_0,frame_0177.png,0.7303436398506165,True,,True,0.7303436398506165,0.7303436398506165,False,False,True,0.0,1.0,0.0,0.0,0,0.0,1043,50.927734375,True,True,0,0,0,True,True,accepted
M3,M3_20mA_40C_0,frame_0180.png,0.7318230867385864,True,,True,0.7318230867385864,0.7318230867385864,False,False,True,0.0,1.0,0.0,0.0,1,0.00048828125,1044,50.9765625,True,True,1,0,1,True,True,accepted
M3,M3_20mA_40C_0,frame_0192.png,0.7358289361000061,True,,True,0.7358289361000061,0.7358289361000061,False,False,True,0.0,1.0,0.0,0.0,0,0.0,1043,50.927734375,True,True,0,0,0,True,True,accepted
M3,M3_30mA_20C_0,frame_0037.png,0.7371443510055542,True,,True,0.7371443510055542,0.7371443510055542,False,False,True,0.0,1.0,0.0,0.0,0,0.0,1043,50.927734375,True,True,0,0,0,True,True,accepted
M3,M3_30mA_20C_0,frame_0040.png,0.7528579235076904,True,,True,0.7528579235076904,0.7528579235076904,False,False,True,0.0,1.0,0.0,0.0,0,0.0,1043,50.927734375,True,True,0,0,0,True,True,accepted
M3,M3_30mA_20C_0,frame_0044.png,0.7315913438796997,True,,True,0.7315913438796997,0.7315913438796997,False,False,True,0.0,1.0,0.0,0.0,0,0.0,1043,50.927734375,True,True,0,0,0,True,True,accepted
M3,M3_30mA_20C_0,frame_0045.png,0.7427073121070862,True,,True,0.7427073121070862,0.7427073121070862,False,False,True,0.0,1.0,0.0,0.0,0,0.0,1043,50.927734375,True,True,0,0,0,True,True,accepted
M3,M3_30mA_20C_0,frame_0048.png,0.7521863579750061,True,,True,0.7521863579750061,0.7521863579750061,False,False,True,0.0,1.0,0.0,0.0,0,0.0,1043,50.927734375,True,True,0,0,0,True,True,accepted
M3,M3_30mA_20C_0,frame_0052.png,0.7484095692634583,True,,True,0.7484095692634583,0.7484095692634583,False,False,True,0.0,1.0,0.0,0.0,0,0.0,1043,50.927734375,True,True,0,0,0,True,True,accepted
M3,M3_30mA_20C_0,frame_0054.png,0.6872032880783081,True,,True,0.6872032880783081,0.6872032880783081,False,False,True,0.0,1.0,0.0,0.0,63,0.03076171875,1044,50.9765625,True,True,3,0,63,True,True,accepted
M3,M3_30mA_20C_0,frame_0057.png,0.736350417137146,True,,True,0.736350417137146,0.736350417137146,False,False,True,0.0,1.0,0.0,0.0,0,0.0,1043,50.927734375,True,True,0,0,0,True,True,accepted
M3,M3_30mA_20C_0,frame_0059.png,0.7432278394699097,True,,True,0.7432278394699097,0.7432278394699097,False,False,True,0.0,1.0,0.0,0.0,0,0.0,1043,50.927734375,True,True,0,0,0,True,True,accepted
M3,M3_30mA_20C_0,frame_0068.png,0.7304156422615051,True,,True,0.7304156422615051,0.7304156422615051,False,False,True,0.0,1.0,0.0,0.0,0,0.0,1043,50.927734375,True,True,0,0,0,True,True,accepted
M3,M3_30mA_20C_0,frame_0070.png,0.738501250743866,True,,True,0.738501250743866,0.738501250743866,False,False,True,0.0,1.0,0.0,0.0,0,0.0,1043,50.927734375,True,True,0,0,0,True,True,accepted
M3,M3_30mA_20C_0,frame_0074.png,0.7504746317863464,True,,True,0.7504746317863464,0.7504746317863464,False,False,True,0.0,1.0,0.0,0.0,0,0.0,1043,50.927734375,True,True,0,0,0,True,True,accepted
M3,M3_30mA_20C_0,frame_0075.png,0.7396461367607117,True,,True,0.7396461367607117,0.7396461367607117,False,False,True,0.0,1.0,0.0,0.0,0,0.0,1043,50.927734375,True,True,0,0,0,True,True,accepted
M3,M3_30mA_20C_0,frame_0079.png,0.7535387277603149,True,,True,0.7535387277603149,0.7535387277603149,False,False,True,0.0,1.0,0.0,0.0,0,0.0,1043,50.927734375,True,True,0,0,0,True,True,accepted
M3,M3_30mA_20C_0,frame_0088.png,0.7533698081970215,True,,True,0.7533698081970215,0.7533698081970215,False,False,True,0.0,1.0,0.0,0.0,0,0.0,1043,50.927734375,True,True,0,0,0,True,True,accepted
M3,M3_30mA_20C_0,frame_0095.png,0.7513777613639832,True,,True,0.7513777613639832,0.7513777613639832,False,False,True,0.0,1.0,0.0,0.0,0,0.0,1043,50.927734375,True,True,0,0,0,True,True,accepted
M3,M3_30mA_20C_0,frame_0099.png,0.7491422891616821,True,,True,0.7491422891616821,0.7491422891616821,False,False,True,0.0,1.0,0.0,0.0,0,0.0,1043,50.927734375,True,True,0,0,0,True,True,accepted
M3,M3_30mA_20C_0,frame_0101.png,0.7081553339958191,True,,True,0.7081553339958191,0.7081553339958191,False,False,True,0.0,1.0,0.0,0.0,0,0.0,1043,50.927734375,True,True,0,0,0,True,True,accepted
M3,M3_30mA_20C_0,frame_0108.png,0.7452474236488342,True,,True,0.7452474236488342,0.7452474236488342,False,False,True,0.0,1.0,0.0,0.0,0,0.0,1043,50.927734375,True,True,0,0,0,True,True,accepted
M3,M3_30mA_20C_0,frame_0116.png,0.7531871795654297,True,,True,0.7531871795654297,0.7531871795654297,False,False,True,0.0,1.0,0.0,0.0,0,0.0,1043,50.927734375,True,True,0,0,0,True,True,accepted
M3,M3_30mA_20C_0,frame_0119.png,0.7465265393257141,True,,True,0.7465265393257141,0.7465265393257141,False,False,True,0.0,1.0,0.0,0.0,0,0.0,1043,50.927734375,True,True,0,0,0,True,True,accepted
M3,M3_30mA_20C_0,frame_0120.png,0.7107652425765991,True,,True,0.7107652425765991,0.7107652425765991,False,False,True,0.0,1.0,0.0,0.0,0,0.0,1043,50.927734375,True,True,0,0,0,True,True,accepted
M3,M3_30mA_20C_0,frame_0123.png,0.7386403679847717,True,,True,0.7386403679847717,0.7386403679847717,False,False,True,0.0,1.0,0.0,0.0,0,0.0,1043,50.927734375,True,True,0,0,0,True,True,accepted
M3,M3_30mA_20C_0,frame_0124.png,0.7223150730133057,True,,True,0.7223150730133057,0.7223150730133057,False,False,True,0.0,1.0,0.0,0.0,0,0.0,1043,50.927734375,True,True,0,0,0,True,True,accepted
M3,M3_30mA_20C_0,frame_0126.png,0.7197022438049316,True,,True,0.7197022438049316,0.7197022438049316,False,False,True,0.0,1.0,0.0,0.0,0,0.0,1043,50.927734375,True,True,0,0,0,True,True,accepted
M3,M3_30mA_20C_0,frame_0130.png,0.751015841960907,True,,True,0.751015841960907,0.751015841960907,False,False,True,0.0,1.0,0.0,0.0,0,0.0,1043,50.927734375,True,True,0,0,0,True,True,accepted
M3,M3_30mA_20C_0,frame_0133.png,0.7544032335281372,True,,True,0.7544032335281372,0.7544032335281372,False,False,True,0.0,1.0,0.0,0.0,0,0.0,1043,50.927734375,True,True,0,0,0,True,True,accepted
M3,M3_30mA_20C_0,frame_0137.png,0.7217620611190796,True,,True,0.7217620611190796,0.7217620611190796,False,False,True,0.0,1.0,0.0,0.0,0,0.0,1043,50.927734375,True,True,0,0,0,True,True,accepted
M3,M3_30mA_20C_0,frame_0141.png,0.7030847072601318,True,,True,0.7030847072601318,0.7030847072601318,False,False,True,0.0,1.0,0.0,0.0,1,0.00048828125,1042,50.87890625,True,True,1,0,1,True,True,accepted
M3,M3_30mA_20C_0,frame_0142.png,0.7583577632904053,True,,True,0.7583577632904053,0.7583577632904053,False,False,True,0.0,1.0,0.0,0.0,0,0.0,1043,50.927734375,True,True,0,0,0,True,True,accepted
M3,M3_30mA_20C_0,frame_0148.png,0.7078016400337219,True,,True,0.7078016400337219,0.7078016400337219,False,False,True,0.0,1.0,0.0,0.0,0,0.0,1043,50.927734375,True,True,0,0,0,True,True,accepted
M3,M3_30mA_20C_0,frame_0149.png,0.742112398147583,True,,True,0.742112398147583,0.742112398147583,False,False,True,0.0,1.0,0.0,0.0,0,0.0,1043,50.927734375,True,True,0,0,0,True,True,accepted
M3,M3_30mA_20C_0,frame_0151.png,0.7411065101623535,True,,True,0.7411065101623535,0.7411065101623535,False,False,True,0.0,1.0,0.0,0.0,0,0.0,1043,50.927734375,True,True,0,0,0,True,True,accepted
M3,M3_30mA_20C_0,frame_0153.png,0.743990421295166,True,,True,0.743990421295166,0.743990421295166,False,False,True,0.0,1.0,0.0,0.0,0,0.0,1043,50.927734375,True,True,0,0,0,True,True,accepted
M3,M3_30mA_20C_0,frame_0157.png,0.753730833530426,True,,True,0.753730833530426,0.753730833530426,False,False,True,0.0,1.0,0.0,0.0,0,0.0,1043,50.927734375,True,True,0,0,0,True,True,accepted
M3,M3_30mA_20C_0,frame_0165.png,0.7252543568611145,True,,True,0.7252543568611145,0.7252543568611145,False,False,True,0.0,1.0,0.0,0.0,0,0.0,1043,50.927734375,True,True,0,0,0,True,True,accepted
M3,M3_30mA_20C_0,frame_0167.png,0.7546072602272034,True,,True,0.7546072602272034,0.7546072602272034,False,False,True,0.0,1.0,0.0,0.0,0,0.0,1043,50.927734375,True,True,0,0,0,True,True,accepted
M3,M3_30mA_20C_0,frame_0169.png,0.7301915884017944,True,,True,0.7301915884017944,0.7301915884017944,False,False,True,0.0,1.0,0.0,0.0,0,0.0,1043,50.927734375,True,True,0,0,0,True,True,accepted
M3,M3_30mA_20C_0,frame_0170.png,0.7462047338485718,True,,True,0.7462047338485718,0.7462047338485718,False,False,True,0.0,1.0,0.0,0.0,0,0.0,1043,50.927734375,True,True,0,0,0,True,True,accepted
M3,M3_30mA_20C_0,frame_0172.png,0.7178820967674255,True,,True,0.7178820967674255,0.7178820967674255,False,False,True,0.0,1.0,0.0,0.0,0,0.0,1043,50.927734375,True,True,0,0,0,True,True,accepted
M3,M3_30mA_20C_0,frame_0176.png,0.7300578355789185,True,,True,0.7300578355789185,0.7300578355789185,False,False,True,0.0,1.0,0.0,0.0,0,0.0,1043,50.927734375,True,True,0,0,0,True,True,accepted
M3,M3_30mA_20C_0,frame_0185.png,0.7556174397468567,True,,True,0.7556174397468567,0.7556174397468567,False,False,True,0.0,1.0,0.0,0.0,0,0.0,1043,50.927734375,True,True,0,0,0,True,True,accepted
M3,M3_30mA_20C_0,frame_0186.png,0.6770597696304321,True,,True,0.6770597696304321,0.6770597696304321,False,False,True,0.0,1.0,0.0,0.0,80,0.0390625,1031,50.341796875,True,True,2,0,80,True,True,accepted
M3,M3_30mA_20C_0,frame_0192.png,0.743578314781189,True,,True,0.743578314781189,0.743578314781189,False,False,True,0.0,1.0,0.0,0.0,0,0.0,1043,50.927734375,True,True,0,0,0,True,True,accepted
M3,M3_30mA_20C_0,frame_0198.png,0.7443740963935852,True,,True,0.7443740963935852,0.7443740963935852,False,False,True,0.0,1.0,0.0,0.0,0,0.0,1043,50.927734375,True,True,0,0,0,True,True,accepted
M3,M3_30mA_30C_0,frame_0019.png,0.7470301985740662,True,,True,0.7470301985740662,0.7470301985740662,False,False,True,0.0,1.0,0.0,0.0,0,0.0,1043,50.927734375,True,True,0,0,0,True,True,accepted
M3,M3_30mA_30C_0,frame_0022.png,0.7450599670410156,True,,True,0.7450599670410156,0.7450599670410156,False,False,True,0.0,1.0,0.0,0.0,0,0.0,1043,50.927734375,True,True,0,0,0,True,True,accepted
M3,M3_30mA_30C_0,frame_0026.png,0.744377851486206,True,,True,0.744377851486206,0.744377851486206,False,False,True,0.0,1.0,0.0,0.0,0,0.0,1043,50.927734375,True,True,0,0,0,True,True,accepted
M3,M3_30mA_30C_0,frame_0029.png,0.7486793398857117,True,,True,0.7486793398857117,0.7486793398857117,False,False,True,0.0,1.0,0.0,0.0,0,0.0,1043,50.927734375,True,True,0,0,0,True,True,accepted
M3,M3_30mA_30C_0,frame_0030.png,0.7158613204956055,True,,True,0.7158613204956055,0.7158613204956055,False,False,True,0.0,1.0,0.0,0.0,0,0.0,1043,50.927734375,True,True,0,0,0,True,True,accepted
M3,M3_30mA_30C_0,frame_0032.png,0.7415115833282471,True,,True,0.7415115833282471,0.7415115833282471,False,False,True,0.0,1.0,0.0,0.0,0,0.0,1043,50.927734375,True,True,0,0,0,True,True,accepted
M3,M3_30mA_30C_0,frame_0033.png,0.7371132969856262,True,,True,0.7371132969856262,0.7371132969856262,False,False,True,0.0,1.0,0.0,0.0,0,0.0,1043,50.927734375,True,True,0,0,0,True,True,accepted
M3,M3_30mA_30C_0,frame_0038.png,0.726597785949707,True,,True,0.726597785949707,0.726597785949707,False,False,True,0.0,1.0,0.0,0.0,0,0.0,1043,50.927734375,True,True,0,0,0,True,True,accepted
M3,M3_30mA_30C_0,frame_0039.png,0.7147911190986633,True,,True,0.7147911190986633,0.7147911190986633,False,False,True,0.0,1.0,0.0,0.0,0,0.0,1043,50.927734375,True,True,0,0,0,True,True,accepted
M3,M3_30mA_30C_0,frame_0041.png,0.735363781452179,True,,True,0.735363781452179,0.735363781452179,False,False,True,0.0,1.0,0.0,0.0,0,0.0,1043,50.927734375,True,True,0,0,0,True,True,accepted
M3,M3_30mA_30C_0,frame_0051.png,0.747871994972229,True,,True,0.747871994972229,0.747871994972229,False,False,True,0.0,1.0,0.0,0.0,0,0.0,1043,50.927734375,True,True,0,0,0,True,True,accepted
M3,M3_30mA_30C_0,frame_0054.png,0.7533784508705139,True,,True,0.7533784508705139,0.7533784508705139,False,False,True,0.0,1.0,0.0,0.0,0,0.0,1043,50.927734375,True,True,0,0,0,True,True,accepted
M3,M3_30mA_30C_0,frame_0058.png,0.7029348015785217,True,,True,0.7029348015785217,0.7029348015785217,False,False,True,0.0,1.0,0.0,0.0,0,0.0,1043,50.927734375,True,True,0,0,0,True,True,accepted
M3,M3_30mA_30C_0,frame_0059.png,0.7467625737190247,True,,True,0.7467625737190247,0.7467625737190247,False,False,True,0.0,1.0,0.0,0.0,0,0.0,1043,50.927734375,True,True,0,0,0,True,True,accepted
M3,M3_30mA_30C_0,frame_0075.png,0.7292237281799316,True,,True,0.7292237281799316,0.7292237281799316,False,False,True,0.0,1.0,0.0,0.0,0,0.0,1043,50.927734375,True,True,0,0,0,True,True,accepted
M3,M3_30mA_30C_0,frame_0083.png,0.7565951943397522,True,,True,0.7565951943397522,0.7565951943397522,False,False,True,0.0,1.0,0.0,0.0,0,0.0,1043,50.927734375,True,True,0,0,0,True,True,accepted
M3,M3_30mA_30C_0,frame_0085.png,0.7531032562255859,True,,True,0.7531032562255859,0.7531032562255859,False,False,True,0.0,1.0,0.0,0.0,0,0.0,1043,50.927734375,True,True,0,0,0,True,True,accepted
M3,M3_30mA_30C_0,frame_0088.png,0.7162347435951233,True,,True,0.7162347435951233,0.7162347435951233,False,False,True,0.0,1.0,0.0,0.0,0,0.0,1043,50.927734375,True,True,0,0,0,True,True,accepted
M3,M3_30mA_30C_0,frame_0102.png,0.7428736090660095,True,,True,0.7428736090660095,0.7428736090660095,False,False,True,0.0,1.0,0.0,0.0,0,0.0,1043,50.927734375,True,True,0,0,0,True,True,accepted
M3,M3_30mA_30C_0,frame_0104.png,0.7537294030189514,True,,True,0.7537294030189514,0.7537294030189514,False,False,True,0.0,1.0,0.0,0.0,0,0.0,1043,50.927734375,True,True,0,0,0,True,True,accepted
M3,M3_30mA_30C_0,frame_0106.png,0.7315474152565002,True,,True,0.7315474152565002,0.7315474152565002,False,False,True,0.0,1.0,0.0,0.0,0,0.0,1043,50.927734375,True,True,0,0,0,True,True,accepted
M3,M3_30mA_30C_0,frame_0107.png,0.7499426007270813,True,,True,0.7499426007270813,0.7499426007270813,False,False,True,0.0,1.0,0.0,0.0,0,0.0,1043,50.927734375,True,True,0,0,0,True,True,accepted
M3,M3_30mA_30C_0,frame_0116.png,0.7216265201568604,True,,True,0.7216265201568604,0.7216265201568604,False,False,True,0.0,1.0,0.0,0.0,0,0.0,1043,50.927734375,True,True,0,0,0,True,True,accepted
M3,M3_30mA_30C_0,frame_0118.png,0.7395524382591248,True,,True,0.7395524382591248,0.7395524382591248,False,False,True,0.0,1.0,0.0,0.0,0,0.0,1043,50.927734375,True,True,0,0,0,True,True,accepted
M3,M3_30mA_30C_0,frame_0121.png,0.7096034288406372,True,,True,0.7096034288406372,0.7096034288406372,False,False,True,0.0,1.0,0.0,0.0,0,0.0,1043,50.927734375,True,True,0,0,0,True,True,accepted
M3,M3_30mA_30C_0,frame_0129.png,0.749153733253479,True,,True,0.749153733253479,0.749153733253479,False,False,True,0.0,1.0,0.0,0.0,0,0.0,1043,50.927734375,True,True,0,0,0,True,True,accepted
M3,M3_30mA_30C_0,frame_0131.png,0.7502638101577759,True,,True,0.7502638101577759,0.7502638101577759,False,False,True,0.0,1.0,0.0,0.0,0,0.0,1043,50.927734375,True,True,0,0,0,True,True,accepted
M3,M3_30mA_30C_0,frame_0132.png,0.7412586808204651,True,,True,0.7412586808204651,0.7412586808204651,False,False,True,0.0,1.0,0.0,0.0,0,0.0,1043,50.927734375,True,True,0,0,0,True,True,accepted
M3,M3_30mA_30C_0,frame_0138.png,0.7569161057472229,True,,True,0.7569161057472229,0.7569161057472229,False,False,True,0.0,1.0,0.0,0.0,0,0.0,1043,50.927734375,True,True,0,0,0,True,True,accepted
M3,M3_30mA_30C_0,frame_0140.png,0.6955844163894653,True,,True,0.6955844163894653,0.6955844163894653,False,False,True,0.0,1.0,0.0,0.0,0,0.0,1043,50.927734375,True,True,0,0,0,True,True,accepted
M3,M3_30mA_30C_0,frame_0144.png,0.7473239898681641,True,,True,0.7473239898681641,0.7473239898681641,False,False,True,0.0,1.0,0.0,0.0,0,0.0,1043,50.927734375,True,True,0,0,0,True,True,accepted
M3,M3_30mA_30C_0,frame_0147.png,0.7209869027137756,True,,True,0.7209869027137756,0.7209869027137756,False,False,True,0.0,1.0,0.0,0.0,0,0.0,1043,50.927734375,True,True,0,0,0,True,True,accepted
M3,M3_30mA_30C_0,frame_0153.png,0.7451730966567993,True,,True,0.7451730966567993,0.7451730966567993,False,False,True,0.0,1.0,0.0,0.0,0,0.0,1043,50.927734375,True,True,0,0,0,True,True,accepted
M3,M3_30mA_30C_0,frame_0156.png,0.7366923689842224,True,,True,0.7366923689842224,0.7366923689842224,False,False,True,0.0,1.0,0.0,0.0,0,0.0,1043,50.927734375,True,True,0,0,0,True,True,accepted
M3,M3_30mA_30C_0,frame_0157.png,0.7415737509727478,True,,True,0.7415737509727478,0.7415737509727478,False,False,True,0.0,1.0,0.0,0.0,0,0.0,1043,50.927734375,True,True,0,0,0,True,True,accepted
M3,M3_30mA_30C_0,frame_0158.png,0.7549780011177063,True,,True,0.7549780011177063,0.7549780011177063,False,False,True,0.0,1.0,0.0,0.0,0,0.0,1043,50.927734375,True,True,0,0,0,True,True,accepted
M3,M3_30mA_30C_0,frame_0169.png,0.7510563731193542,True,,True,0.7510563731193542,0.7510563731193542,False,False,True,0.0,1.0,0.0,0.0,0,0.0,1043,50.927734375,True,True,0,0,0,True,True,accepted
M3,M3_30mA_30C_0,frame_0172.png,0.7376385927200317,True,,True,0.7376385927200317,0.7376385927200317,False,False,True,0.0,1.0,0.0,0.0,0,0.0,1043,50.927734375,True,True,0,0,0,True,True,accepted
M3,M3_30mA_30C_0,frame_0175.png,0.7493656277656555,True,,True,0.7493656277656555,0.7493656277656555,False,False,True,0.0,1.0,0.0,0.0,0,0.0,1043,50.927734375,True,True,0,0,0,True,True,accepted
M3,M3_30mA_30C_0,frame_0186.png,0.7243859171867371,True,,True,0.7243859171867371,0.7243859171867371,False,False,True,0.0,1.0,0.0,0.0,0,0.0,1043,50.927734375,True,True,0,0,0,True,True,accepted
M3,M3_30mA_30C_0,frame_0187.png,0.7506745457649231,True,,True,0.7506745457649231,0.7506745457649231,False,False,True,0.0,1.0,0.0,0.0,0,0.0,1043,50.927734375,True,True,0,0,0,True,True,accepted
M3,M3_30mA_30C_0,frame_0190.png,0.7356642484664917,True,,True,0.7356642484664917,0.7356642484664917,False,False,True,0.0,1.0,0.0,0.0,1,0.00048828125,1042,50.87890625,True,True,1,0,1,True,True,accepted
M3,M3_30mA_30C_0,frame_0193.png,0.7002381682395935,True,,True,0.7002381682395935,0.7002381682395935,False,False,True,0.0,1.0,0.0,0.0,0,0.0,1043,50.927734375,True,True,0,0,0,True,True,accepted
M3,M3_30mA_30C_0,frame_0194.png,0.7267162799835205,True,,True,0.7267162799835205,0.7267162799835205,False,False,True,0.0,1.0,0.0,0.0,0,0.0,1043,50.927734375,True,True,0,0,0,True,True,accepted
M3,M3_30mA_30C_0,frame_0200.png,0.73659348487854,True,,True,0.73659348487854,0.73659348487854,False,False,True,0.0,1.0,0.0,0.0,0,0.0,1043,50.927734375,True,True,0,0,0,True,True,accepted
M3,M3_30mA_40C_0,frame_0018.png,0.7467641830444336,True,,True,0.7467641830444336,0.7467641830444336,False,False,True,0.0,1.0,0.0,0.0,0,0.0,1043,50.927734375,True,True,0,0,0,True,True,accepted
M3,M3_30mA_40C_0,frame_0025.png,0.7181200385093689,True,,True,0.7181200385093689,0.7181200385093689,False,False,True,0.0,1.0,0.0,0.0,0,0.0,1043,50.927734375,True,True,0,0,0,True,True,accepted
M3,M3_30mA_40C_0,frame_0027.png,0.7285223603248596,True,,True,0.7285223603248596,0.7285223603248596,False,False,True,0.0,1.0,0.0,0.0,0,0.0,1043,50.927734375,True,True,0,0,0,True,True,accepted
M3,M3_30mA_40C_0,frame_0030.png,0.7487580180168152,True,,True,0.7487580180168152,0.7487580180168152,False,False,True,0.0,1.0,0.0,0.0,0,0.0,1043,50.927734375,True,True,0,0,0,True,True,accepted
M3,M3_30mA_40C_0,frame_0033.png,0.6932936906814575,True,,True,0.6932936906814575,0.6932936906814575,False,False,True,0.0,1.0,0.0,0.0,1,0.00048828125,1042,50.87890625,True,True,1,0,1,True,True,accepted
M3,M3_30mA_40C_0,frame_0042.png,0.7486798167228699,True,,True,0.7486798167228699,0.7486798167228699,False,False,True,0.0,1.0,0.0,0.0,0,0.0,1043,50.927734375,True,True,0,0,0,True,True,accepted
M3,M3_30mA_40C_0,frame_0043.png,0.7444740533828735,True,,True,0.7444740533828735,0.7444740533828735,False,False,True,0.0,1.0,0.0,0.0,0,0.0,1043,50.927734375,True,True,0,0,0,True,True,accepted
M3,M3_30mA_40C_0,frame_0049.png,0.7295904159545898,True,,True,0.7295904159545898,0.7295904159545898,False,False,True,0.0,1.0,0.0,0.0,0,0.0,1043,50.927734375,True,True,0,0,0,True,True,accepted
M3,M3_30mA_40C_0,frame_0053.png,0.7359074354171753,True,,True,0.7359074354171753,0.7359074354171753,False,False,True,0.0,1.0,0.0,0.0,0,0.0,1043,50.927734375,True,True,0,0,0,True,True,accepted
M3,M3_30mA_40C_0,frame_0055.png,0.7089491486549377,True,,True,0.7089491486549377,0.7089491486549377,False,False,True,0.0,1.0,0.0,0.0,0,0.0,1043,50.927734375,True,True,0,0,0,True,True,accepted
M3,M3_30mA_40C_0,frame_0058.png,0.7390591502189636,True,,True,0.7390591502189636,0.7390591502189636,False,False,True,0.0,1.0,0.0,0.0,0,0.0,1043,50.927734375,True,True,0,0,0,True,True,accepted
M3,M3_30mA_40C_0,frame_0064.png,0.7358315587043762,True,,True,0.7358315587043762,0.7358315587043762,False,False,True,0.0,1.0,0.0,0.0,1,0.00048828125,1042,50.87890625,True,True,1,0,1,True,True,accepted
M3,M3_30mA_40C_0,frame_0065.png,0.7183970212936401,True,,True,0.7183970212936401,0.7183970212936401,False,False,True,0.0,1.0,0.0,0.0,0,0.0,1043,50.927734375,True,True,0,0,0,True,True,accepted
M3,M3_30mA_40C_0,frame_0067.png,0.7405869960784912,True,,True,0.7405869960784912,0.7405869960784912,False,False,True,0.0,1.0,0.0,0.0,0,0.0,1043,50.927734375,True,True,0,0,0,True,True,accepted
M3,M3_30mA_40C_0,frame_0068.png,0.7484858632087708,True,,True,0.7484858632087708,0.7484858632087708,False,False,True,0.0,1.0,0.0,0.0,0,0.0,1043,50.927734375,True,True,0,0,0,True,True,accepted
M3,M3_30mA_40C_0,frame_0070.png,0.7214533090591431,True,,True,0.7214533090591431,0.7214533090591431,False,False,True,0.0,1.0,0.0,0.0,0,0.0,1043,50.927734375,True,True,0,0,0,True,True,accepted
M3,M3_30mA_40C_0,frame_0074.png,0.7162142992019653,True,,True,0.7162142992019653,0.7162142992019653,False,False,True,0.0,1.0,0.0,0.0,0,0.0,1043,50.927734375,True,True,0,0,0,True,True,accepted
M3,M3_30mA_40C_0,frame_0075.png,0.7266570329666138,True,,True,0.7266570329666138,0.7266570329666138,False,False,True,0.0,1.0,0.0,0.0,0,0.0,1043,50.927734375,True,True,0,0,0,True,True,accepted
M3,M3_30mA_40C_0,frame_0080.png,0.7167354822158813,True,,True,0.7167354822158813,0.7167354822158813,False,False,True,0.0,1.0,0.0,0.0,0,0.0,1043,50.927734375,True,True,0,0,0,True,True,accepted
M3,M3_30mA_40C_0,frame_0085.png,0.6848479509353638,True,,True,0.6848479509353638,0.6848479509353638,False,False,True,0.0,1.0,0.0,0.0,2,0.0009765625,1041,50.830078125,True,True,1,0,2,True,True,accepted
M3,M3_30mA_40C_0,frame_0087.png,0.7471214532852173,True,,True,0.7471214532852173,0.7471214532852173,False,False,True,0.0,1.0,0.0,0.0,0,0.0,1043,50.927734375,True,True,0,0,0,True,True,accepted
M3,M3_30mA_40C_0,frame_0091.png,0.7009022831916809,True,,True,0.7009022831916809,0.7009022831916809,False,False,True,0.0,1.0,0.0,0.0,3,0.00146484375,1044,50.9765625,True,True,1,0,3,True,True,accepted
M3,M3_30mA_40C_0,frame_0105.png,0.747961163520813,True,,True,0.747961163520813,0.747961163520813,False,False,True,0.0,1.0,0.0,0.0,0,0.0,1043,50.927734375,True,True,0,0,0,True,True,accepted
M3,M3_30mA_40C_0,frame_0107.png,0.7082646489143372,True,,True,0.7082646489143372,0.7082646489143372,False,False,True,0.0,1.0,0.0,0.0,3,0.00146484375,1044,50.9765625,True,True,1,0,3,True,True,accepted
M3,M3_30mA_40C_0,frame_0109.png,0.7451001405715942,True,,True,0.7451001405715942,0.7451001405715942,False,False,True,0.0,1.0,0.0,0.0,0,0.0,1043,50.927734375,True,True,0,0,0,True,True,accepted
M3,M3_30mA_40C_0,frame_0112.png,0.7043507695198059,True,,True,0.7043507695198059,0.7043507695198059,False,False,True,0.0,1.0,0.0,0.0,0,0.0,1043,50.927734375,True,True,0,0,0,True,True,accepted
M3,M3_30mA_40C_0,frame_0114.png,0.713564932346344,True,,True,0.713564932346344,0.713564932346344,False,False,True,0.0,1.0,0.0,0.0,2,0.0009765625,1043,50.927734375,True,True,1,0,2,True,True,accepted
M3,M3_30mA_40C_0,frame_0117.png,0.732041597366333,True,,True,0.732041597366333,0.732041597366333,False,False,True,0.0,1.0,0.0,0.0,0,0.0,1043,50.927734375,True,True,0,0,0,True,True,accepted
M3,M3_30mA_40C_0,frame_0120.png,0.736984372138977,True,,True,0.736984372138977,0.736984372138977,False,False,True,0.0,1.0,0.0,0.0,0,0.0,1043,50.927734375,True,True,0,0,0,True,True,accepted
M3,M3_30mA_40C_0,frame_0129.png,0.7377995848655701,True,,True,0.7377995848655701,0.7377995848655701,False,False,True,0.0,1.0,0.0,0.0,0,0.0,1043,50.927734375,True,True,0,0,0,True,True,accepted
M3,M3_30mA_40C_0,frame_0130.png,0.7235249876976013,True,,True,0.7235249876976013,0.7235249876976013,False,False,True,0.0,1.0,0.0,0.0,0,0.0,1043,50.927734375,True,True,0,0,0,True,True,accepted
M3,M3_30mA_40C_0,frame_0141.png,0.726894736289978,True,,True,0.726894736289978,0.726894736289978,False,False,True,0.0,1.0,0.0,0.0,1,0.00048828125,1042,50.87890625,True,True,1,0,1,True,True,accepted
M3,M3_30mA_40C_0,frame_0143.png,0.7455621957778931,True,,True,0.7455621957778931,0.7455621957778931,False,False,True,0.0,1.0,0.0,0.0,0,0.0,1043,50.927734375,True,True,0,0,0,True,True,accepted
M3,M3_30mA_40C_0,frame_0147.png,0.696047306060791,True,,True,0.696047306060791,0.696047306060791,False,False,True,0.0,1.0,0.0,0.0,5,0.00244140625,1040,50.78125,True,True,1,0,5,True,True,accepted
M3,M3_30mA_40C_0,frame_0155.png,0.7335608601570129,True,,True,0.7335608601570129,0.7335608601570129,False,False,True,0.0,1.0,0.0,0.0,0,0.0,1043,50.927734375,True,True,0,0,0,True,True,accepted
M3,M3_30mA_40C_0,frame_0161.png,0.7372466921806335,True,,True,0.6511344909667969,0.7372466921806335,True,True,True,-6.0,1.025,0.0,0.0,0,0.0,1043,50.927734375,True,True,0,0,0,True,True,accepted
M3,M3_30mA_40C_0,frame_0164.png,0.7488009333610535,True,,True,0.7488009333610535,0.7488009333610535,False,False,True,0.0,1.0,0.0,0.0,0,0.0,1043,50.927734375,True,True,0,0,0,True,True,accepted
M3,M3_30mA_40C_0,frame_0181.png,0.7376973032951355,True,,True,0.7376973032951355,0.7376973032951355,False,False,True,0.0,1.0,0.0,0.0,0,0.0,1043,50.927734375,True,True,0,0,0,True,True,accepted
M3,M3_30mA_40C_0,frame_0184.png,0.7524206638336182,True,,True,0.7524206638336182,0.7524206638336182,False,False,True,0.0,1.0,0.0,0.0,0,0.0,1043,50.927734375,True,True,0,0,0,True,True,accepted
M3,M3_30mA_40C_0,frame_0189.png,0.728499174118042,True,,True,0.728499174118042,0.728499174118042,False,False,True,0.0,1.0,0.0,0.0,0,0.0,1043,50.927734375,True,True,0,0,0,True,True,accepted
M3,M3_30mA_40C_0,frame_0192.png,0.7198390960693359,True,,True,0.7198390960693359,0.7198390960693359,False,False,True,0.0,1.0,0.0,0.0,0,0.0,1043,50.927734375,True,True,0,0,0,True,True,accepted
M3,M3_30mA_40C_0,frame_0193.png,0.7350203990936279,True,,True,0.7350203990936279,0.7350203990936279,False,False,True,0.0,1.0,0.0,0.0,0,0.0,1043,50.927734375,True,True,0,0,0,True,True,accepted
M3,M3_30mA_40C_0,frame_0194.png,0.7457908987998962,True,,True,0.7457908987998962,0.7457908987998962,False,False,True,0.0,1.0,0.0,0.0,0,0.0,1043,50.927734375,True,True,0,0,0,True,True,accepted
M3,M3_30mA_40C_0,frame_0198.png,0.743082582950592,True,,True,0.743082582950592,0.743082582950592,False,False,True,0.0,1.0,0.0,0.0,0,0.0,1043,50.927734375,True,True,0,0,0,True,True,accepted
M3,M3_30mA_40C_0,frame_0200.png,0.7156328558921814,True,,True,0.7156328558921814,0.7156328558921814,False,False,True,0.0,1.0,0.0,0.0,9,0.00439453125,1038,50.68359375,True,True,1,0,9,True,True,accepted
M4,M4_10mA_20C_0,frame_0055.png,0.6684722900390625,True,,True,0.6684722900390625,0.6684722900390625,False,False,True,0.0,1.0,0.0,0.0,0,0.0,992,48.4375,True,True,0,0,0,True,True,accepted
M4,M4_10mA_20C_0,frame_0056.png,0.6537020802497864,True,,True,0.6537020802497864,0.6537020802497864,False,True,True,0.0,1.0,0.0,0.0,0,0.0,992,48.4375,True,True,0,0,0,True,True,accepted
M4,M4_10mA_20C_0,frame_0057.png,0.7123842239379883,True,,True,0.7123842239379883,0.7123842239379883,False,False,True,0.0,1.0,0.0,0.0,0,0.0,992,48.4375,True,True,0,0,0,True,True,accepted
M4,M4_10mA_20C_0,frame_0058.png,0.7022033333778381,True,,True,0.7022033333778381,0.7022033333778381,False,False,True,0.0,1.0,0.0,0.0,0,0.0,992,48.4375,True,True,0,0,0,True,True,accepted
M4,M4_10mA_20C_0,frame_0062.png,0.7231561541557312,True,,True,0.7231561541557312,0.7231561541557312,False,False,True,0.0,1.0,0.0,0.0,0,0.0,992,48.4375,True,True,0,0,0,True,True,accepted
M4,M4_10mA_20C_0,frame_0065.png,0.7166786193847656,True,,True,0.7166786193847656,0.7166786193847656,False,False,True,0.0,1.0,0.0,0.0,2,0.0009765625,994,48.53515625,True,True,1,0,2,True,True,accepted
M4,M4_10mA_20C_0,frame_0068.png,0.6843038201332092,True,,True,0.6843038201332092,0.6843038201332092,False,False,True,0.0,1.0,0.0,0.0,0,0.0,992,48.4375,True,True,0,0,0,True,True,accepted
M4,M4_10mA_20C_0,frame_0070.png,0.6948212385177612,True,,True,0.6948212385177612,0.6948212385177612,False,False,True,0.0,1.0,0.0,0.0,0,0.0,992,48.4375,True,True,0,0,0,True,True,accepted
M4,M4_10mA_20C_0,frame_0075.png,0.7020158767700195,True,,True,0.7020158767700195,0.7020158767700195,False,False,True,0.0,1.0,0.0,0.0,0,0.0,992,48.4375,True,True,0,0,0,True,True,accepted
M4,M4_10mA_20C_0,frame_0076.png,0.7176482677459717,True,,True,0.7176482677459717,0.7176482677459717,False,False,True,0.0,1.0,0.0,0.0,2,0.0009765625,994,48.53515625,True,True,1,0,2,True,True,accepted
M4,M4_10mA_20C_0,frame_0077.png,0.6752639412879944,True,,True,0.6752639412879944,0.6752639412879944,False,False,True,0.0,1.0,0.0,0.0,0,0.0,992,48.4375,True,True,0,0,0,True,True,accepted
M4,M4_10mA_20C_0,frame_0086.png,0.7033160924911499,True,,True,0.7033160924911499,0.7033160924911499,False,False,True,0.0,1.0,0.0,0.0,1,0.00048828125,993,48.486328125,True,True,1,0,1,True,True,accepted
M4,M4_10mA_20C_0,frame_0094.png,0.707608163356781,True,,True,0.707608163356781,0.707608163356781,False,False,True,0.0,1.0,0.0,0.0,0,0.0,992,48.4375,True,True,0,0,0,True,True,accepted
M4,M4_10mA_20C_0,frame_0097.png,0.6939674615859985,True,,True,0.6939674615859985,0.6939674615859985,False,False,True,0.0,1.0,0.0,0.0,2,0.0009765625,992,48.4375,True,True,1,0,2,True,True,accepted
M4,M4_10mA_20C_0,frame_0100.png,0.6987605094909668,True,,True,0.6987605094909668,0.6987605094909668,False,False,True,0.0,1.0,0.0,0.0,0,0.0,992,48.4375,True,True,0,0,0,True,True,accepted
M4,M4_10mA_20C_0,frame_0102.png,0.6809051632881165,True,,True,0.6809051632881165,0.6809051632881165,False,False,True,0.0,1.0,0.0,0.0,0,0.0,992,48.4375,True,True,0,0,0,True,True,accepted
M4,M4_10mA_20C_0,frame_0103.png,0.7208499312400818,True,,True,0.7208499312400818,0.7208499312400818,False,False,True,0.0,1.0,0.0,0.0,0,0.0,992,48.4375,True,True,0,0,0,True,True,accepted
M4,M4_10mA_20C_0,frame_0106.png,0.6965529918670654,True,,True,0.6965529918670654,0.6965529918670654,False,False,True,0.0,1.0,0.0,0.0,0,0.0,992,48.4375,True,True,0,0,0,True,True,accepted
M4,M4_10mA_20C_0,frame_0113.png,0.687413215637207,True,,True,0.687413215637207,0.687413215637207,False,False,True,0.0,1.0,0.0,0.0,0,0.0,992,48.4375,True,True,0,0,0,True,True,accepted
M4,M4_10mA_20C_0,frame_0117.png,0.7010512351989746,True,,True,0.7010512351989746,0.7010512351989746,False,False,True,0.0,1.0,0.0,0.0,0,0.0,992,48.4375,True,True,0,0,0,True,True,accepted
M4,M4_10mA_20C_0,frame_0118.png,0.7140135765075684,True,,True,0.7140135765075684,0.7140135765075684,False,False,True,0.0,1.0,0.0,0.0,0,0.0,992,48.4375,True,True,0,0,0,True,True,accepted
M4,M4_10mA_20C_0,frame_0122.png,0.7170848250389099,True,,True,0.7170848250389099,0.7170848250389099,False,False,True,0.0,1.0,0.0,0.0,0,0.0,992,48.4375,True,True,0,0,0,True,True,accepted
M4,M4_10mA_20C_0,frame_0126.png,0.6805365681648254,True,,True,0.6805365681648254,0.6805365681648254,False,False,True,0.0,1.0,0.0,0.0,0,0.0,992,48.4375,True,True,0,0,0,True,True,accepted
M4,M4_10mA_20C_0,frame_0128.png,0.7080671191215515,True,,True,0.7080671191215515,0.7080671191215515,False,False,True,0.0,1.0,0.0,0.0,0,0.0,992,48.4375,True,True,0,0,0,True,True,accepted
M4,M4_10mA_20C_0,frame_0129.png,0.7152119874954224,True,,True,0.7152119874954224,0.7152119874954224,False,False,True,0.0,1.0,0.0,0.0,0,0.0,992,48.4375,True,True,0,0,0,True,True,accepted
M4,M4_10mA_20C_0,frame_0131.png,0.7074986100196838,True,,True,0.7074986100196838,0.7074986100196838,False,False,True,0.0,1.0,0.0,0.0,0,0.0,992,48.4375,True,True,0,0,0,True,True,accepted
M4,M4_10mA_20C_0,frame_0135.png,0.6529567241668701,True,,True,0.6529567241668701,0.6529567241668701,False,True,True,0.0,1.0,0.0,0.0,47,0.02294921875,991,48.388671875,True,True,2,0,47,True,True,accepted
M4,M4_10mA_20C_0,frame_0136.png,0.6900165677070618,True,,True,0.6900165677070618,0.6900165677070618,False,False,True,0.0,1.0,0.0,0.0,0,0.0,992,48.4375,True,True,0,0,0,True,True,accepted
M4,M4_10mA_20C_0,frame_0142.png,0.7113180756568909,True,,True,0.7113180756568909,0.7113180756568909,False,False,True,0.0,1.0,0.0,0.0,3,0.00146484375,993,48.486328125,True,True,1,0,3,True,True,accepted
M4,M4_10mA_20C_0,frame_0143.png,0.6868373155593872,True,,True,0.6868373155593872,0.6868373155593872,False,False,True,0.0,1.0,0.0,0.0,0,0.0,992,48.4375,True,True,0,0,0,True,True,accepted
M4,M4_10mA_20C_0,frame_0145.png,0.7172379493713379,True,,True,0.7172379493713379,0.7172379493713379,False,False,True,0.0,1.0,0.0,0.0,17,0.00830078125,997,48.681640625,True,True,1,0,17,True,True,accepted
M4,M4_10mA_20C_0,frame_0146.png,0.6810393929481506,True,,True,0.6810393929481506,0.6810393929481506,False,False,True,0.0,1.0,0.0,0.0,0,0.0,992,48.4375,True,True,0,0,0,True,True,accepted
M4,M4_10mA_20C_0,frame_0147.png,0.705671489238739,True,,True,0.705671489238739,0.705671489238739,False,False,True,0.0,1.0,0.0,0.0,0,0.0,992,48.4375,True,True,0,0,0,True,True,accepted
M4,M4_10mA_20C_0,frame_0149.png,0.7202805280685425,True,,True,0.7202805280685425,0.7202805280685425,False,False,True,0.0,1.0,0.0,0.0,0,0.0,992,48.4375,True,True,0,0,0,True,True,accepted
M4,M4_10mA_20C_0,frame_0151.png,0.6975913047790527,True,,True,0.6975913047790527,0.6975913047790527,False,False,True,0.0,1.0,0.0,0.0,0,0.0,992,48.4375,True,True,0,0,0,True,True,accepted
M4,M4_10mA_20C_0,frame_0152.png,0.6924766898155212,True,,True,0.6924766898155212,0.6924766898155212,False,False,True,0.0,1.0,0.0,0.0,7,0.00341796875,993,48.486328125,True,True,1,0,7,True,True,accepted
M4,M4_10mA_20C_0,frame_0159.png,0.6670863628387451,True,,True,0.6670863628387451,0.6670863628387451,False,False,True,0.0,1.0,0.0,0.0,1,0.00048828125,993,48.486328125,True,True,1,0,1,True,True,accepted
M4,M4_10mA_20C_0,frame_0162.png,0.6714701056480408,True,,True,0.6714701056480408,0.6714701056480408,False,False,True,0.0,1.0,0.0,0.0,13,0.00634765625,993,48.486328125,True,True,1,0,13,True,True,accepted
M4,M4_10mA_20C_0,frame_0166.png,0.6985799670219421,True,,True,0.6985799670219421,0.6985799670219421,False,False,True,0.0,1.0,0.0,0.0,0,0.0,992,48.4375,True,True,0,0,0,True,True,accepted
M4,M4_10mA_20C_0,frame_0169.png,0.7141268253326416,True,,True,0.7141268253326416,0.7141268253326416,False,False,True,0.0,1.0,0.0,0.0,0,0.0,992,48.4375,True,True,0,0,0,True,True,accepted
M4,M4_10mA_20C_0,frame_0172.png,0.7220866084098816,True,,True,0.7220866084098816,0.7220866084098816,False,False,True,0.0,1.0,0.0,0.0,1,0.00048828125,993,48.486328125,True,True,1,0,1,True,True,accepted
M4,M4_10mA_20C_0,frame_0177.png,0.7247104644775391,True,,True,0.7247104644775391,0.7247104644775391,False,False,True,0.0,1.0,0.0,0.0,0,0.0,992,48.4375,True,True,0,0,0,True,True,accepted
M4,M4_10mA_20C_0,frame_0187.png,0.686177134513855,True,,True,0.686177134513855,0.686177134513855,False,False,True,0.0,1.0,0.0,0.0,0,0.0,992,48.4375,True,True,0,0,0,True,True,accepted
M4,M4_10mA_20C_0,frame_0191.png,0.7014945149421692,True,,True,0.7014945149421692,0.7014945149421692,False,False,True,0.0,1.0,0.0,0.0,0,0.0,992,48.4375,True,True,0,0,0,True,True,accepted
M4,M4_10mA_20C_0,frame_0198.png,0.6606830358505249,True,,True,0.6606830358505249,0.6606830358505249,False,False,True,0.0,1.0,0.0,0.0,4,0.001953125,996,48.6328125,True,True,1,0,4,True,True,accepted
M4,M4_10mA_30C_0,frame_0030.png,0.7333242893218994,True,,True,0.7333242893218994,0.7333242893218994,False,False,True,0.0,1.0,0.0,0.0,0,0.0,992,48.4375,True,True,0,0,0,True,True,accepted
M4,M4_10mA_30C_0,frame_0034.png,0.7305175065994263,True,,True,0.7305175065994263,0.7305175065994263,False,False,True,0.0,1.0,0.0,0.0,0,0.0,992,48.4375,True,True,0,0,0,True,True,accepted
M4,M4_10mA_30C_0,frame_0043.png,0.7372215986251831,True,,True,0.7372215986251831,0.7372215986251831,False,False,True,0.0,1.0,0.0,0.0,0,0.0,992,48.4375,True,True,0,0,0,True,True,accepted
M4,M4_10mA_30C_0,frame_0048.png,0.7369517683982849,True,,True,0.7369517683982849,0.7369517683982849,False,False,True,0.0,1.0,0.0,0.0,0,0.0,992,48.4375,True,True,0,0,0,True,True,accepted
M4,M4_10mA_30C_0,frame_0050.png,0.7053325772285461,True,,True,0.7053325772285461,0.7053325772285461,False,False,True,0.0,1.0,0.0,0.0,4,0.001953125,996,48.6328125,True,True,1,0,4,True,True,accepted
M4,M4_10mA_30C_0,frame_0051.png,0.7116084694862366,True,,True,0.7116084694862366,0.7116084694862366,False,False,True,0.0,1.0,0.0,0.0,0,0.0,992,48.4375,True,True,0,0,0,True,True,accepted
M4,M4_10mA_30C_0,frame_0054.png,0.7157513499259949,True,,True,0.7157513499259949,0.7157513499259949,False,False,True,0.0,1.0,0.0,0.0,0,0.0,992,48.4375,True,True,0,0,0,True,True,accepted
M4,M4_10mA_30C_0,frame_0055.png,0.7427867650985718,True,,True,0.7427867650985718,0.7427867650985718,False,False,True,0.0,1.0,0.0,0.0,0,0.0,992,48.4375,True,True,0,0,0,True,True,accepted
M4,M4_10mA_30C_0,frame_0056.png,0.7507216930389404,True,,True,0.7507216930389404,0.7507216930389404,False,False,True,0.0,1.0,0.0,0.0,0,0.0,992,48.4375,True,True,0,0,0,True,True,accepted
M4,M4_10mA_30C_0,frame_0059.png,0.7206287384033203,True,,True,0.7206287384033203,0.7206287384033203,False,False,True,0.0,1.0,0.0,0.0,0,0.0,992,48.4375,True,True,0,0,0,True,True,accepted
M4,M4_10mA_30C_0,frame_0069.png,0.6961708664894104,True,,True,0.6961708664894104,0.6961708664894104,False,False,True,0.0,1.0,0.0,0.0,0,0.0,992,48.4375,True,True,0,0,0,True,True,accepted
M4,M4_10mA_30C_0,frame_0074.png,0.7170510292053223,True,,True,0.7170510292053223,0.7170510292053223,False,False,True,0.0,1.0,0.0,0.0,0,0.0,992,48.4375,True,True,0,0,0,True,True,accepted
M4,M4_10mA_30C_0,frame_0075.png,0.6743246912956238,True,,True,0.6743246912956238,0.6743246912956238,False,False,True,0.0,1.0,0.0,0.0,68,0.033203125,998,48.73046875,True,True,2,0,68,True,True,accepted
M4,M4_10mA_30C_0,frame_0076.png,0.7120694518089294,True,,True,0.7120694518089294,0.7120694518089294,False,False,True,0.0,1.0,0.0,0.0,0,0.0,992,48.4375,True,True,0,0,0,True,True,accepted
M4,M4_10mA_30C_0,frame_0079.png,0.7196639776229858,True,,True,0.7196639776229858,0.7196639776229858,False,False,True,0.0,1.0,0.0,0.0,3,0.00146484375,995,48.583984375,True,True,1,0,3,True,True,accepted
M4,M4_10mA_30C_0,frame_0080.png,0.6928091645240784,True,,True,0.6928091645240784,0.6928091645240784,False,False,True,0.0,1.0,0.0,0.0,4,0.001953125,996,48.6328125,True,True,1,0,4,True,True,accepted
M4,M4_10mA_30C_0,frame_0083.png,0.7375332713127136,True,,True,0.7375332713127136,0.7375332713127136,False,False,True,0.0,1.0,0.0,0.0,0,0.0,992,48.4375,True,True,0,0,0,True,True,accepted
M4,M4_10mA_30C_0,frame_0085.png,0.690636932849884,True,,True,0.690636932849884,0.690636932849884,False,False,True,0.0,1.0,0.0,0.0,0,0.0,992,48.4375,True,True,0,0,0,True,True,accepted
M4,M4_10mA_30C_0,frame_0088.png,0.7288772463798523,True,,True,0.7288772463798523,0.7288772463798523,False,False,True,0.0,1.0,0.0,0.0,0,0.0,992,48.4375,True,True,0,0,0,True,True,accepted
M4,M4_10mA_30C_0,frame_0089.png,0.7282203435897827,True,,True,0.7282203435897827,0.7282203435897827,False,False,True,0.0,1.0,0.0,0.0,0,0.0,992,48.4375,True,True,0,0,0,True,True,accepted
M4,M4_10mA_30C_0,frame_0095.png,0.7135293483734131,True,,True,0.7135293483734131,0.7135293483734131,False,False,True,0.0,1.0,0.0,0.0,0,0.0,992,48.4375,True,True,0,0,0,True,True,accepted
M4,M4_10mA_30C_0,frame_0096.png,0.7115550637245178,True,,True,0.7115550637245178,0.7115550637245178,False,False,True,0.0,1.0,0.0,0.0,2,0.0009765625,994,48.53515625,True,True,1,0,2,True,True,accepted
M4,M4_10mA_30C_0,frame_0097.png,0.7229868769645691,True,,True,0.7229868769645691,0.7229868769645691,False,False,True,0.0,1.0,0.0,0.0,0,0.0,992,48.4375,True,True,0,0,0,True,True,accepted
M4,M4_10mA_30C_0,frame_0098.png,0.7491186857223511,True,,True,0.7491186857223511,0.7491186857223511,False,False,True,0.0,1.0,0.0,0.0,5,0.00244140625,993,48.486328125,True,True,1,0,5,True,True,accepted
M4,M4_10mA_30C_0,frame_0103.png,0.7272639870643616,True,,True,0.7272639870643616,0.7272639870643616,False,False,True,0.0,1.0,0.0,0.0,0,0.0,992,48.4375,True,True,0,0,0,True,True,accepted
M4,M4_10mA_30C_0,frame_0111.png,0.706221342086792,True,,True,0.706221342086792,0.706221342086792,False,False,True,0.0,1.0,0.0,0.0,0,0.0,992,48.4375,True,True,0,0,0,True,True,accepted
M4,M4_10mA_30C_0,frame_0120.png,0.6918532848358154,True,,True,0.6918532848358154,0.6918532848358154,False,False,True,0.0,1.0,0.0,0.0,0,0.0,992,48.4375,True,True,0,0,0,True,True,accepted
M4,M4_10mA_30C_0,frame_0126.png,0.6979100108146667,True,,True,0.6979100108146667,0.6979100108146667,False,False,True,0.0,1.0,0.0,0.0,13,0.00634765625,989,48.291015625,True,True,1,0,13,True,True,accepted
M4,M4_10mA_30C_0,frame_0128.png,0.687260627746582,True,,True,0.687260627746582,0.687260627746582,False,False,True,0.0,1.0,0.0,0.0,1,0.00048828125,993,48.486328125,True,True,1,0,1,True,True,accepted
M4,M4_10mA_30C_0,frame_0130.png,0.677229106426239,True,,True,0.677229106426239,0.677229106426239,False,False,True,0.0,1.0,0.0,0.0,3,0.00146484375,993,48.486328125,True,True,1,0,3,True,True,accepted
M4,M4_10mA_30C_0,frame_0131.png,0.6830649375915527,True,,True,0.6830649375915527,0.6830649375915527,False,False,True,0.0,1.0,0.0,0.0,0,0.0,992,48.4375,True,True,0,0,0,True,True,accepted
M4,M4_10mA_30C_0,frame_0134.png,0.7423959970474243,True,,True,0.7423959970474243,0.7423959970474243,False,False,True,0.0,1.0,0.0,0.0,0,0.0,992,48.4375,True,True,0,0,0,True,True,accepted
M4,M4_10mA_30C_0,frame_0135.png,0.7418053150177002,True,,True,0.7418053150177002,0.7418053150177002,False,False,True,0.0,1.0,0.0,0.0,1,0.00048828125,993,48.486328125,True,True,1,0,1,True,True,accepted
M4,M4_10mA_30C_0,frame_0136.png,0.6714766621589661,True,,True,0.6714766621589661,0.6714766621589661,False,False,True,0.0,1.0,0.0,0.0,1,0.00048828125,993,48.486328125,True,True,1,0,1,True,True,accepted
M4,M4_10mA_30C_0,frame_0139.png,0.7387861609458923,True,,True,0.7387861609458923,0.7387861609458923,False,False,True,0.0,1.0,0.0,0.0,0,0.0,992,48.4375,True,True,0,0,0,True,True,accepted
M4,M4_10mA_30C_0,frame_0152.png,0.6872396469116211,True,,True,0.6872396469116211,0.6872396469116211,False,False,True,0.0,1.0,0.0,0.0,4,0.001953125,994,48.53515625,True,True,1,0,4,True,True,accepted
M4,M4_10mA_30C_0,frame_0153.png,0.729777455329895,True,,True,0.729777455329895,0.729777455329895,False,False,True,0.0,1.0,0.0,0.0,0,0.0,992,48.4375,True,True,0,0,0,True,True,accepted
M4,M4_10mA_30C_0,frame_0154.png,0.7037346363067627,True,,True,0.7037346363067627,0.7037346363067627,False,False,True,0.0,1.0,0.0,0.0,0,0.0,992,48.4375,True,True,0,0,0,True,True,accepted
M4,M4_10mA_30C_0,frame_0155.png,0.6839421391487122,True,,True,0.6839421391487122,0.6839421391487122,False,False,True,0.0,1.0,0.0,0.0,2,0.0009765625,994,48.53515625,True,True,1,0,2,True,True,accepted
M4,M4_10mA_30C_0,frame_0171.png,0.7236827611923218,True,,True,0.7236827611923218,0.7236827611923218,False,False,True,0.0,1.0,0.0,0.0,0,0.0,992,48.4375,True,True,0,0,0,True,True,accepted
M4,M4_10mA_30C_0,frame_0177.png,0.7252204418182373,True,,True,0.7252204418182373,0.7252204418182373,False,False,True,0.0,1.0,0.0,0.0,0,0.0,992,48.4375,True,True,0,0,0,True,True,accepted
M4,M4_10mA_30C_0,frame_0182.png,0.7291914820671082,True,,True,0.7291914820671082,0.7291914820671082,False,False,True,0.0,1.0,0.0,0.0,0,0.0,992,48.4375,True,True,0,0,0,True,True,accepted
M4,M4_10mA_30C_0,frame_0188.png,0.7172145247459412,True,,True,0.7172145247459412,0.7172145247459412,False,False,True,0.0,1.0,0.0,0.0,0,0.0,992,48.4375,True,True,0,0,0,True,True,accepted
M4,M4_10mA_30C_0,frame_0190.png,0.7141765356063843,True,,True,0.7141765356063843,0.7141765356063843,False,False,True,0.0,1.0,0.0,0.0,0,0.0,992,48.4375,True,True,0,0,0,True,True,accepted
M4,M4_10mA_30C_0,frame_0191.png,0.7124932408332825,True,,True,0.7124932408332825,0.7124932408332825,False,False,True,0.0,1.0,0.0,0.0,0,0.0,992,48.4375,True,True,0,0,0,True,True,accepted
M4,M4_10mA_40C_0,frame_0021.png,0.7318621873855591,True,,True,0.7318621873855591,0.7318621873855591,False,False,True,0.0,1.0,0.0,0.0,0,0.0,992,48.4375,True,True,0,0,0,True,True,accepted
M4,M4_10mA_40C_0,frame_0022.png,0.7172750234603882,True,,True,0.7172750234603882,0.7172750234603882,False,False,True,0.0,1.0,0.0,0.0,1,0.00048828125,991,48.388671875,True,True,1,0,1,True,True,accepted
M4,M4_10mA_40C_0,frame_0032.png,0.7284045815467834,True,,True,0.7284045815467834,0.7284045815467834,False,False,True,0.0,1.0,0.0,0.0,0,0.0,992,48.4375,True,True,0,0,0,True,True,accepted
M4,M4_10mA_40C_0,frame_0041.png,0.7152585387229919,True,,True,0.7152585387229919,0.7152585387229919,False,False,True,0.0,1.0,0.0,0.0,1,0.00048828125,993,48.486328125,True,True,1,0,1,True,True,accepted
M4,M4_10mA_40C_0,frame_0043.png,0.7168958783149719,True,,True,0.7168958783149719,0.7168958783149719,False,False,True,0.0,1.0,0.0,0.0,0,0.0,992,48.4375,True,True,0,0,0,True,True,accepted
M4,M4_10mA_40C_0,frame_0044.png,0.7198959589004517,True,,True,0.7198959589004517,0.7198959589004517,False,False,True,0.0,1.0,0.0,0.0,0,0.0,992,48.4375,True,True,0,0,0,True,True,accepted
M4,M4_10mA_40C_0,frame_0055.png,0.734542191028595,True,,True,0.734542191028595,0.734542191028595,False,False,True,0.0,1.0,0.0,0.0,1,0.00048828125,993,48.486328125,True,True,1,0,1,True,True,accepted
M4,M4_10mA_40C_0,frame_0056.png,0.7441166043281555,True,,True,0.7441166043281555,0.7441166043281555,False,False,True,0.0,1.0,0.0,0.0,1,0.00048828125,993,48.486328125,True,True,1,0,1,True,True,accepted
M4,M4_10mA_40C_0,frame_0063.png,0.682161808013916,True,,True,0.682161808013916,0.682161808013916,False,False,True,0.0,1.0,0.0,0.0,0,0.0,992,48.4375,True,True,0,0,0,True,True,accepted
M4,M4_10mA_40C_0,frame_0066.png,0.7368329763412476,True,,True,0.7368329763412476,0.7368329763412476,False,False,True,0.0,1.0,0.0,0.0,0,0.0,992,48.4375,True,True,0,0,0,True,True,accepted
M4,M4_10mA_40C_0,frame_0072.png,0.7362075448036194,True,,True,0.7362075448036194,0.7362075448036194,False,False,True,0.0,1.0,0.0,0.0,0,0.0,992,48.4375,True,True,0,0,0,True,True,accepted
M4,M4_10mA_40C_0,frame_0077.png,0.7341691255569458,True,,True,0.7341691255569458,0.7341691255569458,False,False,True,0.0,1.0,0.0,0.0,0,0.0,992,48.4375,True,True,0,0,0,True,True,accepted
M4,M4_10mA_40C_0,frame_0084.png,0.706645131111145,True,,True,0.706645131111145,0.706645131111145,False,False,True,0.0,1.0,0.0,0.0,0,0.0,992,48.4375,True,True,0,0,0,True,True,accepted
M4,M4_10mA_40C_0,frame_0090.png,0.7229579091072083,True,,True,0.7229579091072083,0.7229579091072083,False,False,True,0.0,1.0,0.0,0.0,0,0.0,992,48.4375,True,True,0,0,0,True,True,accepted
M4,M4_10mA_40C_0,frame_0097.png,0.6904728412628174,True,,True,0.6904728412628174,0.6904728412628174,False,False,True,0.0,1.0,0.0,0.0,0,0.0,992,48.4375,True,True,0,0,0,True,True,accepted
M4,M4_10mA_40C_0,frame_0099.png,0.7044664621353149,True,,True,0.7044664621353149,0.7044664621353149,False,False,True,0.0,1.0,0.0,0.0,0,0.0,992,48.4375,True,True,0,0,0,True,True,accepted
M4,M4_10mA_40C_0,frame_0103.png,0.7329398989677429,True,,True,0.7329398989677429,0.7329398989677429,False,False,True,0.0,1.0,0.0,0.0,0,0.0,992,48.4375,True,True,0,0,0,True,True,accepted
M4,M4_10mA_40C_0,frame_0104.png,0.6955092549324036,True,,True,0.6955092549324036,0.6955092549324036,False,False,True,0.0,1.0,0.0,0.0,0,0.0,992,48.4375,True,True,0,0,0,True,True,accepted
M4,M4_10mA_40C_0,frame_0108.png,0.7381239533424377,True,,True,0.7381239533424377,0.7381239533424377,False,False,True,0.0,1.0,0.0,0.0,0,0.0,992,48.4375,True,True,0,0,0,True,True,accepted
M4,M4_10mA_40C_0,frame_0111.png,0.714013934135437,True,,True,0.714013934135437,0.714013934135437,False,False,True,0.0,1.0,0.0,0.0,0,0.0,992,48.4375,True,True,0,0,0,True,True,accepted
M4,M4_10mA_40C_0,frame_0121.png,0.732755720615387,True,,True,0.732755720615387,0.732755720615387,False,False,True,0.0,1.0,0.0,0.0,0,0.0,992,48.4375,True,True,0,0,0,True,True,accepted
M4,M4_10mA_40C_0,frame_0124.png,0.717172384262085,True,,True,0.717172384262085,0.717172384262085,False,False,True,0.0,1.0,0.0,0.0,0,0.0,992,48.4375,True,True,0,0,0,True,True,accepted
M4,M4_10mA_40C_0,frame_0131.png,0.6970590353012085,True,,True,0.6970590353012085,0.6970590353012085,False,False,True,0.0,1.0,0.0,0.0,0,0.0,992,48.4375,True,True,0,0,0,True,True,accepted
M4,M4_10mA_40C_0,frame_0134.png,0.7269427180290222,True,,True,0.7269427180290222,0.7269427180290222,False,False,True,0.0,1.0,0.0,0.0,0,0.0,992,48.4375,True,True,0,0,0,True,True,accepted
M4,M4_10mA_40C_0,frame_0142.png,0.7283616065979004,True,,True,0.7283616065979004,0.7283616065979004,False,False,True,0.0,1.0,0.0,0.0,0,0.0,992,48.4375,True,True,0,0,0,True,True,accepted
M4,M4_10mA_40C_0,frame_0144.png,0.7402474880218506,True,,True,0.7402474880218506,0.7402474880218506,False,False,True,0.0,1.0,0.0,0.0,0,0.0,992,48.4375,True,True,0,0,0,True,True,accepted
M4,M4_10mA_40C_0,frame_0145.png,0.72423255443573,True,,True,0.72423255443573,0.72423255443573,False,False,True,0.0,1.0,0.0,0.0,0,0.0,992,48.4375,True,True,0,0,0,True,True,accepted
M4,M4_10mA_40C_0,frame_0149.png,0.7040104866027832,True,,True,0.7040104866027832,0.7040104866027832,False,False,True,0.0,1.0,0.0,0.0,0,0.0,992,48.4375,True,True,0,0,0,True,True,accepted
M4,M4_10mA_40C_0,frame_0150.png,0.7112831473350525,True,,True,0.7112831473350525,0.7112831473350525,False,False,True,0.0,1.0,0.0,0.0,17,0.00830078125,997,48.681640625,True,True,1,0,17,True,True,accepted
M4,M4_10mA_40C_0,frame_0153.png,0.7271561622619629,True,,True,0.7271561622619629,0.7271561622619629,False,False,True,0.0,1.0,0.0,0.0,0,0.0,992,48.4375,True,True,0,0,0,True,True,accepted
M4,M4_10mA_40C_0,frame_0158.png,0.6981045007705688,True,,True,0.6981045007705688,0.6981045007705688,False,False,True,0.0,1.0,0.0,0.0,0,0.0,992,48.4375,True,True,0,0,0,True,True,accepted
M4,M4_10mA_40C_0,frame_0162.png,0.7386637330055237,True,,True,0.7386637330055237,0.7386637330055237,False,False,True,0.0,1.0,0.0,0.0,0,0.0,992,48.4375,True,True,0,0,0,True,True,accepted
M4,M4_10mA_40C_0,frame_0165.png,0.7272712588310242,True,,True,0.7272712588310242,0.7272712588310242,False,False,True,0.0,1.0,0.0,0.0,0,0.0,992,48.4375,True,True,0,0,0,True,True,accepted
M4,M4_10mA_40C_0,frame_0166.png,0.6760920882225037,True,,True,0.6760920882225037,0.6760920882225037,False,False,True,0.0,1.0,0.0,0.0,8,0.00390625,996,48.6328125,True,True,1,0,8,True,True,accepted
M4,M4_10mA_40C_0,frame_0167.png,0.6969219446182251,True,,True,0.6969219446182251,0.6969219446182251,False,False,True,0.0,1.0,0.0,0.0,0,0.0,992,48.4375,True,True,0,0,0,True,True,accepted
M4,M4_10mA_40C_0,frame_0170.png,0.6715683937072754,True,,True,0.6715683937072754,0.6715683937072754,False,False,True,0.0,1.0,0.0,0.0,1,0.00048828125,993,48.486328125,True,True,1,0,1,True,True,accepted
M4,M4_10mA_40C_0,frame_0172.png,0.7265757322311401,True,,True,0.7265757322311401,0.7265757322311401,False,False,True,0.0,1.0,0.0,0.0,0,0.0,992,48.4375,True,True,0,0,0,True,True,accepted
M4,M4_10mA_40C_0,frame_0177.png,0.7163412570953369,True,,True,0.7163412570953369,0.7163412570953369,False,False,True,0.0,1.0,0.0,0.0,0,0.0,992,48.4375,True,True,0,0,0,True,True,accepted
M4,M4_10mA_40C_0,frame_0178.png,0.7145212292671204,True,,True,0.7145212292671204,0.7145212292671204,False,False,True,0.0,1.0,0.0,0.0,3,0.00146484375,991,48.388671875,True,True,1,0,3,True,True,accepted
M4,M4_10mA_40C_0,frame_0179.png,0.6923044919967651,True,,True,0.6923044919967651,0.6923044919967651,False,False,True,0.0,1.0,0.0,0.0,0,0.0,992,48.4375,True,True,0,0,0,True,True,accepted
M4,M4_10mA_40C_0,frame_0186.png,0.7434361577033997,True,,True,0.7434361577033997,0.7434361577033997,False,False,True,0.0,1.0,0.0,0.0,1,0.00048828125,993,48.486328125,True,True,1,0,1,True,True,accepted
M4,M4_10mA_40C_0,frame_0194.png,0.7104150652885437,True,,True,0.7104150652885437,0.7104150652885437,False,False,True,0.0,1.0,0.0,0.0,0,0.0,992,48.4375,True,True,0,0,0,True,True,accepted
M4,M4_10mA_40C_0,frame_0195.png,0.7084246277809143,True,,True,0.7084246277809143,0.7084246277809143,False,False,True,0.0,1.0,0.0,0.0,0,0.0,992,48.4375,True,True,0,0,0,True,True,accepted
M4,M4_10mA_40C_0,frame_0196.png,0.7279013991355896,True,,True,0.7279013991355896,0.7279013991355896,False,False,True,0.0,1.0,0.0,0.0,7,0.00341796875,999,48.779296875,True,True,1,0,7,True,True,accepted
M4,M4_10mA_40C_0,frame_0199.png,0.7329728603363037,True,,True,0.7329728603363037,0.7329728603363037,False,False,True,0.0,1.0,0.0,0.0,0,0.0,992,48.4375,True,True,0,0,0,True,True,accepted
M4,M4_20mA_20C_0,frame_0013.png,0.7325668931007385,True,,True,0.7325668931007385,0.7325668931007385,False,False,True,0.0,1.0,0.0,0.0,0,0.0,992,48.4375,True,True,0,0,0,True,True,accepted
M4,M4_20mA_20C_0,frame_0022.png,0.7432753443717957,True,,True,0.7432753443717957,0.7432753443717957,False,False,True,0.0,1.0,0.0,0.0,2,0.0009765625,992,48.4375,True,True,1,0,2,True,True,accepted
M4,M4_20mA_20C_0,frame_0027.png,0.7527594566345215,True,,True,0.7527594566345215,0.7527594566345215,False,False,True,0.0,1.0,0.0,0.0,0,0.0,992,48.4375,True,True,0,0,0,True,True,accepted
M4,M4_20mA_20C_0,frame_0028.png,0.7389988899230957,True,,True,0.7389988899230957,0.7389988899230957,False,False,True,0.0,1.0,0.0,0.0,0,0.0,992,48.4375,True,True,0,0,0,True,True,accepted
M4,M4_20mA_20C_0,frame_0030.png,0.7251802682876587,True,,True,0.7251802682876587,0.7251802682876587,False,False,True,0.0,1.0,0.0,0.0,0,0.0,992,48.4375,True,True,0,0,0,True,True,accepted
M4,M4_20mA_20C_0,frame_0040.png,0.7396137118339539,True,,True,0.7396137118339539,0.7396137118339539,False,False,True,0.0,1.0,0.0,0.0,0,0.0,992,48.4375,True,True,0,0,0,True,True,accepted
M4,M4_20mA_20C_0,frame_0043.png,0.7440755367279053,True,,True,0.7440755367279053,0.7440755367279053,False,False,True,0.0,1.0,0.0,0.0,0,0.0,992,48.4375,True,True,0,0,0,True,True,accepted
M4,M4_20mA_20C_0,frame_0050.png,0.6912622451782227,True,,True,0.6912622451782227,0.6912622451782227,False,False,True,0.0,1.0,0.0,0.0,6,0.0029296875,994,48.53515625,True,True,1,0,6,True,True,accepted
M4,M4_20mA_20C_0,frame_0054.png,0.7427804470062256,True,,True,0.7427804470062256,0.7427804470062256,False,False,True,0.0,1.0,0.0,0.0,2,0.0009765625,994,48.53515625,True,True,1,0,2,True,True,accepted
M4,M4_20mA_20C_0,frame_0061.png,0.7319491505622864,True,,True,0.7319491505622864,0.7319491505622864,False,False,True,0.0,1.0,0.0,0.0,0,0.0,992,48.4375,True,True,0,0,0,True,True,accepted
M4,M4_20mA_20C_0,frame_0062.png,0.7302097082138062,True,,True,0.7302097082138062,0.7302097082138062,False,False,True,0.0,1.0,0.0,0.0,0,0.0,992,48.4375,True,True,0,0,0,True,True,accepted
M4,M4_20mA_20C_0,frame_0064.png,0.7404608726501465,True,,True,0.7404608726501465,0.7404608726501465,False,False,True,0.0,1.0,0.0,0.0,0,0.0,992,48.4375,True,True,0,0,0,True,True,accepted
M4,M4_20mA_20C_0,frame_0067.png,0.7454041838645935,True,,True,0.7454041838645935,0.7454041838645935,False,False,True,0.0,1.0,0.0,0.0,2,0.0009765625,992,48.4375,True,True,1,0,2,True,True,accepted
M4,M4_20mA_20C_0,frame_0068.png,0.7436977028846741,True,,True,0.7436977028846741,0.7436977028846741,False,False,True,0.0,1.0,0.0,0.0,0,0.0,992,48.4375,True,True,0,0,0,True,True,accepted
M4,M4_20mA_20C_0,frame_0072.png,0.7466601729393005,True,,True,0.7466601729393005,0.7466601729393005,False,False,True,0.0,1.0,0.0,0.0,0,0.0,992,48.4375,True,True,0,0,0,True,True,accepted
M4,M4_20mA_20C_0,frame_0077.png,0.7185787558555603,True,,True,0.7185787558555603,0.7185787558555603,False,False,True,0.0,1.0,0.0,0.0,0,0.0,992,48.4375,True,True,0,0,0,True,True,accepted
M4,M4_20mA_20C_0,frame_0078.png,0.7360138297080994,True,,True,0.7360138297080994,0.7360138297080994,False,False,True,0.0,1.0,0.0,0.0,0,0.0,992,48.4375,True,True,0,0,0,True,True,accepted
M4,M4_20mA_20C_0,frame_0079.png,0.7476012706756592,True,,True,0.7476012706756592,0.7476012706756592,False,False,True,0.0,1.0,0.0,0.0,0,0.0,992,48.4375,True,True,0,0,0,True,True,accepted
M4,M4_20mA_20C_0,frame_0084.png,0.7182520627975464,True,,True,0.7182520627975464,0.7182520627975464,False,False,True,0.0,1.0,0.0,0.0,0,0.0,992,48.4375,True,True,0,0,0,True,True,accepted
M4,M4_20mA_20C_0,frame_0095.png,0.7268774509429932,True,,True,0.7268774509429932,0.7268774509429932,False,False,True,0.0,1.0,0.0,0.0,0,0.0,992,48.4375,True,True,0,0,0,True,True,accepted
M4,M4_20mA_20C_0,frame_0097.png,0.707677960395813,True,,True,0.707677960395813,0.707677960395813,False,False,True,0.0,1.0,0.0,0.0,0,0.0,992,48.4375,True,True,0,0,0,True,True,accepted
M4,M4_20mA_20C_0,frame_0102.png,0.7469308376312256,True,,True,0.7469308376312256,0.7469308376312256,False,False,True,0.0,1.0,0.0,0.0,0,0.0,992,48.4375,True,True,0,0,0,True,True,accepted
M4,M4_20mA_20C_0,frame_0105.png,0.6922504901885986,True,,True,0.6922504901885986,0.6922504901885986,False,False,True,0.0,1.0,0.0,0.0,0,0.0,992,48.4375,True,True,0,0,0,True,True,accepted
M4,M4_20mA_20C_0,frame_0110.png,0.740483283996582,True,,True,0.740483283996582,0.740483283996582,False,False,True,0.0,1.0,0.0,0.0,0,0.0,992,48.4375,True,True,0,0,0,True,True,accepted
M4,M4_20mA_20C_0,frame_0111.png,0.7360475063323975,True,,True,0.7360475063323975,0.7360475063323975,False,False,True,0.0,1.0,0.0,0.0,1,0.00048828125,991,48.388671875,True,True,1,0,1,True,True,accepted
M4,M4_20mA_20C_0,frame_0128.png,0.6868571043014526,True,,True,0.6868571043014526,0.6868571043014526,False,False,True,0.0,1.0,0.0,0.0,1,0.00048828125,993,48.486328125,True,True,1,0,1,True,True,accepted
M4,M4_20mA_20C_0,frame_0132.png,0.7270011305809021,True,,True,0.7270011305809021,0.7270011305809021,False,False,True,0.0,1.0,0.0,0.0,0,0.0,992,48.4375,True,True,0,0,0,True,True,accepted
M4,M4_20mA_20C_0,frame_0136.png,0.713373601436615,True,,True,0.713373601436615,0.713373601436615,False,False,True,0.0,1.0,0.0,0.0,12,0.005859375,990,48.33984375,True,True,1,0,12,True,True,accepted
M4,M4_20mA_20C_0,frame_0140.png,0.7339376211166382,True,,True,0.7339376211166382,0.7339376211166382,False,False,True,0.0,1.0,0.0,0.0,1,0.00048828125,993,48.486328125,True,True,1,0,1,True,True,accepted
M4,M4_20mA_20C_0,frame_0141.png,0.7010992765426636,True,,True,0.7010992765426636,0.7010992765426636,False,False,True,0.0,1.0,0.0,0.0,0,0.0,992,48.4375,True,True,0,0,0,True,True,accepted
M4,M4_20mA_20C_0,frame_0148.png,0.7471374869346619,True,,True,0.7471374869346619,0.7471374869346619,False,False,True,0.0,1.0,0.0,0.0,0,0.0,992,48.4375,True,True,0,0,0,True,True,accepted
M4,M4_20mA_20C_0,frame_0149.png,0.7209189534187317,True,,True,0.7209189534187317,0.7209189534187317,False,False,True,0.0,1.0,0.0,0.0,0,0.0,992,48.4375,True,True,0,0,0,True,True,accepted
M4,M4_20mA_20C_0,frame_0150.png,0.738907516002655,True,,True,0.738907516002655,0.738907516002655,False,False,True,0.0,1.0,0.0,0.0,5,0.00244140625,991,48.388671875,True,True,1,0,5,True,True,accepted
M4,M4_20mA_20C_0,frame_0155.png,0.7288582921028137,True,,True,0.7288582921028137,0.7288582921028137,False,False,True,0.0,1.0,0.0,0.0,0,0.0,992,48.4375,True,True,0,0,0,True,True,accepted
M4,M4_20mA_20C_0,frame_0161.png,0.7239617109298706,True,,True,0.7239617109298706,0.7239617109298706,False,False,True,0.0,1.0,0.0,0.0,0,0.0,992,48.4375,True,True,0,0,0,True,True,accepted
M4,M4_20mA_20C_0,frame_0171.png,0.7201307415962219,True,,True,0.7201307415962219,0.7201307415962219,False,False,True,0.0,1.0,0.0,0.0,0,0.0,992,48.4375,True,True,0,0,0,True,True,accepted
M4,M4_20mA_20C_0,frame_0174.png,0.7101346850395203,True,,True,0.7101346850395203,0.7101346850395203,False,False,True,0.0,1.0,0.0,0.0,2,0.0009765625,992,48.4375,True,True,1,0,2,True,True,accepted
M4,M4_20mA_20C_0,frame_0177.png,0.7411244511604309,True,,True,0.7411244511604309,0.7411244511604309,False,False,True,0.0,1.0,0.0,0.0,2,0.0009765625,992,48.4375,True,True,1,0,2,True,True,accepted
M4,M4_20mA_20C_0,frame_0178.png,0.7154333591461182,True,,True,0.7154333591461182,0.7154333591461182,False,False,True,0.0,1.0,0.0,0.0,2,0.0009765625,992,48.4375,True,True,1,0,2,True,True,accepted
M4,M4_20mA_20C_0,frame_0180.png,0.7256840467453003,True,,True,0.7256840467453003,0.7256840467453003,False,False,True,0.0,1.0,0.0,0.0,0,0.0,992,48.4375,True,True,0,0,0,True,True,accepted
M4,M4_20mA_20C_0,frame_0184.png,0.7345724701881409,True,,True,0.7345724701881409,0.7345724701881409,False,False,True,0.0,1.0,0.0,0.0,0,0.0,992,48.4375,True,True,0,0,0,True,True,accepted
M4,M4_20mA_20C_0,frame_0187.png,0.7129355072975159,True,,True,0.7129355072975159,0.7129355072975159,False,False,True,0.0,1.0,0.0,0.0,0,0.0,992,48.4375,True,True,0,0,0,True,True,accepted
M4,M4_20mA_20C_0,frame_0190.png,0.7126857042312622,True,,True,0.7126857042312622,0.7126857042312622,False,False,True,0.0,1.0,0.0,0.0,0,0.0,992,48.4375,True,True,0,0,0,True,True,accepted
M4,M4_20mA_20C_0,frame_0191.png,0.7082564830780029,True,,True,0.7082564830780029,0.7082564830780029,False,False,True,0.0,1.0,0.0,0.0,1,0.00048828125,991,48.388671875,True,True,1,0,1,True,True,accepted
M4,M4_20mA_20C_0,frame_0200.png,0.7222990989685059,True,,True,0.7222990989685059,0.7222990989685059,False,False,True,0.0,1.0,0.0,0.0,0,0.0,992,48.4375,True,True,0,0,0,True,True,accepted
M4,M4_20mA_30C_0,frame_0023.png,0.7483978867530823,True,,True,0.7483978867530823,0.7483978867530823,False,False,True,0.0,1.0,0.0,0.0,0,0.0,992,48.4375,True,True,0,0,0,True,True,accepted
M4,M4_20mA_30C_0,frame_0027.png,0.7242230772972107,True,,True,0.7242230772972107,0.7242230772972107,False,False,True,0.0,1.0,0.0,0.0,0,0.0,992,48.4375,True,True,0,0,0,True,True,accepted
M4,M4_20mA_30C_0,frame_0031.png,0.713679850101471,True,,True,0.713679850101471,0.713679850101471,False,False,True,0.0,1.0,0.0,0.0,0,0.0,992,48.4375,True,True,0,0,0,True,True,accepted
M4,M4_20mA_30C_0,frame_0033.png,0.6388693451881409,True,,True,0.6388693451881409,0.6388693451881409,False,True,True,0.0,1.0,0.0,0.0,3,0.00146484375,989,48.291015625,True,True,1,0,3,True,True,accepted
M4,M4_20mA_30C_0,frame_0038.png,0.7044597268104553,True,,True,0.7044597268104553,0.7044597268104553,False,False,True,0.0,1.0,0.0,0.0,0,0.0,992,48.4375,True,True,0,0,0,True,True,accepted
M4,M4_20mA_30C_0,frame_0041.png,0.7331669330596924,True,,True,0.7331669330596924,0.7331669330596924,False,False,True,0.0,1.0,0.0,0.0,0,0.0,992,48.4375,True,True,0,0,0,True,True,accepted
M4,M4_20mA_30C_0,frame_0046.png,0.7413568496704102,True,,True,0.7413568496704102,0.7413568496704102,False,False,True,0.0,1.0,0.0,0.0,0,0.0,992,48.4375,True,True,0,0,0,True,True,accepted
M4,M4_20mA_30C_0,frame_0050.png,0.7142443060874939,True,,True,0.7142443060874939,0.7142443060874939,False,False,True,0.0,1.0,0.0,0.0,3,0.00146484375,991,48.388671875,True,True,1,0,3,True,True,accepted
M4,M4_20mA_30C_0,frame_0051.png,0.7472434043884277,True,,True,0.7472434043884277,0.7472434043884277,False,False,True,0.0,1.0,0.0,0.0,0,0.0,992,48.4375,True,True,0,0,0,True,True,accepted
M4,M4_20mA_30C_0,frame_0052.png,0.7267878651618958,True,,True,0.7267878651618958,0.7267878651618958,False,False,True,0.0,1.0,0.0,0.0,0,0.0,992,48.4375,True,True,0,0,0,True,True,accepted
M4,M4_20mA_30C_0,frame_0056.png,0.7041738629341125,True,,True,0.7041738629341125,0.7041738629341125,False,False,True,0.0,1.0,0.0,0.0,0,0.0,992,48.4375,True,True,0,0,0,True,True,accepted
M4,M4_20mA_30C_0,frame_0063.png,0.6885076761245728,True,,True,0.6885076761245728,0.6885076761245728,False,False,True,0.0,1.0,0.0,0.0,0,0.0,992,48.4375,True,True,0,0,0,True,True,accepted
M4,M4_20mA_30C_0,frame_0066.png,0.7380229830741882,True,,True,0.7380229830741882,0.7380229830741882,False,False,True,0.0,1.0,0.0,0.0,0,0.0,992,48.4375,True,True,0,0,0,True,True,accepted
M4,M4_20mA_30C_0,frame_0073.png,0.685016393661499,True,,True,0.685016393661499,0.685016393661499,False,False,True,0.0,1.0,0.0,0.0,16,0.0078125,988,48.2421875,True,True,1,0,16,True,True,accepted
M4,M4_20mA_30C_0,frame_0078.png,0.7198468446731567,True,,True,0.7198468446731567,0.7198468446731567,False,False,True,0.0,1.0,0.0,0.0,0,0.0,992,48.4375,True,True,0,0,0,True,True,accepted
M4,M4_20mA_30C_0,frame_0083.png,0.7476832866668701,True,,True,0.7476832866668701,0.7476832866668701,False,False,True,0.0,1.0,0.0,0.0,0,0.0,992,48.4375,True,True,0,0,0,True,True,accepted
M4,M4_20mA_30C_0,frame_0085.png,0.7354583144187927,True,,True,0.7354583144187927,0.7354583144187927,False,False,True,0.0,1.0,0.0,0.0,0,0.0,992,48.4375,True,True,0,0,0,True,True,accepted
M4,M4_20mA_30C_0,frame_0086.png,0.6974059343338013,True,,True,0.6974059343338013,0.6974059343338013,False,False,True,0.0,1.0,0.0,0.0,0,0.0,992,48.4375,True,True,0,0,0,True,True,accepted
M4,M4_20mA_30C_0,frame_0089.png,0.7357966899871826,True,,True,0.7357966899871826,0.7357966899871826,False,False,True,0.0,1.0,0.0,0.0,0,0.0,992,48.4375,True,True,0,0,0,True,True,accepted
M4,M4_20mA_30C_0,frame_0093.png,0.6909560561180115,True,,True,0.6909560561180115,0.6909560561180115,False,False,True,0.0,1.0,0.0,0.0,0,0.0,992,48.4375,True,True,0,0,0,True,True,accepted
M4,M4_20mA_30C_0,frame_0095.png,0.7276592254638672,True,,True,0.7276592254638672,0.7276592254638672,False,False,True,0.0,1.0,0.0,0.0,2,0.0009765625,994,48.53515625,True,True,1,0,2,True,True,accepted
M4,M4_20mA_30C_0,frame_0098.png,0.7326346635818481,True,,True,0.7326346635818481,0.7326346635818481,False,False,True,0.0,1.0,0.0,0.0,0,0.0,992,48.4375,True,True,0,0,0,True,True,accepted
M4,M4_20mA_30C_0,frame_0108.png,0.7333744168281555,True,,True,0.7333744168281555,0.7333744168281555,False,False,True,0.0,1.0,0.0,0.0,0,0.0,992,48.4375,True,True,0,0,0,True,True,accepted
M4,M4_20mA_30C_0,frame_0112.png,0.7322590947151184,True,,True,0.7322590947151184,0.7322590947151184,False,False,True,0.0,1.0,0.0,0.0,0,0.0,992,48.4375,True,True,0,0,0,True,True,accepted
M4,M4_20mA_30C_0,frame_0119.png,0.7329224348068237,True,,True,0.7329224348068237,0.7329224348068237,False,False,True,0.0,1.0,0.0,0.0,0,0.0,992,48.4375,True,True,0,0,0,True,True,accepted
M4,M4_20mA_30C_0,frame_0120.png,0.674221396446228,True,,True,0.674221396446228,0.674221396446228,False,False,True,0.0,1.0,0.0,0.0,15,0.00732421875,989,48.291015625,True,True,1,0,15,True,True,accepted
M4,M4_20mA_30C_0,frame_0123.png,0.7179948091506958,True,,True,0.7179948091506958,0.7179948091506958,False,False,True,0.0,1.0,0.0,0.0,20,0.009765625,990,48.33984375,True,True,1,0,20,True,True,accepted
M4,M4_20mA_30C_0,frame_0124.png,0.7329997420310974,True,,True,0.7329997420310974,0.7329997420310974,False,False,True,0.0,1.0,0.0,0.0,0,0.0,992,48.4375,True,True,0,0,0,True,True,accepted
M4,M4_20mA_30C_0,frame_0130.png,0.6932454109191895,True,,True,0.6932454109191895,0.6932454109191895,False,False,True,0.0,1.0,0.0,0.0,0,0.0,992,48.4375,True,True,0,0,0,True,True,accepted
M4,M4_20mA_30C_0,frame_0132.png,0.7007439136505127,True,,True,0.7007439136505127,0.7007439136505127,False,False,True,0.0,1.0,0.0,0.0,0,0.0,992,48.4375,True,True,0,0,0,True,True,accepted
M4,M4_20mA_30C_0,frame_0133.png,0.7364270091056824,True,,True,0.7364270091056824,0.7364270091056824,False,False,True,0.0,1.0,0.0,0.0,0,0.0,992,48.4375,True,True,0,0,0,True,True,accepted
M4,M4_20mA_30C_0,frame_0147.png,0.7450660467147827,True,,True,0.7450660467147827,0.7450660467147827,False,False,True,0.0,1.0,0.0,0.0,0,0.0,992,48.4375,True,True,0,0,0,True,True,accepted
M4,M4_20mA_30C_0,frame_0150.png,0.7207978367805481,True,,True,0.7207978367805481,0.7207978367805481,False,False,True,0.0,1.0,0.0,0.0,0,0.0,992,48.4375,True,True,0,0,0,True,True,accepted
M4,M4_20mA_30C_0,frame_0151.png,0.7275462746620178,True,,True,0.7275462746620178,0.7275462746620178,False,False,True,0.0,1.0,0.0,0.0,0,0.0,992,48.4375,True,True,0,0,0,True,True,accepted
M4,M4_20mA_30C_0,frame_0158.png,0.7373219728469849,True,,True,0.7373219728469849,0.7373219728469849,False,False,True,0.0,1.0,0.0,0.0,0,0.0,992,48.4375,True,True,0,0,0,True,True,accepted
M4,M4_20mA_30C_0,frame_0159.png,0.7451995611190796,True,,True,0.7451995611190796,0.7451995611190796,False,False,True,0.0,1.0,0.0,0.0,0,0.0,992,48.4375,True,True,0,0,0,True,True,accepted
M4,M4_20mA_30C_0,frame_0162.png,0.7249472737312317,True,,True,0.7249472737312317,0.7249472737312317,False,False,True,0.0,1.0,0.0,0.0,0,0.0,992,48.4375,True,True,0,0,0,True,True,accepted
M4,M4_20mA_30C_0,frame_0165.png,0.7426486015319824,True,,True,0.7426486015319824,0.7426486015319824,False,False,True,0.0,1.0,0.0,0.0,0,0.0,992,48.4375,True,True,0,0,0,True,True,accepted
M4,M4_20mA_30C_0,frame_0171.png,0.7172027826309204,True,,True,0.7172027826309204,0.7172027826309204,False,False,True,0.0,1.0,0.0,0.0,2,0.0009765625,994,48.53515625,True,True,1,0,2,True,True,accepted
M4,M4_20mA_30C_0,frame_0173.png,0.7438639998435974,True,,True,0.7438639998435974,0.7438639998435974,False,False,True,0.0,1.0,0.0,0.0,2,0.0009765625,994,48.53515625,True,True,1,0,2,True,True,accepted
M4,M4_20mA_30C_0,frame_0175.png,0.6346170902252197,True,,True,0.6346170902252197,0.6346170902252197,False,True,True,0.0,1.0,0.0,0.0,2,0.0009765625,992,48.4375,True,True,1,0,2,True,True,accepted
M4,M4_20mA_30C_0,frame_0179.png,0.7091211080551147,True,,True,0.7091211080551147,0.7091211080551147,False,False,True,0.0,1.0,0.0,0.0,0,0.0,992,48.4375,True,True,0,0,0,True,True,accepted
M4,M4_20mA_30C_0,frame_0182.png,0.699288547039032,True,,True,0.699288547039032,0.699288547039032,False,False,True,0.0,1.0,0.0,0.0,6,0.0029296875,994,48.53515625,True,True,1,0,6,True,True,accepted
M4,M4_20mA_30C_0,frame_0183.png,0.7116206288337708,True,,True,0.7116206288337708,0.7116206288337708,False,False,True,0.0,1.0,0.0,0.0,7,0.00341796875,993,48.486328125,True,True,1,0,7,True,True,accepted
M4,M4_20mA_30C_0,frame_0193.png,0.7200697660446167,True,,True,0.7200697660446167,0.7200697660446167,False,False,True,0.0,1.0,0.0,0.0,0,0.0,992,48.4375,True,True,0,0,0,True,True,accepted
M4,M4_20mA_40C_0,frame_0024.png,0.7556207776069641,True,,True,0.7556207776069641,0.7556207776069641,False,False,True,0.0,1.0,0.0,0.0,0,0.0,992,48.4375,True,True,0,0,0,True,True,accepted
M4,M4_20mA_40C_0,frame_0027.png,0.7398734092712402,True,,True,0.7398734092712402,0.7398734092712402,False,False,True,0.0,1.0,0.0,0.0,0,0.0,992,48.4375,True,True,0,0,0,True,True,accepted
M4,M4_20mA_40C_0,frame_0037.png,0.7332265973091125,True,,True,0.7332265973091125,0.7332265973091125,False,False,True,0.0,1.0,0.0,0.0,0,0.0,992,48.4375,True,True,0,0,0,True,True,accepted
M4,M4_20mA_40C_0,frame_0049.png,0.6826652884483337,True,,True,0.6826652884483337,0.6826652884483337,False,False,True,0.0,1.0,0.0,0.0,0,0.0,992,48.4375,True,True,0,0,0,True,True,accepted
M4,M4_20mA_40C_0,frame_0051.png,0.6492000818252563,True,,True,0.6492000818252563,0.6492000818252563,False,True,True,0.0,1.0,0.0,0.0,55,0.02685546875,981,47.900390625,True,True,2,0,55,True,True,accepted
M4,M4_20mA_40C_0,frame_0054.png,0.7187380194664001,True,,True,0.7187380194664001,0.7187380194664001,False,False,True,0.0,1.0,0.0,0.0,0,0.0,992,48.4375,True,True,0,0,0,True,True,accepted
M4,M4_20mA_40C_0,frame_0056.png,0.6833655834197998,True,,True,0.6833655834197998,0.6833655834197998,False,False,True,0.0,1.0,0.0,0.0,0,0.0,992,48.4375,True,True,0,0,0,True,True,accepted
M4,M4_20mA_40C_0,frame_0061.png,0.744590699672699,True,,True,0.744590699672699,0.744590699672699,False,False,True,0.0,1.0,0.0,0.0,2,0.0009765625,994,48.53515625,True,True,1,0,2,True,True,accepted
M4,M4_20mA_40C_0,frame_0066.png,0.7152850031852722,True,,True,0.7152850031852722,0.7152850031852722,False,False,True,0.0,1.0,0.0,0.0,0,0.0,992,48.4375,True,True,0,0,0,True,True,accepted
M4,M4_20mA_40C_0,frame_0077.png,0.7183517813682556,True,,True,0.7183517813682556,0.7183517813682556,False,False,True,0.0,1.0,0.0,0.0,0,0.0,992,48.4375,True,True,0,0,0,True,True,accepted
M4,M4_20mA_40C_0,frame_0081.png,0.7456919550895691,True,,True,0.7456919550895691,0.7456919550895691,False,False,True,0.0,1.0,0.0,0.0,0,0.0,992,48.4375,True,True,0,0,0,True,True,accepted
M4,M4_20mA_40C_0,frame_0082.png,0.7154467701911926,True,,True,0.7154467701911926,0.7154467701911926,False,False,True,0.0,1.0,0.0,0.0,1,0.00048828125,993,48.486328125,True,True,1,0,1,True,True,accepted
M4,M4_20mA_40C_0,frame_0084.png,0.6523875594139099,True,,True,0.6523875594139099,0.6523875594139099,False,True,True,0.0,1.0,0.0,0.0,98,0.0478515625,1008,49.21875,True,True,3,0,98,True,True,accepted
M4,M4_20mA_40C_0,frame_0089.png,0.7449465990066528,True,,True,0.7449465990066528,0.7449465990066528,False,False,True,0.0,1.0,0.0,0.0,0,0.0,992,48.4375,True,True,0,0,0,True,True,accepted
M4,M4_20mA_40C_0,frame_0090.png,0.6638178825378418,True,,True,0.6638178825378418,0.6638178825378418,False,False,True,0.0,1.0,0.0,0.0,43,0.02099609375,995,48.583984375,True,True,2,0,43,True,True,accepted
M4,M4_20mA_40C_0,frame_0099.png,0.6866543292999268,True,,True,0.6866543292999268,0.6866543292999268,False,False,True,0.0,1.0,0.0,0.0,0,0.0,992,48.4375,True,True,0,0,0,True,True,accepted
M4,M4_20mA_40C_0,frame_0101.png,0.715171754360199,True,,True,0.715171754360199,0.715171754360199,False,False,True,0.0,1.0,0.0,0.0,0,0.0,992,48.4375,True,True,0,0,0,True,True,accepted
M4,M4_20mA_40C_0,frame_0102.png,0.7209483981132507,True,,True,0.7209483981132507,0.7209483981132507,False,False,True,0.0,1.0,0.0,0.0,0,0.0,992,48.4375,True,True,0,0,0,True,True,accepted
M4,M4_20mA_40C_0,frame_0103.png,0.7117265462875366,True,,True,0.7117265462875366,0.7117265462875366,False,False,True,0.0,1.0,0.0,0.0,1,0.00048828125,993,48.486328125,True,True,1,0,1,True,True,accepted
M4,M4_20mA_40C_0,frame_0110.png,0.7286514639854431,True,,True,0.7286514639854431,0.7286514639854431,False,False,True,0.0,1.0,0.0,0.0,0,0.0,992,48.4375,True,True,0,0,0,True,True,accepted
M4,M4_20mA_40C_0,frame_0111.png,0.6993804574012756,True,,True,0.6993804574012756,0.6993804574012756,False,False,True,0.0,1.0,0.0,0.0,5,0.00244140625,995,48.583984375,True,True,1,0,5,True,True,accepted
M4,M4_20mA_40C_0,frame_0113.png,0.6592114567756653,True,,True,0.6592114567756653,0.6592114567756653,False,True,True,0.0,1.0,0.0,0.0,14,0.0068359375,992,48.4375,True,True,1,0,14,True,True,accepted
M4,M4_20mA_40C_0,frame_0115.png,0.679196834564209,True,,True,0.679196834564209,0.679196834564209,False,False,True,0.0,1.0,0.0,0.0,7,0.00341796875,995,48.583984375,True,True,1,0,7,True,True,accepted
M4,M4_20mA_40C_0,frame_0116.png,0.6604126691818237,True,,True,0.6604126691818237,0.6604126691818237,False,True,True,0.0,1.0,0.0,0.0,29,0.01416015625,993,48.486328125,True,True,1,0,29,True,True,accepted
M4,M4_20mA_40C_0,frame_0120.png,0.7290425896644592,True,,True,0.7290425896644592,0.7290425896644592,False,False,True,0.0,1.0,0.0,0.0,0,0.0,992,48.4375,True,True,0,0,0,True,True,accepted
M4,M4_20mA_40C_0,frame_0123.png,0.748407244682312,True,,True,0.748407244682312,0.748407244682312,False,False,True,0.0,1.0,0.0,0.0,0,0.0,992,48.4375,True,True,0,0,0,True,True,accepted
M4,M4_20mA_40C_0,frame_0128.png,0.7212079167366028,True,,True,0.7212079167366028,0.7212079167366028,False,False,True,0.0,1.0,0.0,0.0,2,0.0009765625,992,48.4375,True,True,1,0,2,True,True,accepted
M4,M4_20mA_40C_0,frame_0129.png,0.7440589070320129,True,,True,0.7440589070320129,0.7440589070320129,False,False,True,0.0,1.0,0.0,0.0,0,0.0,992,48.4375,True,True,0,0,0,True,True,accepted
M4,M4_20mA_40C_0,frame_0133.png,0.6978217363357544,True,,True,0.6978217363357544,0.6978217363357544,False,False,True,0.0,1.0,0.0,0.0,1,0.00048828125,993,48.486328125,True,True,1,0,1,True,True,accepted
M4,M4_20mA_40C_0,frame_0134.png,0.7021796703338623,True,,True,0.7021796703338623,0.7021796703338623,False,False,True,0.0,1.0,0.0,0.0,0,0.0,992,48.4375,True,True,0,0,0,True,True,accepted
M4,M4_20mA_40C_0,frame_0142.png,0.6929354071617126,True,,True,0.6929354071617126,0.6929354071617126,False,False,True,0.0,1.0,0.0,0.0,24,0.01171875,988,48.2421875,True,True,2,0,24,True,True,accepted
M4,M4_20mA_40C_0,frame_0145.png,0.7297876477241516,True,,True,0.7297876477241516,0.7297876477241516,False,False,True,0.0,1.0,0.0,0.0,0,0.0,992,48.4375,True,True,0,0,0,True,True,accepted
M4,M4_20mA_40C_0,frame_0153.png,0.7342587113380432,True,,True,0.7342587113380432,0.7342587113380432,False,False,True,0.0,1.0,0.0,0.0,0,0.0,992,48.4375,True,True,0,0,0,True,True,accepted
M4,M4_20mA_40C_0,frame_0154.png,0.6911912560462952,True,,True,0.6911912560462952,0.6911912560462952,False,False,True,0.0,1.0,0.0,0.0,0,0.0,992,48.4375,True,True,0,0,0,True,True,accepted
M4,M4_20mA_40C_0,frame_0156.png,0.7471519112586975,True,,True,0.7471519112586975,0.7471519112586975,False,False,True,0.0,1.0,0.0,0.0,0,0.0,992,48.4375,True,True,0,0,0,True,True,accepted
M4,M4_20mA_40C_0,frame_0159.png,0.7158644199371338,True,,True,0.6540195345878601,0.7158644199371338,True,True,True,-3.0,1.05,1.0,0.0,190,0.0927734375,998,48.73046875,True,True,4,0,190,True,True,accepted
M4,M4_20mA_40C_0,frame_0163.png,0.7244418263435364,True,,True,0.7244418263435364,0.7244418263435364,False,False,True,0.0,1.0,0.0,0.0,0,0.0,992,48.4375,True,True,0,0,0,True,True,accepted
M4,M4_20mA_40C_0,frame_0164.png,0.728217601776123,True,,True,0.728217601776123,0.728217601776123,False,False,True,0.0,1.0,0.0,0.0,5,0.00244140625,991,48.388671875,True,True,1,0,5,True,True,accepted
M4,M4_20mA_40C_0,frame_0172.png,0.7085336446762085,True,,True,0.7085336446762085,0.7085336446762085,False,False,True,0.0,1.0,0.0,0.0,0,0.0,992,48.4375,True,True,0,0,0,True,True,accepted
M4,M4_20mA_40C_0,frame_0173.png,0.734599232673645,True,,True,0.734599232673645,0.734599232673645,False,False,True,0.0,1.0,0.0,0.0,0,0.0,992,48.4375,True,True,0,0,0,True,True,accepted
M4,M4_20mA_40C_0,frame_0175.png,0.7450236678123474,True,,True,0.7450236678123474,0.7450236678123474,False,False,True,0.0,1.0,0.0,0.0,1,0.00048828125,993,48.486328125,True,True,1,0,1,True,True,accepted
M4,M4_20mA_40C_0,frame_0176.png,0.7447816729545593,True,,True,0.7447816729545593,0.7447816729545593,False,False,True,0.0,1.0,0.0,0.0,0,0.0,992,48.4375,True,True,0,0,0,True,True,accepted
M4,M4_20mA_40C_0,frame_0181.png,0.657747745513916,True,,True,0.657747745513916,0.657747745513916,False,True,True,0.0,1.0,0.0,0.0,10,0.0048828125,996,48.6328125,True,True,1,0,10,True,True,accepted
M4,M4_20mA_40C_0,frame_0182.png,0.7174669504165649,True,,True,0.7174669504165649,0.7174669504165649,False,False,True,0.0,1.0,0.0,0.0,0,0.0,992,48.4375,True,True,0,0,0,True,True,accepted
M4,M4_20mA_40C_0,frame_0187.png,0.6919209361076355,True,,True,0.6919209361076355,0.6919209361076355,False,False,True,0.0,1.0,0.0,0.0,14,0.0068359375,992,48.4375,True,True,2,0,14,True,True,accepted
M4,M4_30mA_20C_0,frame_0026.png,0.7485666275024414,True,,True,0.7485666275024414,0.7485666275024414,False,False,True,0.0,1.0,0.0,0.0,0,0.0,992,48.4375,True,True,0,0,0,True,True,accepted
M4,M4_30mA_20C_0,frame_0032.png,0.7440085411071777,True,,True,0.7440085411071777,0.7440085411071777,False,False,True,0.0,1.0,0.0,0.0,0,0.0,992,48.4375,True,True,0,0,0,True,True,accepted
M4,M4_30mA_20C_0,frame_0033.png,0.7562675476074219,True,,True,0.7562675476074219,0.7562675476074219,False,False,True,0.0,1.0,0.0,0.0,0,0.0,992,48.4375,True,True,0,0,0,True,True,accepted
M4,M4_30mA_20C_0,frame_0034.png,0.7199100852012634,True,,True,0.7199100852012634,0.7199100852012634,False,False,True,0.0,1.0,0.0,0.0,1,0.00048828125,991,48.388671875,True,True,1,0,1,True,True,accepted
M4,M4_30mA_20C_0,frame_0045.png,0.7491846680641174,True,,True,0.7491846680641174,0.7491846680641174,False,False,True,0.0,1.0,0.0,0.0,2,0.0009765625,992,48.4375,True,True,1,0,2,True,True,accepted
M4,M4_30mA_20C_0,frame_0049.png,0.7328411936759949,True,,True,0.7328411936759949,0.7328411936759949,False,False,True,0.0,1.0,0.0,0.0,0,0.0,992,48.4375,True,True,0,0,0,True,True,accepted
M4,M4_30mA_20C_0,frame_0054.png,0.7582739591598511,True,,True,0.7582739591598511,0.7582739591598511,False,False,True,0.0,1.0,0.0,0.0,7,0.00341796875,991,48.388671875,True,True,1,0,7,True,True,accepted
M4,M4_30mA_20C_0,frame_0061.png,0.7549846768379211,True,,True,0.7549846768379211,0.7549846768379211,False,False,True,0.0,1.0,0.0,0.0,1,0.00048828125,993,48.486328125,True,True,1,0,1,True,True,accepted
M4,M4_30mA_20C_0,frame_0064.png,0.7521920204162598,True,,True,0.7521920204162598,0.7521920204162598,False,False,True,0.0,1.0,0.0,0.0,0,0.0,992,48.4375,True,True,0,0,0,True,True,accepted
M4,M4_30mA_20C_0,frame_0065.png,0.7348843812942505,True,,True,0.7348843812942505,0.7348843812942505,False,False,True,0.0,1.0,0.0,0.0,5,0.00244140625,995,48.583984375,True,True,1,0,5,True,True,accepted
M4,M4_30mA_20C_0,frame_0068.png,0.7111197710037231,True,,True,0.7111197710037231,0.7111197710037231,False,False,True,0.0,1.0,0.0,0.0,0,0.0,992,48.4375,True,True,0,0,0,True,True,accepted
M4,M4_30mA_20C_0,frame_0072.png,0.7312034964561462,True,,True,0.7312034964561462,0.7312034964561462,False,False,True,0.0,1.0,0.0,0.0,1,0.00048828125,993,48.486328125,True,True,1,0,1,True,True,accepted
M4,M4_30mA_20C_0,frame_0073.png,0.7384084463119507,True,,True,0.7384084463119507,0.7384084463119507,False,False,True,0.0,1.0,0.0,0.0,22,0.0107421875,998,48.73046875,True,True,1,0,22,True,True,accepted
M4,M4_30mA_20C_0,frame_0077.png,0.7540877461433411,True,,True,0.7540877461433411,0.7540877461433411,False,False,True,0.0,1.0,0.0,0.0,0,0.0,992,48.4375,True,True,0,0,0,True,True,accepted
M4,M4_30mA_20C_0,frame_0079.png,0.7012201547622681,True,,True,0.7012201547622681,0.7012201547622681,False,False,True,0.0,1.0,0.0,0.0,1,0.00048828125,991,48.388671875,True,True,1,0,1,True,True,accepted
M4,M4_30mA_20C_0,frame_0082.png,0.7333140969276428,True,,True,0.7333140969276428,0.7333140969276428,False,False,True,0.0,1.0,0.0,0.0,0,0.0,992,48.4375,True,True,0,0,0,True,True,accepted
M4,M4_30mA_20C_0,frame_0087.png,0.7317715287208557,True,,True,0.7317715287208557,0.7317715287208557,False,False,True,0.0,1.0,0.0,0.0,0,0.0,992,48.4375,True,True,0,0,0,True,True,accepted
M4,M4_30mA_20C_0,frame_0088.png,0.7408279776573181,True,,True,0.7408279776573181,0.7408279776573181,False,False,True,0.0,1.0,0.0,0.0,0,0.0,992,48.4375,True,True,0,0,0,True,True,accepted
M4,M4_30mA_20C_0,frame_0090.png,0.7354777455329895,True,,True,0.7354777455329895,0.7354777455329895,False,False,True,0.0,1.0,0.0,0.0,0,0.0,992,48.4375,True,True,0,0,0,True,True,accepted
M4,M4_30mA_20C_0,frame_0094.png,0.7492687702178955,True,,True,0.7492687702178955,0.7492687702178955,False,False,True,0.0,1.0,0.0,0.0,2,0.0009765625,992,48.4375,True,True,1,0,2,True,True,accepted
M4,M4_30mA_20C_0,frame_0095.png,0.7172285318374634,True,,True,0.7172285318374634,0.7172285318374634,False,False,True,0.0,1.0,0.0,0.0,4,0.001953125,992,48.4375,True,True,1,0,4,True,True,accepted
M4,M4_30mA_20C_0,frame_0097.png,0.7366417050361633,True,,True,0.7366417050361633,0.7366417050361633,False,False,True,0.0,1.0,0.0,0.0,0,0.0,992,48.4375,True,True,0,0,0,True,True,accepted
M4,M4_30mA_20C_0,frame_0098.png,0.7521478533744812,True,,True,0.7521478533744812,0.7521478533744812,False,False,True,0.0,1.0,0.0,0.0,0,0.0,992,48.4375,True,True,0,0,0,True,True,accepted
M4,M4_30mA_20C_0,frame_0100.png,0.7555056214332581,True,,True,0.7555056214332581,0.7555056214332581,False,False,True,0.0,1.0,0.0,0.0,1,0.00048828125,991,48.388671875,True,True,1,0,1,True,True,accepted
M4,M4_30mA_20C_0,frame_0105.png,0.7506591081619263,True,,True,0.7506591081619263,0.7506591081619263,False,False,True,0.0,1.0,0.0,0.0,5,0.00244140625,993,48.486328125,True,True,1,0,5,True,True,accepted
M4,M4_30mA_20C_0,frame_0107.png,0.7468579411506653,True,,True,0.7468579411506653,0.7468579411506653,False,False,True,0.0,1.0,0.0,0.0,0,0.0,992,48.4375,True,True,0,0,0,True,True,accepted
M4,M4_30mA_20C_0,frame_0120.png,0.7372115850448608,True,,True,0.7372115850448608,0.7372115850448608,False,False,True,0.0,1.0,0.0,0.0,0,0.0,992,48.4375,True,True,0,0,0,True,True,accepted
M4,M4_30mA_20C_0,frame_0131.png,0.7347708940505981,True,,True,0.7347708940505981,0.7347708940505981,False,False,True,0.0,1.0,0.0,0.0,0,0.0,992,48.4375,True,True,0,0,0,True,True,accepted
M4,M4_30mA_20C_0,frame_0132.png,0.7516727447509766,True,,True,0.7516727447509766,0.7516727447509766,False,False,True,0.0,1.0,0.0,0.0,11,0.00537109375,995,48.583984375,True,True,1,0,11,True,True,accepted
M4,M4_30mA_20C_0,frame_0133.png,0.739486038684845,True,,True,0.739486038684845,0.739486038684845,False,False,True,0.0,1.0,0.0,0.0,0,0.0,992,48.4375,True,True,0,0,0,True,True,accepted
M4,M4_30mA_20C_0,frame_0135.png,0.7356697916984558,True,,True,0.7356697916984558,0.7356697916984558,False,False,True,0.0,1.0,0.0,0.0,5,0.00244140625,993,48.486328125,True,True,1,0,5,True,True,accepted
M4,M4_30mA_20C_0,frame_0143.png,0.7248079180717468,True,,True,0.7248079180717468,0.7248079180717468,False,False,True,0.0,1.0,0.0,0.0,0,0.0,992,48.4375,True,True,0,0,0,True,True,accepted
M4,M4_30mA_20C_0,frame_0148.png,0.7573232650756836,True,,True,0.7573232650756836,0.7573232650756836,False,False,True,0.0,1.0,0.0,0.0,0,0.0,992,48.4375,True,True,0,0,0,True,True,accepted
M4,M4_30mA_20C_0,frame_0152.png,0.7360690236091614,True,,True,0.7360690236091614,0.7360690236091614,False,False,True,0.0,1.0,0.0,0.0,0,0.0,992,48.4375,True,True,0,0,0,True,True,accepted
M4,M4_30mA_20C_0,frame_0156.png,0.7317584156990051,True,,True,0.7317584156990051,0.7317584156990051,False,False,True,0.0,1.0,0.0,0.0,1,0.00048828125,993,48.486328125,True,True,1,0,1,True,True,accepted
M4,M4_30mA_20C_0,frame_0159.png,0.7540225982666016,True,,True,0.7540225982666016,0.7540225982666016,False,False,True,0.0,1.0,0.0,0.0,0,0.0,992,48.4375,True,True,0,0,0,True,True,accepted
M4,M4_30mA_20C_0,frame_0162.png,0.7493466138839722,True,,True,0.7493466138839722,0.7493466138839722,False,False,True,0.0,1.0,0.0,0.0,0,0.0,992,48.4375,True,True,0,0,0,True,True,accepted
M4,M4_30mA_20C_0,frame_0177.png,0.7390288710594177,True,,True,0.7390288710594177,0.7390288710594177,False,False,True,0.0,1.0,0.0,0.0,2,0.0009765625,992,48.4375,True,True,1,0,2,True,True,accepted
M4,M4_30mA_20C_0,frame_0179.png,0.7261099219322205,True,,True,0.7261099219322205,0.7261099219322205,False,False,True,0.0,1.0,0.0,0.0,2,0.0009765625,992,48.4375,True,True,1,0,2,True,True,accepted
M4,M4_30mA_20C_0,frame_0182.png,0.7366958856582642,True,,True,0.7366958856582642,0.7366958856582642,False,False,True,0.0,1.0,0.0,0.0,7,0.00341796875,991,48.388671875,True,True,1,0,7,True,True,accepted
M4,M4_30mA_20C_0,frame_0184.png,0.7310391664505005,True,,True,0.7310391664505005,0.7310391664505005,False,False,True,0.0,1.0,0.0,0.0,0,0.0,992,48.4375,True,True,0,0,0,True,True,accepted
M4,M4_30mA_20C_0,frame_0186.png,0.7369998693466187,True,,True,0.7369998693466187,0.7369998693466187,False,False,True,0.0,1.0,0.0,0.0,0,0.0,992,48.4375,True,True,0,0,0,True,True,accepted
M4,M4_30mA_20C_0,frame_0187.png,0.7345556616783142,True,,True,0.7345556616783142,0.7345556616783142,False,False,True,0.0,1.0,0.0,0.0,2,0.0009765625,992,48.4375,True,True,1,0,2,True,True,accepted
M4,M4_30mA_20C_0,frame_0199.png,0.7187772989273071,True,,True,0.7187772989273071,0.7187772989273071,False,False,True,0.0,1.0,0.0,0.0,22,0.0107421875,992,48.4375,True,True,2,0,22,True,True,accepted
M4,M4_30mA_20C_0,frame_0200.png,0.7372782826423645,True,,True,0.7372782826423645,0.7372782826423645,False,False,True,0.0,1.0,0.0,0.0,0,0.0,992,48.4375,True,True,0,0,0,True,True,accepted
M4,M4_30mA_30C_0,frame_0012.png,0.7075234651565552,True,,True,0.7075234651565552,0.7075234651565552,False,False,True,0.0,1.0,0.0,0.0,0,0.0,992,48.4375,True,True,0,0,0,True,True,accepted
M4,M4_30mA_30C_0,frame_0021.png,0.7373220324516296,True,,True,0.7373220324516296,0.7373220324516296,False,False,True,0.0,1.0,0.0,0.0,0,0.0,992,48.4375,True,True,0,0,0,True,True,accepted
M4,M4_30mA_30C_0,frame_0024.png,0.7043313384056091,True,,True,0.7043313384056091,0.7043313384056091,False,False,True,0.0,1.0,0.0,0.0,8,0.00390625,992,48.4375,True,True,1,0,8,True,True,accepted
M4,M4_30mA_30C_0,frame_0039.png,0.716810941696167,True,,True,0.716810941696167,0.716810941696167,False,False,True,0.0,1.0,0.0,0.0,0,0.0,992,48.4375,True,True,0,0,0,True,True,accepted
M4,M4_30mA_30C_0,frame_0049.png,0.7226910591125488,True,,True,0.7226910591125488,0.7226910591125488,False,False,True,0.0,1.0,0.0,0.0,0,0.0,992,48.4375,True,True,0,0,0,True,True,accepted
M4,M4_30mA_30C_0,frame_0056.png,0.74930340051651,True,,True,0.74930340051651,0.74930340051651,False,False,True,0.0,1.0,0.0,0.0,0,0.0,992,48.4375,True,True,0,0,0,True,True,accepted
M4,M4_30mA_30C_0,frame_0058.png,0.6798720359802246,True,,True,0.6798720359802246,0.6798720359802246,False,False,True,0.0,1.0,0.0,0.0,2,0.0009765625,994,48.53515625,True,True,1,0,2,True,True,accepted
M4,M4_30mA_30C_0,frame_0060.png,0.7073947191238403,True,,True,0.7073947191238403,0.7073947191238403,False,False,True,0.0,1.0,0.0,0.0,0,0.0,992,48.4375,True,True,0,0,0,True,True,accepted
M4,M4_30mA_30C_0,frame_0076.png,0.7575675249099731,True,,True,0.7575675249099731,0.7575675249099731,False,False,True,0.0,1.0,0.0,0.0,0,0.0,992,48.4375,True,True,0,0,0,True,True,accepted
M4,M4_30mA_30C_0,frame_0079.png,0.7253638505935669,True,,True,0.7253638505935669,0.7253638505935669,False,False,True,0.0,1.0,0.0,0.0,0,0.0,992,48.4375,True,True,0,0,0,True,True,accepted
M4,M4_30mA_30C_0,frame_0080.png,0.7442644238471985,True,,True,0.7442644238471985,0.7442644238471985,False,False,True,0.0,1.0,0.0,0.0,0,0.0,992,48.4375,True,True,0,0,0,True,True,accepted
M4,M4_30mA_30C_0,frame_0081.png,0.7287488579750061,True,,True,0.7287488579750061,0.7287488579750061,False,False,True,0.0,1.0,0.0,0.0,1,0.00048828125,993,48.486328125,True,True,1,0,1,True,True,accepted
M4,M4_30mA_30C_0,frame_0082.png,0.7181454300880432,True,,True,0.7181454300880432,0.7181454300880432,False,False,True,0.0,1.0,0.0,0.0,0,0.0,992,48.4375,True,True,0,0,0,True,True,accepted
M4,M4_30mA_30C_0,frame_0089.png,0.7021262049674988,True,,True,0.7021262049674988,0.7021262049674988,False,False,True,0.0,1.0,0.0,0.0,15,0.00732421875,989,48.291015625,True,True,1,0,15,True,True,accepted
M4,M4_30mA_30C_0,frame_0092.png,0.7381501197814941,True,,True,0.7381501197814941,0.7381501197814941,False,False,True,0.0,1.0,0.0,0.0,0,0.0,992,48.4375,True,True,0,0,0,True,True,accepted
M4,M4_30mA_30C_0,frame_0095.png,0.7250953316688538,True,,True,0.7250953316688538,0.7250953316688538,False,False,True,0.0,1.0,0.0,0.0,0,0.0,992,48.4375,True,True,0,0,0,True,True,accepted
M4,M4_30mA_30C_0,frame_0102.png,0.7445360422134399,True,,True,0.7445360422134399,0.7445360422134399,False,False,True,0.0,1.0,0.0,0.0,0,0.0,992,48.4375,True,True,0,0,0,True,True,accepted
M4,M4_30mA_30C_0,frame_0103.png,0.7162548303604126,True,,True,0.7162548303604126,0.7162548303604126,False,False,True,0.0,1.0,0.0,0.0,0,0.0,992,48.4375,True,True,0,0,0,True,True,accepted
M4,M4_30mA_30C_0,frame_0105.png,0.7474735975265503,True,,True,0.7474735975265503,0.7474735975265503,False,False,True,0.0,1.0,0.0,0.0,2,0.0009765625,994,48.53515625,True,True,1,0,2,True,True,accepted
M4,M4_30mA_30C_0,frame_0106.png,0.698661208152771,True,,True,0.698661208152771,0.698661208152771,False,False,True,0.0,1.0,0.0,0.0,0,0.0,992,48.4375,True,True,0,0,0,True,True,accepted
M4,M4_30mA_30C_0,frame_0109.png,0.7182244658470154,True,,True,0.7182244658470154,0.7182244658470154,False,False,True,0.0,1.0,0.0,0.0,8,0.00390625,988,48.2421875,True,True,1,0,8,True,True,accepted
M4,M4_30mA_30C_0,frame_0126.png,0.7061100602149963,True,,True,0.7061100602149963,0.7061100602149963,False,False,True,0.0,1.0,0.0,0.0,32,0.015625,984,48.046875,True,True,1,0,32,True,True,accepted
M4,M4_30mA_30C_0,frame_0131.png,0.7385794520378113,True,,True,0.7385794520378113,0.7385794520378113,False,False,True,0.0,1.0,0.0,0.0,0,0.0,992,48.4375,True,True,0,0,0,True,True,accepted
M4,M4_30mA_30C_0,frame_0133.png,0.7422739863395691,True,,True,0.7422739863395691,0.7422739863395691,False,False,True,0.0,1.0,0.0,0.0,0,0.0,992,48.4375,True,True,0,0,0,True,True,accepted
M4,M4_30mA_30C_0,frame_0136.png,0.6880996823310852,True,,True,0.6880996823310852,0.6880996823310852,False,False,True,0.0,1.0,0.0,0.0,0,0.0,992,48.4375,True,True,0,0,0,True,True,accepted
M4,M4_30mA_30C_0,frame_0139.png,0.7075124382972717,True,,True,0.7075124382972717,0.7075124382972717,False,False,True,0.0,1.0,0.0,0.0,0,0.0,992,48.4375,True,True,0,0,0,True,True,accepted
M4,M4_30mA_30C_0,frame_0143.png,0.7290127277374268,True,,True,0.7290127277374268,0.7290127277374268,False,False,True,0.0,1.0,0.0,0.0,0,0.0,992,48.4375,True,True,0,0,0,True,True,accepted
M4,M4_30mA_30C_0,frame_0146.png,0.7403489351272583,True,,True,0.7403489351272583,0.7403489351272583,False,False,True,0.0,1.0,0.0,0.0,0,0.0,992,48.4375,True,True,0,0,0,True,True,accepted
M4,M4_30mA_30C_0,frame_0153.png,0.7080783247947693,True,,True,0.7080783247947693,0.7080783247947693,False,False,True,0.0,1.0,0.0,0.0,0,0.0,992,48.4375,True,True,0,0,0,True,True,accepted
M4,M4_30mA_30C_0,frame_0158.png,0.7453014254570007,True,,True,0.7453014254570007,0.7453014254570007,False,False,True,0.0,1.0,0.0,0.0,0,0.0,992,48.4375,True,True,0,0,0,True,True,accepted
M4,M4_30mA_30C_0,frame_0166.png,0.7532212734222412,True,,True,0.7532212734222412,0.7532212734222412,False,False,True,0.0,1.0,0.0,0.0,0,0.0,992,48.4375,True,True,0,0,0,True,True,accepted
M4,M4_30mA_30C_0,frame_0167.png,0.7245650887489319,True,,True,0.7245650887489319,0.7245650887489319,False,False,True,0.0,1.0,0.0,0.0,12,0.005859375,988,48.2421875,True,True,1,0,12,True,True,accepted
M4,M4_30mA_30C_0,frame_0168.png,0.7245897650718689,True,,True,0.7245897650718689,0.7245897650718689,False,False,True,0.0,1.0,0.0,0.0,2,0.0009765625,992,48.4375,True,True,1,0,2,True,True,accepted
M4,M4_30mA_30C_0,frame_0170.png,0.7295261025428772,True,,True,0.7295261025428772,0.7295261025428772,False,False,True,0.0,1.0,0.0,0.0,0,0.0,992,48.4375,True,True,0,0,0,True,True,accepted
M4,M4_30mA_30C_0,frame_0176.png,0.7080238461494446,True,,True,0.7080238461494446,0.7080238461494446,False,False,True,0.0,1.0,0.0,0.0,0,0.0,992,48.4375,True,True,0,0,0,True,True,accepted
M4,M4_30mA_30C_0,frame_0179.png,0.7102351188659668,True,,True,0.7102351188659668,0.7102351188659668,False,False,True,0.0,1.0,0.0,0.0,0,0.0,992,48.4375,True,True,0,0,0,True,True,accepted
M4,M4_30mA_30C_0,frame_0180.png,0.7268494367599487,True,,True,0.7268494367599487,0.7268494367599487,False,False,True,0.0,1.0,0.0,0.0,0,0.0,992,48.4375,True,True,0,0,0,True,True,accepted
M4,M4_30mA_30C_0,frame_0182.png,0.7601236701011658,True,,True,0.7601236701011658,0.7601236701011658,False,False,True,0.0,1.0,0.0,0.0,0,0.0,992,48.4375,True,True,0,0,0,True,True,accepted
M4,M4_30mA_30C_0,frame_0187.png,0.6885203719139099,True,,True,0.6885203719139099,0.6885203719139099,False,False,True,0.0,1.0,0.0,0.0,0,0.0,992,48.4375,True,True,0,0,0,True,True,accepted
M4,M4_30mA_30C_0,frame_0190.png,0.7406998872756958,True,,True,0.7406998872756958,0.7406998872756958,False,False,True,0.0,1.0,0.0,0.0,0,0.0,992,48.4375,True,True,0,0,0,True,True,accepted
M4,M4_30mA_30C_0,frame_0193.png,0.7245922088623047,True,,True,0.7245922088623047,0.7245922088623047,False,False,True,0.0,1.0,0.0,0.0,0,0.0,992,48.4375,True,True,0,0,0,True,True,accepted
M4,M4_30mA_30C_0,frame_0195.png,0.6812071800231934,True,,True,0.6812071800231934,0.6812071800231934,False,False,True,0.0,1.0,0.0,0.0,22,0.0107421875,986,48.14453125,True,True,1,0,22,True,True,accepted
M4,M4_30mA_30C_0,frame_0196.png,0.7513421773910522,True,,True,0.7513421773910522,0.7513421773910522,False,False,True,0.0,1.0,0.0,0.0,0,0.0,992,48.4375,True,True,0,0,0,True,True,accepted
M4,M4_30mA_30C_0,frame_0197.png,0.7248450517654419,True,,True,0.7248450517654419,0.7248450517654419,False,False,True,0.0,1.0,0.0,0.0,2,0.0009765625,994,48.53515625,True,True,1,0,2,True,True,accepted
M4,M4_30mA_30C_0,frame_0200.png,0.7374200820922852,True,,True,0.7374200820922852,0.7374200820922852,False,False,True,0.0,1.0,0.0,0.0,0,0.0,992,48.4375,True,True,0,0,0,True,True,accepted
M4,M4_30mA_40C_0,frame_0026.png,0.7177903056144714,True,,True,0.7177903056144714,0.7177903056144714,False,False,True,0.0,1.0,0.0,0.0,2,0.0009765625,992,48.4375,True,True,1,0,2,True,True,accepted
M4,M4_30mA_40C_0,frame_0034.png,0.6482723355293274,True,,True,0.6482723355293274,0.6482723355293274,False,True,True,0.0,1.0,0.0,0.0,23,0.01123046875,987,48.193359375,True,True,2,0,23,True,True,accepted
M4,M4_30mA_40C_0,frame_0043.png,0.7051756381988525,True,,True,0.7051756381988525,0.7051756381988525,False,False,True,0.0,1.0,0.0,0.0,21,0.01025390625,995,48.583984375,True,True,2,0,21,True,True,accepted
M4,M4_30mA_40C_0,frame_0044.png,0.6974836587905884,True,,True,0.6974836587905884,0.6974836587905884,False,False,True,0.0,1.0,0.0,0.0,55,0.02685546875,1003,48.974609375,True,True,2,0,55,True,True,accepted
M4,M4_30mA_40C_0,frame_0045.png,0.6419348120689392,True,,True,0.6419348120689392,0.6419348120689392,False,True,True,0.0,1.0,0.0,0.0,80,0.0390625,996,48.6328125,True,True,3,0,80,True,True,accepted
M4,M4_30mA_40C_0,frame_0047.png,0.725368082523346,True,,True,0.725368082523346,0.725368082523346,False,False,True,0.0,1.0,0.0,0.0,10,0.0048828125,990,48.33984375,True,True,1,0,10,True,True,accepted
M4,M4_30mA_40C_0,frame_0051.png,0.6935925483703613,True,,True,0.6935925483703613,0.6935925483703613,False,False,True,0.0,1.0,0.0,0.0,23,0.01123046875,993,48.486328125,True,True,1,0,23,True,True,accepted
M4,M4_30mA_40C_0,frame_0055.png,0.7252711653709412,True,,True,0.7252711653709412,0.7252711653709412,False,False,True,0.0,1.0,0.0,0.0,27,0.01318359375,997,48.681640625,True,True,2,0,27,True,True,accepted
M4,M4_30mA_40C_0,frame_0057.png,0.6799196600914001,True,,True,0.6799196600914001,0.6799196600914001,False,False,True,0.0,1.0,0.0,0.0,28,0.013671875,1000,48.828125,True,True,1,0,28,True,True,accepted
M4,M4_30mA_40C_0,frame_0062.png,0.7297681570053101,True,,True,0.7297681570053101,0.7297681570053101,False,False,True,0.0,1.0,0.0,0.0,0,0.0,992,48.4375,True,True,0,0,0,True,True,accepted
M4,M4_30mA_40C_0,frame_0075.png,0.6626385450363159,True,,True,0.6626385450363159,0.6626385450363159,False,False,True,0.0,1.0,0.0,0.0,19,0.00927734375,993,48.486328125,True,True,1,0,19,True,True,accepted
M4,M4_30mA_40C_0,frame_0080.png,0.7323749661445618,True,,True,0.7323749661445618,0.7323749661445618,False,False,True,0.0,1.0,0.0,0.0,75,0.03662109375,995,48.583984375,True,True,2,0,75,True,True,accepted
M4,M4_30mA_40C_0,frame_0081.png,0.7297687530517578,True,,True,0.7297687530517578,0.7297687530517578,False,False,True,0.0,1.0,0.0,0.0,1,0.00048828125,993,48.486328125,True,True,1,0,1,True,True,accepted
M4,M4_30mA_40C_0,frame_0089.png,0.7216379642486572,True,,True,0.7216379642486572,0.7216379642486572,False,False,True,0.0,1.0,0.0,0.0,23,0.01123046875,997,48.681640625,True,True,2,0,23,True,True,accepted
M4,M4_30mA_40C_0,frame_0092.png,0.6997266411781311,True,,True,0.6997266411781311,0.6997266411781311,False,False,True,0.0,1.0,0.0,0.0,12,0.005859375,994,48.53515625,True,True,1,0,12,True,True,accepted
M4,M4_30mA_40C_0,frame_0094.png,0.6942365169525146,True,,True,0.6942365169525146,0.6942365169525146,False,False,True,0.0,1.0,0.0,0.0,7,0.00341796875,995,48.583984375,True,True,1,0,7,True,True,accepted
M4,M4_30mA_40C_0,frame_0095.png,0.6551991701126099,True,,True,0.6551991701126099,0.6551991701126099,False,True,True,0.0,1.0,0.0,0.0,23,0.01123046875,983,47.998046875,True,True,2,0,23,True,True,accepted
M4,M4_30mA_40C_0,frame_0096.png,0.6974493265151978,True,,True,0.6974493265151978,0.6974493265151978,False,False,True,0.0,1.0,0.0,0.0,20,0.009765625,988,48.2421875,True,True,1,0,20,True,True,accepted
M4,M4_30mA_40C_0,frame_0097.png,0.6589906811714172,True,,True,0.6589906811714172,0.6589906811714172,False,True,True,0.0,1.0,0.0,0.0,27,0.01318359375,991,48.388671875,True,True,2,0,27,True,True,accepted
M4,M4_30mA_40C_0,frame_0103.png,0.6460898518562317,True,,True,0.6460898518562317,0.6460898518562317,False,True,True,0.0,1.0,0.0,0.0,14,0.0068359375,992,48.4375,True,True,1,0,14,True,True,accepted
M4,M4_30mA_40C_0,frame_0111.png,0.6421887874603271,True,,True,0.6421887874603271,0.6421887874603271,False,True,True,0.0,1.0,0.0,0.0,288,0.140625,994,48.53515625,True,True,9,0,288,True,True,accepted
M4,M4_30mA_40C_0,frame_0112.png,0.7084565162658691,True,,True,0.7084565162658691,0.7084565162658691,False,False,True,0.0,1.0,0.0,0.0,20,0.009765625,992,48.4375,True,True,1,0,20,True,True,accepted
M4,M4_30mA_40C_0,frame_0114.png,0.6950187087059021,True,,True,0.6950187087059021,0.6950187087059021,False,False,True,0.0,1.0,0.0,0.0,26,0.0126953125,994,48.53515625,True,True,2,0,26,True,True,accepted
M4,M4_30mA_40C_0,frame_0116.png,0.7172699570655823,True,,True,0.7172699570655823,0.7172699570655823,False,False,True,0.0,1.0,0.0,0.0,12,0.005859375,994,48.53515625,True,True,2,0,12,True,True,accepted
M4,M4_30mA_40C_0,frame_0121.png,0.6829661130905151,True,,True,0.6829661130905151,0.6829661130905151,False,False,True,0.0,1.0,0.0,0.0,68,0.033203125,980,47.8515625,True,True,2,0,68,True,True,accepted
M4,M4_30mA_40C_0,frame_0123.png,0.7160220742225647,True,,True,0.7160220742225647,0.7160220742225647,False,False,True,0.0,1.0,0.0,0.0,29,0.01416015625,997,48.681640625,True,True,2,0,29,True,True,accepted
M4,M4_30mA_40C_0,frame_0124.png,0.7082725763320923,True,,True,0.7082725763320923,0.7082725763320923,False,False,True,0.0,1.0,0.0,0.0,18,0.0087890625,998,48.73046875,True,True,1,0,18,True,True,accepted
M4,M4_30mA_40C_0,frame_0125.png,0.6921981573104858,True,,True,0.6921981573104858,0.6921981573104858,False,False,True,0.0,1.0,0.0,0.0,49,0.02392578125,991,48.388671875,True,True,2,0,49,True,True,accepted
M4,M4_30mA_40C_0,frame_0130.png,0.6872506737709045,True,,True,0.6872506737709045,0.6872506737709045,False,False,True,0.0,1.0,0.0,0.0,32,0.015625,994,48.53515625,True,True,2,0,32,True,True,accepted
M4,M4_30mA_40C_0,frame_0131.png,0.6672412753105164,True,,True,0.6672412753105164,0.6672412753105164,False,False,True,0.0,1.0,0.0,0.0,55,0.02685546875,1003,48.974609375,True,True,2,0,55,True,True,accepted
M4,M4_30mA_40C_0,frame_0137.png,0.7388869524002075,True,,True,0.7388869524002075,0.7388869524002075,False,False,True,0.0,1.0,0.0,0.0,47,0.02294921875,993,48.486328125,True,True,2,0,47,True,True,accepted
M4,M4_30mA_40C_0,frame_0144.png,0.7468123435974121,True,,True,0.7468123435974121,0.7468123435974121,False,False,True,0.0,1.0,0.0,0.0,28,0.013671875,998,48.73046875,True,True,2,0,28,True,True,accepted
M4,M4_30mA_40C_0,frame_0149.png,0.7042242884635925,True,,True,0.7042242884635925,0.7042242884635925,False,False,True,0.0,1.0,0.0,0.0,8,0.00390625,992,48.4375,True,True,1,0,8,True,True,accepted
M4,M4_30mA_40C_0,frame_0155.png,0.7236210107803345,True,,True,0.7236210107803345,0.7236210107803345,False,False,True,0.0,1.0,0.0,0.0,21,0.01025390625,997,48.681640625,True,True,2,0,21,True,True,accepted
M4,M4_30mA_40C_0,frame_0156.png,0.6621065139770508,True,,True,0.6621065139770508,0.6621065139770508,False,False,True,0.0,1.0,0.0,0.0,22,0.0107421875,996,48.6328125,True,True,1,0,22,True,True,accepted
M4,M4_30mA_40C_0,frame_0158.png,0.665263831615448,True,,True,0.665263831615448,0.665263831615448,False,False,True,0.0,1.0,0.0,0.0,72,0.03515625,980,47.8515625,True,True,2,0,72,True,True,accepted
M4,M4_30mA_40C_0,frame_0160.png,0.7315217852592468,True,,True,0.7315217852592468,0.7315217852592468,False,False,True,0.0,1.0,0.0,0.0,31,0.01513671875,991,48.388671875,True,True,2,0,31,True,True,accepted
M4,M4_30mA_40C_0,frame_0164.png,0.6841646432876587,True,,True,0.6841646432876587,0.6841646432876587,False,False,True,0.0,1.0,0.0,0.0,11,0.00537109375,991,48.388671875,True,True,1,0,11,True,True,accepted
M4,M4_30mA_40C_0,frame_0178.png,0.6611604690551758,True,,True,0.6611604690551758,0.6611604690551758,False,False,True,0.0,1.0,0.0,0.0,21,0.01025390625,991,48.388671875,True,True,1,0,21,True,True,accepted
M4,M4_30mA_40C_0,frame_0184.png,0.6749061346054077,True,,True,0.6749061346054077,0.6749061346054077,False,False,True,0.0,1.0,0.0,0.0,89,0.04345703125,987,48.193359375,True,True,3,0,89,True,True,accepted
M4,M4_30mA_40C_0,frame_0188.png,0.691014289855957,True,,True,0.691014289855957,0.691014289855957,False,False,True,0.0,1.0,0.0,0.0,18,0.0087890625,992,48.4375,True,True,1,0,18,True,True,accepted
M4,M4_30mA_40C_0,frame_0190.png,0.7012165188789368,True,,True,0.7012165188789368,0.7012165188789368,False,False,True,0.0,1.0,0.0,0.0,28,0.013671875,1000,48.828125,True,True,2,0,28,True,True,accepted
M4,M4_30mA_40C_0,frame_0191.png,0.7196503281593323,True,,True,0.7196503281593323,0.7196503281593323,False,False,True,0.0,1.0,0.0,0.0,10,0.0048828125,992,48.4375,True,True,1,0,10,True,True,accepted
M4,M4_30mA_40C_0,frame_0195.png,0.7039821147918701,True,,True,0.7039821147918701,0.7039821147918701,False,False,True,0.0,1.0,0.0,0.0,25,0.01220703125,993,48.486328125,True,True,1,0,25,True,True,accepted
M4,M4_30mA_40C_0,frame_0198.png,0.6944718956947327,True,,True,0.6944718956947327,0.6944718956947327,False,False,True,0.0,1.0,0.0,0.0,7,0.00341796875,991,48.388671875,True,True,1,0,7,True,True,accepted
M5,M5_10mA_20C_0,frame_0023.png,0.8223026990890503,True,,True,0.8223026990890503,0.8223026990890503,False,False,True,0.0,1.0,0.0,0.0,7,0.00341796875,1024,50.0,True,True,1,0,7,True,True,accepted
M5,M5_10mA_20C_0,frame_0024.png,0.7603210806846619,True,,True,0.7603210806846619,0.7603210806846619,False,False,True,0.0,1.0,0.0,0.0,85,0.04150390625,1012,49.4140625,True,True,3,0,85,True,True,accepted
M5,M5_10mA_20C_0,frame_0028.png,0.7343361973762512,True,,True,0.7343361973762512,0.7343361973762512,False,False,True,0.0,1.0,0.0,0.0,4,0.001953125,1023,49.951171875,True,True,1,0,4,True,True,accepted
M5,M5_10mA_20C_0,frame_0029.png,0.7963738441467285,True,,True,0.7963738441467285,0.7963738441467285,False,False,True,0.0,1.0,0.0,0.0,12,0.005859375,1021,49.853515625,True,True,1,0,12,True,True,accepted
M5,M5_10mA_20C_0,frame_0039.png,0.7627471089363098,True,,True,0.7627471089363098,0.7627471089363098,False,False,True,0.0,1.0,0.0,0.0,22,0.0107421875,1029,50.244140625,True,True,1,0,22,True,True,accepted
M5,M5_10mA_20C_0,frame_0040.png,0.8013646602630615,True,,True,0.8013646602630615,0.8013646602630615,False,False,True,0.0,1.0,0.0,0.0,51,0.02490234375,1020,49.8046875,True,True,2,0,51,True,True,accepted
M5,M5_10mA_20C_0,frame_0041.png,0.8122532367706299,True,,True,0.8122532367706299,0.8122532367706299,False,False,True,0.0,1.0,0.0,0.0,25,0.01220703125,1022,49.90234375,True,True,1,0,25,True,True,accepted
M5,M5_10mA_20C_0,frame_0044.png,0.793938934803009,True,,True,0.793938934803009,0.793938934803009,False,False,True,0.0,1.0,0.0,0.0,1,0.00048828125,1026,50.09765625,True,True,1,0,1,True,True,accepted
M5,M5_10mA_20C_0,frame_0053.png,0.8087673187255859,True,,True,0.8087673187255859,0.8087673187255859,False,False,True,0.0,1.0,0.0,0.0,6,0.0029296875,1025,50.048828125,True,True,1,0,6,True,True,accepted
M5,M5_10mA_20C_0,frame_0061.png,0.8296123743057251,True,,True,0.8296123743057251,0.8296123743057251,False,False,True,0.0,1.0,0.0,0.0,6,0.0029296875,1023,49.951171875,True,True,1,0,6,True,True,accepted
M5,M5_10mA_20C_0,frame_0069.png,0.8051134943962097,True,,True,0.8051134943962097,0.8051134943962097,False,False,True,0.0,1.0,0.0,0.0,30,0.0146484375,1021,49.853515625,True,True,1,0,30,True,True,accepted
M5,M5_10mA_20C_0,frame_0074.png,0.8154668211936951,True,,True,0.8154668211936951,0.8154668211936951,False,False,True,0.0,1.0,0.0,0.0,6,0.0029296875,1025,50.048828125,True,True,1,0,6,True,True,accepted
M5,M5_10mA_20C_0,frame_0076.png,0.7745557427406311,True,,True,0.7745557427406311,0.7745557427406311,False,False,True,0.0,1.0,0.0,0.0,0,0.0,1025,50.048828125,True,True,0,0,0,True,True,accepted
M5,M5_10mA_20C_0,frame_0085.png,0.793565034866333,True,,True,0.793565034866333,0.793565034866333,False,False,True,0.0,1.0,0.0,0.0,35,0.01708984375,1022,49.90234375,True,True,2,0,35,True,True,accepted
M5,M5_10mA_20C_0,frame_0086.png,0.7811263203620911,True,,True,0.7811263203620911,0.7811263203620911,False,False,True,0.0,1.0,0.0,0.0,14,0.0068359375,1029,50.244140625,True,True,1,0,14,True,True,accepted
M5,M5_10mA_20C_0,frame_0089.png,0.8076210618019104,True,,True,0.8076210618019104,0.8076210618019104,False,False,True,0.0,1.0,0.0,0.0,2,0.0009765625,1027,50.146484375,True,True,1,0,2,True,True,accepted
M5,M5_10mA_20C_0,frame_0092.png,0.7834755182266235,True,,True,0.7834755182266235,0.7834755182266235,False,False,True,0.0,1.0,0.0,0.0,21,0.01025390625,1026,50.09765625,True,True,1,0,21,True,True,accepted
M5,M5_10mA_20C_0,frame_0094.png,0.7977215647697449,True,,True,0.7977215647697449,0.7977215647697449,False,False,True,0.0,1.0,0.0,0.0,1,0.00048828125,1024,50.0,True,True,1,0,1,True,True,accepted
M5,M5_10mA_20C_0,frame_0098.png,0.8039160966873169,True,,True,0.8039160966873169,0.8039160966873169,False,False,True,0.0,1.0,0.0,0.0,15,0.00732421875,1024,50.0,True,True,1,0,15,True,True,accepted
M5,M5_10mA_20C_0,frame_0100.png,0.8181982636451721,True,,True,0.8181982636451721,0.8181982636451721,False,False,True,0.0,1.0,0.0,0.0,4,0.001953125,1025,50.048828125,True,True,1,0,4,True,True,accepted
M5,M5_10mA_20C_0,frame_0109.png,0.7593904733657837,True,,True,0.7593904733657837,0.7593904733657837,False,False,True,0.0,1.0,0.0,0.0,22,0.0107421875,1021,49.853515625,True,True,1,0,22,True,True,accepted
M5,M5_10mA_20C_0,frame_0110.png,0.8333603143692017,True,,True,0.8333603143692017,0.8333603143692017,False,False,True,0.0,1.0,0.0,0.0,12,0.005859375,1025,50.048828125,True,True,1,0,12,True,True,accepted
M5,M5_10mA_20C_0,frame_0112.png,0.8329336643218994,True,,True,0.8329336643218994,0.8329336643218994,False,False,True,0.0,1.0,0.0,0.0,1,0.00048828125,1024,50.0,True,True,1,0,1,True,True,accepted
M5,M5_10mA_20C_0,frame_0116.png,0.8136423230171204,True,,True,0.8136423230171204,0.8136423230171204,False,False,True,0.0,1.0,0.0,0.0,14,0.0068359375,1023,49.951171875,True,True,1,0,14,True,True,accepted
M5,M5_10mA_20C_0,frame_0121.png,0.8071499466896057,True,,True,0.8071499466896057,0.8071499466896057,False,False,True,0.0,1.0,0.0,0.0,0,0.0,1025,50.048828125,True,True,0,0,0,True,True,accepted
M5,M5_10mA_20C_0,frame_0126.png,0.7900453209877014,True,,True,0.7900453209877014,0.7900453209877014,False,False,True,0.0,1.0,0.0,0.0,0,0.0,1025,50.048828125,True,True,0,0,0,True,True,accepted
M5,M5_10mA_20C_0,frame_0128.png,0.7879545092582703,True,,True,0.7879545092582703,0.7879545092582703,False,False,True,0.0,1.0,0.0,0.0,27,0.01318359375,1030,50.29296875,True,True,1,0,27,True,True,accepted
M5,M5_10mA_20C_0,frame_0129.png,0.8385926485061646,True,,True,0.8385926485061646,0.8385926485061646,False,False,True,0.0,1.0,0.0,0.0,4,0.001953125,1023,49.951171875,True,True,1,0,4,True,True,accepted
M5,M5_10mA_20C_0,frame_0134.png,0.7774529457092285,True,,True,0.7774529457092285,0.7774529457092285,False,False,True,0.0,1.0,0.0,0.0,0,0.0,1025,50.048828125,True,True,0,0,0,True,True,accepted
M5,M5_10mA_20C_0,frame_0135.png,0.8308033347129822,True,,True,0.8308033347129822,0.8308033347129822,False,False,True,0.0,1.0,0.0,0.0,2,0.0009765625,1025,50.048828125,True,True,1,0,2,True,True,accepted
M5,M5_10mA_20C_0,frame_0141.png,0.8147469162940979,True,,True,0.8147469162940979,0.8147469162940979,False,False,True,0.0,1.0,0.0,0.0,5,0.00244140625,1028,50.1953125,True,True,1,0,5,True,True,accepted
M5,M5_10mA_20C_0,frame_0147.png,0.8100107312202454,True,,True,0.8100107312202454,0.8100107312202454,False,False,True,0.0,1.0,0.0,0.0,30,0.0146484375,1029,50.244140625,True,True,2,0,30,True,True,accepted
M5,M5_10mA_20C_0,frame_0151.png,0.821998119354248,True,,True,0.821998119354248,0.821998119354248,False,False,True,0.0,1.0,0.0,0.0,3,0.00146484375,1024,50.0,True,True,1,0,3,True,True,accepted
M5,M5_10mA_20C_0,frame_0153.png,0.825599193572998,True,,True,0.825599193572998,0.825599193572998,False,False,True,0.0,1.0,0.0,0.0,1,0.00048828125,1024,50.0,True,True,1,0,1,True,True,accepted
M5,M5_10mA_20C_0,frame_0154.png,0.7911832928657532,True,,True,0.7911832928657532,0.7911832928657532,False,False,True,0.0,1.0,0.0,0.0,6,0.0029296875,1027,50.146484375,True,True,1,0,6,True,True,accepted
M5,M5_10mA_20C_0,frame_0162.png,0.8197038173675537,True,,True,0.8197038173675537,0.8197038173675537,False,False,True,0.0,1.0,0.0,0.0,9,0.00439453125,1026,50.09765625,True,True,1,0,9,True,True,accepted
M5,M5_10mA_20C_0,frame_0170.png,0.7982637882232666,True,,True,0.7982637882232666,0.7982637882232666,False,False,True,0.0,1.0,0.0,0.0,29,0.01416015625,1028,50.1953125,True,True,1,0,29,True,True,accepted
M5,M5_10mA_20C_0,frame_0172.png,0.8164290189743042,True,,True,0.8164290189743042,0.8164290189743042,False,False,True,0.0,1.0,0.0,0.0,22,0.0107421875,1027,50.146484375,True,True,2,0,22,True,True,accepted
M5,M5_10mA_20C_0,frame_0173.png,0.7837468981742859,True,,True,0.7837468981742859,0.7837468981742859,False,False,True,0.0,1.0,0.0,0.0,58,0.0283203125,1015,49.560546875,True,True,2,0,58,True,True,accepted
M5,M5_10mA_20C_0,frame_0174.png,0.8146937489509583,True,,True,0.8146937489509583,0.8146937489509583,False,False,True,0.0,1.0,0.0,0.0,1,0.00048828125,1026,50.09765625,True,True,1,0,1,True,True,accepted
M5,M5_10mA_20C_0,frame_0175.png,0.7226113080978394,True,,True,0.7226113080978394,0.7226113080978394,False,False,True,0.0,1.0,0.0,0.0,131,0.06396484375,1034,50.48828125,True,True,3,0,131,True,True,accepted
M5,M5_10mA_20C_0,frame_0189.png,0.8171067833900452,True,,True,0.8171067833900452,0.8171067833900452,False,False,True,0.0,1.0,0.0,0.0,33,0.01611328125,1018,49.70703125,True,True,2,0,33,True,True,accepted
M5,M5_10mA_20C_0,frame_0191.png,0.8079709410667419,True,,True,0.8079709410667419,0.8079709410667419,False,False,True,0.0,1.0,0.0,0.0,16,0.0078125,1023,49.951171875,True,True,1,0,16,True,True,accepted
M5,M5_10mA_20C_0,frame_0196.png,0.7892526388168335,True,,True,0.7892526388168335,0.7892526388168335,False,False,True,0.0,1.0,0.0,0.0,52,0.025390625,1023,49.951171875,True,True,2,0,52,True,True,accepted
M5,M5_10mA_20C_0,frame_0198.png,0.8036565184593201,True,,True,0.8036565184593201,0.8036565184593201,False,False,True,0.0,1.0,0.0,0.0,15,0.00732421875,1024,50.0,True,True,1,0,15,True,True,accepted
M5,M5_10mA_30C_0,frame_0023.png,0.7246801853179932,True,,True,0.7246801853179932,0.7246801853179932,False,False,True,0.0,1.0,0.0,0.0,0,0.0,1025,50.048828125,True,True,0,0,0,True,True,accepted
M5,M5_10mA_30C_0,frame_0033.png,0.7287492156028748,True,,True,0.7287492156028748,0.7287492156028748,False,False,True,0.0,1.0,0.0,0.0,1,0.00048828125,1024,50.0,True,True,1,0,1,True,True,accepted
M5,M5_10mA_30C_0,frame_0041.png,0.7353566288948059,True,,True,0.7353566288948059,0.7353566288948059,False,False,True,0.0,1.0,0.0,0.0,0,0.0,1025,50.048828125,True,True,0,0,0,True,True,accepted
M5,M5_10mA_30C_0,frame_0050.png,0.7122316360473633,True,,True,0.7122316360473633,0.7122316360473633,False,False,True,0.0,1.0,0.0,0.0,2,0.0009765625,1025,50.048828125,True,True,1,0,2,True,True,accepted
M5,M5_10mA_30C_0,frame_0051.png,0.7274223566055298,True,,True,0.7274223566055298,0.7274223566055298,False,False,True,0.0,1.0,0.0,0.0,9,0.00439453125,1028,50.1953125,True,True,1,0,9,True,True,accepted
M5,M5_10mA_30C_0,frame_0055.png,0.691150963306427,True,,True,0.691150963306427,0.691150963306427,False,False,True,0.0,1.0,0.0,0.0,3,0.00146484375,1026,50.09765625,True,True,1,0,3,True,True,accepted
M5,M5_10mA_30C_0,frame_0057.png,0.7335178852081299,True,,True,0.7335178852081299,0.7335178852081299,False,False,True,0.0,1.0,0.0,0.0,0,0.0,1025,50.048828125,True,True,0,0,0,True,True,accepted
M5,M5_10mA_30C_0,frame_0063.png,0.6973375678062439,True,,True,0.6973375678062439,0.6973375678062439,False,False,True,0.0,1.0,0.0,0.0,0,0.0,1025,50.048828125,True,True,0,0,0,True,True,accepted
M5,M5_10mA_30C_0,frame_0064.png,0.7304277420043945,True,,True,0.7304277420043945,0.7304277420043945,False,False,True,0.0,1.0,0.0,0.0,1,0.00048828125,1024,50.0,True,True,1,0,1,True,True,accepted
M5,M5_10mA_30C_0,frame_0068.png,0.7380353808403015,True,,True,0.7380353808403015,0.7380353808403015,False,False,True,0.0,1.0,0.0,0.0,0,0.0,1025,50.048828125,True,True,0,0,0,True,True,accepted
M5,M5_10mA_30C_0,frame_0070.png,0.7218759059906006,True,,True,0.7218759059906006,0.7218759059906006,False,False,True,0.0,1.0,0.0,0.0,0,0.0,1025,50.048828125,True,True,0,0,0,True,True,accepted
M5,M5_10mA_30C_0,frame_0074.png,0.7268595099449158,True,,True,0.7268595099449158,0.7268595099449158,False,False,True,0.0,1.0,0.0,0.0,20,0.009765625,1031,50.341796875,True,True,1,0,20,True,True,accepted
M5,M5_10mA_30C_0,frame_0075.png,0.7338953018188477,True,,True,0.7338953018188477,0.7338953018188477,False,False,True,0.0,1.0,0.0,0.0,2,0.0009765625,1023,49.951171875,True,True,1,0,2,True,True,accepted
M5,M5_10mA_30C_0,frame_0077.png,0.7412365078926086,True,,True,0.7412365078926086,0.7412365078926086,False,False,True,0.0,1.0,0.0,0.0,0,0.0,1025,50.048828125,True,True,0,0,0,True,True,accepted
M5,M5_10mA_30C_0,frame_0080.png,0.7103340029716492,True,,True,0.7103340029716492,0.7103340029716492,False,False,True,0.0,1.0,0.0,0.0,2,0.0009765625,1023,49.951171875,True,True,1,0,2,True,True,accepted
M5,M5_10mA_30C_0,frame_0081.png,0.6928000450134277,True,,True,0.6928000450134277,0.6928000450134277,False,False,True,0.0,1.0,0.0,0.0,4,0.001953125,1027,50.146484375,True,True,1,0,4,True,True,accepted
M5,M5_10mA_30C_0,frame_0082.png,0.6996991634368896,True,,True,0.6996991634368896,0.6996991634368896,False,False,True,0.0,1.0,0.0,0.0,11,0.00537109375,1028,50.1953125,True,True,1,0,11,True,True,accepted
M5,M5_10mA_30C_0,frame_0093.png,0.6931474208831787,True,,True,0.6931474208831787,0.6931474208831787,False,False,True,0.0,1.0,0.0,0.0,16,0.0078125,1033,50.439453125,True,True,1,0,16,True,True,accepted
M5,M5_10mA_30C_0,frame_0094.png,0.6935111284255981,True,,True,0.6935111284255981,0.6935111284255981,False,False,True,0.0,1.0,0.0,0.0,0,0.0,1025,50.048828125,True,True,0,0,0,True,True,accepted
M5,M5_10mA_30C_0,frame_0101.png,0.7173281311988831,True,,True,0.7173281311988831,0.7173281311988831,False,False,True,0.0,1.0,0.0,0.0,2,0.0009765625,1025,50.048828125,True,True,1,0,2,True,True,accepted
M5,M5_10mA_30C_0,frame_0105.png,0.6981753706932068,True,,True,0.6981753706932068,0.6981753706932068,False,False,True,0.0,1.0,0.0,0.0,70,0.0341796875,1041,50.830078125,True,True,2,0,70,True,True,accepted
M5,M5_10mA_30C_0,frame_0108.png,0.6829648613929749,True,,True,0.6829648613929749,0.6829648613929749,False,False,True,0.0,1.0,0.0,0.0,35,0.01708984375,1032,50.390625,True,True,2,0,35,True,True,accepted
M5,M5_10mA_30C_0,frame_0112.png,0.7081847190856934,True,,True,0.7081847190856934,0.7081847190856934,False,False,True,0.0,1.0,0.0,0.0,1,0.00048828125,1024,50.0,True,True,1,0,1,True,True,accepted
M5,M5_10mA_30C_0,frame_0114.png,0.7316946983337402,True,,True,0.7316946983337402,0.7316946983337402,False,False,True,0.0,1.0,0.0,0.0,14,0.0068359375,1025,50.048828125,True,True,1,0,14,True,True,accepted
M5,M5_10mA_30C_0,frame_0116.png,0.7417296767234802,True,,True,0.7417296767234802,0.7417296767234802,False,False,True,0.0,1.0,0.0,0.0,0,0.0,1025,50.048828125,True,True,0,0,0,True,True,accepted
M5,M5_10mA_30C_0,frame_0119.png,0.6746179461479187,True,,True,0.6746179461479187,0.6746179461479187,False,False,True,0.0,1.0,0.0,0.0,4,0.001953125,1025,50.048828125,True,True,1,0,4,True,True,accepted
M5,M5_10mA_30C_0,frame_0121.png,0.736391007900238,True,,True,0.736391007900238,0.736391007900238,False,False,True,0.0,1.0,0.0,0.0,10,0.0048828125,1025,50.048828125,True,True,1,0,10,True,True,accepted
M5,M5_10mA_30C_0,frame_0124.png,0.7160399556159973,True,,True,0.7160399556159973,0.7160399556159973,False,False,True,0.0,1.0,0.0,0.0,0,0.0,1025,50.048828125,True,True,0,0,0,True,True,accepted
M5,M5_10mA_30C_0,frame_0130.png,0.7367350459098816,True,,True,0.7367350459098816,0.7367350459098816,False,False,True,0.0,1.0,0.0,0.0,3,0.00146484375,1024,50.0,True,True,1,0,3,True,True,accepted
M5,M5_10mA_30C_0,frame_0141.png,0.7269985675811768,True,,True,0.7269985675811768,0.7269985675811768,False,False,True,0.0,1.0,0.0,0.0,0,0.0,1025,50.048828125,True,True,0,0,0,True,True,accepted
M5,M5_10mA_30C_0,frame_0142.png,0.6428291201591492,True,,True,0.6428291201591492,0.6428291201591492,False,True,True,0.0,1.0,0.0,0.0,22,0.0107421875,1035,50.537109375,True,True,1,0,22,True,True,accepted
M5,M5_10mA_30C_0,frame_0143.png,0.7496198415756226,True,,True,0.7496198415756226,0.7496198415756226,False,False,True,0.0,1.0,0.0,0.0,0,0.0,1025,50.048828125,True,True,0,0,0,True,True,accepted
M5,M5_10mA_30C_0,frame_0152.png,0.7285106182098389,True,,True,0.7285106182098389,0.7285106182098389,False,False,True,0.0,1.0,0.0,0.0,0,0.0,1025,50.048828125,True,True,0,0,0,True,True,accepted
M5,M5_10mA_30C_0,frame_0153.png,0.741683304309845,True,,True,0.741683304309845,0.741683304309845,False,False,True,0.0,1.0,0.0,0.0,0,0.0,1025,50.048828125,True,True,0,0,0,True,True,accepted
M5,M5_10mA_30C_0,frame_0155.png,0.7208608388900757,True,,True,0.7208608388900757,0.7208608388900757,False,False,True,0.0,1.0,0.0,0.0,0,0.0,1025,50.048828125,True,True,0,0,0,True,True,accepted
M5,M5_10mA_30C_0,frame_0159.png,0.732699453830719,True,,True,0.732699453830719,0.732699453830719,False,False,True,0.0,1.0,0.0,0.0,0,0.0,1025,50.048828125,True,True,0,0,0,True,True,accepted
M5,M5_10mA_30C_0,frame_0162.png,0.7420039772987366,True,,True,0.7420039772987366,0.7420039772987366,False,False,True,0.0,1.0,0.0,0.0,0,0.0,1025,50.048828125,True,True,0,0,0,True,True,accepted
M5,M5_10mA_30C_0,frame_0168.png,0.7390921711921692,True,,True,0.7390921711921692,0.7390921711921692,False,False,True,0.0,1.0,0.0,0.0,0,0.0,1025,50.048828125,True,True,0,0,0,True,True,accepted
M5,M5_10mA_30C_0,frame_0173.png,0.6877370476722717,True,,True,0.6877370476722717,0.6877370476722717,False,False,True,0.0,1.0,0.0,0.0,13,0.00634765625,1030,50.29296875,True,True,1,0,13,True,True,accepted
M5,M5_10mA_30C_0,frame_0174.png,0.7395076751708984,True,,True,0.7395076751708984,0.7395076751708984,False,False,True,0.0,1.0,0.0,0.0,1,0.00048828125,1024,50.0,True,True,1,0,1,True,True,accepted
M5,M5_10mA_30C_0,frame_0175.png,0.712552547454834,True,,True,0.712552547454834,0.712552547454834,False,False,True,0.0,1.0,0.0,0.0,14,0.0068359375,1031,50.341796875,True,True,1,0,14,True,True,accepted
M5,M5_10mA_30C_0,frame_0179.png,0.7109000086784363,True,,True,0.7109000086784363,0.7109000086784363,False,False,True,0.0,1.0,0.0,0.0,0,0.0,1025,50.048828125,True,True,0,0,0,True,True,accepted
M5,M5_10mA_30C_0,frame_0181.png,0.7195752263069153,True,,True,0.7195752263069153,0.7195752263069153,False,False,True,0.0,1.0,0.0,0.0,0,0.0,1025,50.048828125,True,True,0,0,0,True,True,accepted
M5,M5_10mA_30C_0,frame_0183.png,0.7202411890029907,True,,True,0.7202411890029907,0.7202411890029907,False,False,True,0.0,1.0,0.0,0.0,1,0.00048828125,1024,50.0,True,True,1,0,1,True,True,accepted
M5,M5_10mA_30C_0,frame_0198.png,0.7162017226219177,True,,True,0.7162017226219177,0.7162017226219177,False,False,True,0.0,1.0,0.0,0.0,0,0.0,1025,50.048828125,True,True,0,0,0,True,True,accepted
M5,M5_10mA_40C_0,frame_0031.png,0.7275733351707458,True,,True,0.7275733351707458,0.7275733351707458,False,False,True,0.0,1.0,0.0,0.0,0,0.0,1025,50.048828125,True,True,0,0,0,True,True,accepted
M5,M5_10mA_40C_0,frame_0041.png,0.7160693407058716,True,,True,0.7160693407058716,0.7160693407058716,False,False,True,0.0,1.0,0.0,0.0,0,0.0,1025,50.048828125,True,True,0,0,0,True,True,accepted
M5,M5_10mA_40C_0,frame_0043.png,0.7293093800544739,True,,True,0.7293093800544739,0.7293093800544739,False,False,True,0.0,1.0,0.0,0.0,0,0.0,1025,50.048828125,True,True,0,0,0,True,True,accepted
M5,M5_10mA_40C_0,frame_0051.png,0.7414526343345642,True,,True,0.7414526343345642,0.7414526343345642,False,False,True,0.0,1.0,0.0,0.0,0,0.0,1025,50.048828125,True,True,0,0,0,True,True,accepted
M5,M5_10mA_40C_0,frame_0052.png,0.7342193126678467,True,,True,0.7342193126678467,0.7342193126678467,False,False,True,0.0,1.0,0.0,0.0,0,0.0,1025,50.048828125,True,True,0,0,0,True,True,accepted
M5,M5_10mA_40C_0,frame_0055.png,0.670306384563446,True,,True,0.670306384563446,0.670306384563446,False,False,True,0.0,1.0,0.0,0.0,0,0.0,1025,50.048828125,True,True,0,0,0,True,True,accepted
M5,M5_10mA_40C_0,frame_0058.png,0.6490297317504883,True,,True,0.6490297317504883,0.6490297317504883,False,True,True,0.0,1.0,0.0,0.0,17,0.00830078125,1030,50.29296875,True,True,1,0,17,True,True,accepted
M5,M5_10mA_40C_0,frame_0059.png,0.715353786945343,True,,True,0.715353786945343,0.715353786945343,False,False,True,0.0,1.0,0.0,0.0,3,0.00146484375,1026,50.09765625,True,True,1,0,3,True,True,accepted
M5,M5_10mA_40C_0,frame_0060.png,0.7200527787208557,True,,True,0.7200527787208557,0.7200527787208557,False,False,True,0.0,1.0,0.0,0.0,0,0.0,1025,50.048828125,True,True,0,0,0,True,True,accepted
M5,M5_10mA_40C_0,frame_0065.png,0.689727783203125,True,,True,0.689727783203125,0.689727783203125,False,False,True,0.0,1.0,0.0,0.0,24,0.01171875,1035,50.537109375,True,True,1,0,24,True,True,accepted
M5,M5_10mA_40C_0,frame_0068.png,0.7265857458114624,True,,True,0.7265857458114624,0.7265857458114624,False,False,True,0.0,1.0,0.0,0.0,0,0.0,1025,50.048828125,True,True,0,0,0,True,True,accepted
M5,M5_10mA_40C_0,frame_0070.png,0.7291688323020935,True,,True,0.7291688323020935,0.7291688323020935,False,False,True,0.0,1.0,0.0,0.0,0,0.0,1025,50.048828125,True,True,0,0,0,True,True,accepted
M5,M5_10mA_40C_0,frame_0080.png,0.7359082698822021,True,,True,0.7359082698822021,0.7359082698822021,False,False,True,0.0,1.0,0.0,0.0,0,0.0,1025,50.048828125,True,True,0,0,0,True,True,accepted
M5,M5_10mA_40C_0,frame_0081.png,0.7404364943504333,True,,True,0.7404364943504333,0.7404364943504333,False,False,True,0.0,1.0,0.0,0.0,0,0.0,1025,50.048828125,True,True,0,0,0,True,True,accepted
M5,M5_10mA_40C_0,frame_0088.png,0.7407453656196594,True,,True,0.7407453656196594,0.7407453656196594,False,False,True,0.0,1.0,0.0,0.0,0,0.0,1025,50.048828125,True,True,0,0,0,True,True,accepted
M5,M5_10mA_40C_0,frame_0092.png,0.7079684138298035,True,,True,0.7079684138298035,0.7079684138298035,False,False,True,0.0,1.0,0.0,0.0,1,0.00048828125,1026,50.09765625,True,True,1,0,1,True,True,accepted
M5,M5_10mA_40C_0,frame_0096.png,0.735920250415802,True,,True,0.735920250415802,0.735920250415802,False,False,True,0.0,1.0,0.0,0.0,0,0.0,1025,50.048828125,True,True,0,0,0,True,True,accepted
M5,M5_10mA_40C_0,frame_0098.png,0.7353857755661011,True,,True,0.7353857755661011,0.7353857755661011,False,False,True,0.0,1.0,0.0,0.0,1,0.00048828125,1024,50.0,True,True,1,0,1,True,True,accepted
M5,M5_10mA_40C_0,frame_0102.png,0.715071439743042,True,,True,0.715071439743042,0.715071439743042,False,False,True,0.0,1.0,0.0,0.0,0,0.0,1025,50.048828125,True,True,0,0,0,True,True,accepted
M5,M5_10mA_40C_0,frame_0104.png,0.7422061562538147,True,,True,0.7422061562538147,0.7422061562538147,False,False,True,0.0,1.0,0.0,0.0,0,0.0,1025,50.048828125,True,True,0,0,0,True,True,accepted
M5,M5_10mA_40C_0,frame_0108.png,0.7134605050086975,True,,True,0.7134605050086975,0.7134605050086975,False,False,True,0.0,1.0,0.0,0.0,0,0.0,1025,50.048828125,True,True,0,0,0,True,True,accepted
M5,M5_10mA_40C_0,frame_0110.png,0.729160487651825,True,,True,0.729160487651825,0.729160487651825,False,False,True,0.0,1.0,0.0,0.0,1,0.00048828125,1024,50.0,True,True,1,0,1,True,True,accepted
M5,M5_10mA_40C_0,frame_0125.png,0.7102627158164978,True,,True,0.7102627158164978,0.7102627158164978,False,False,True,0.0,1.0,0.0,0.0,0,0.0,1025,50.048828125,True,True,0,0,0,True,True,accepted
M5,M5_10mA_40C_0,frame_0127.png,0.7384491562843323,True,,True,0.7384491562843323,0.7384491562843323,False,False,True,0.0,1.0,0.0,0.0,0,0.0,1025,50.048828125,True,True,0,0,0,True,True,accepted
M5,M5_10mA_40C_0,frame_0128.png,0.729928195476532,True,,True,0.729928195476532,0.729928195476532,False,False,True,0.0,1.0,0.0,0.0,0,0.0,1025,50.048828125,True,True,0,0,0,True,True,accepted
M5,M5_10mA_40C_0,frame_0130.png,0.7336340546607971,True,,True,0.7336340546607971,0.7336340546607971,False,False,True,0.0,1.0,0.0,0.0,0,0.0,1025,50.048828125,True,True,0,0,0,True,True,accepted
M5,M5_10mA_40C_0,frame_0132.png,0.7134665846824646,True,,True,0.7134665846824646,0.7134665846824646,False,False,True,0.0,1.0,0.0,0.0,0,0.0,1025,50.048828125,True,True,0,0,0,True,True,accepted
M5,M5_10mA_40C_0,frame_0133.png,0.6804171800613403,True,,True,0.6804171800613403,0.6804171800613403,False,False,True,0.0,1.0,0.0,0.0,0,0.0,1025,50.048828125,True,True,0,0,0,True,True,accepted
M5,M5_10mA_40C_0,frame_0135.png,0.7398888468742371,True,,True,0.7398888468742371,0.7398888468742371,False,False,True,0.0,1.0,0.0,0.0,0,0.0,1025,50.048828125,True,True,0,0,0,True,True,accepted
M5,M5_10mA_40C_0,frame_0136.png,0.6455021500587463,True,,True,0.6455021500587463,0.6455021500587463,False,True,True,0.0,1.0,0.0,0.0,1,0.00048828125,1024,50.0,True,True,1,0,1,True,True,accepted
M5,M5_10mA_40C_0,frame_0144.png,0.7366502285003662,True,,True,0.7366502285003662,0.7366502285003662,False,False,True,0.0,1.0,0.0,0.0,0,0.0,1025,50.048828125,True,True,0,0,0,True,True,accepted
M5,M5_10mA_40C_0,frame_0145.png,0.7007958292961121,True,,True,0.7007958292961121,0.7007958292961121,False,False,True,0.0,1.0,0.0,0.0,1,0.00048828125,1026,50.09765625,True,True,1,0,1,True,True,accepted
M5,M5_10mA_40C_0,frame_0150.png,0.7299280166625977,True,,True,0.7299280166625977,0.7299280166625977,False,False,True,0.0,1.0,0.0,0.0,0,0.0,1025,50.048828125,True,True,0,0,0,True,True,accepted
M5,M5_10mA_40C_0,frame_0155.png,0.7297497391700745,True,,True,0.7297497391700745,0.7297497391700745,False,False,True,0.0,1.0,0.0,0.0,0,0.0,1025,50.048828125,True,True,0,0,0,True,True,accepted
M5,M5_10mA_40C_0,frame_0157.png,0.7082095742225647,True,,True,0.7082095742225647,0.7082095742225647,False,False,True,0.0,1.0,0.0,0.0,0,0.0,1025,50.048828125,True,True,0,0,0,True,True,accepted
M5,M5_10mA_40C_0,frame_0159.png,0.7428146600723267,True,,True,0.7428146600723267,0.7428146600723267,False,False,True,0.0,1.0,0.0,0.0,0,0.0,1025,50.048828125,True,True,0,0,0,True,True,accepted
M5,M5_10mA_40C_0,frame_0160.png,0.7163304686546326,True,,True,0.7163304686546326,0.7163304686546326,False,False,True,0.0,1.0,0.0,0.0,1,0.00048828125,1024,50.0,True,True,1,0,1,True,True,accepted
M5,M5_10mA_40C_0,frame_0161.png,0.7116516828536987,True,,True,0.7116516828536987,0.7116516828536987,False,False,True,0.0,1.0,0.0,0.0,0,0.0,1025,50.048828125,True,True,0,0,0,True,True,accepted
M5,M5_10mA_40C_0,frame_0167.png,0.7220510840415955,True,,True,0.7220510840415955,0.7220510840415955,False,False,True,0.0,1.0,0.0,0.0,1,0.00048828125,1026,50.09765625,True,True,1,0,1,True,True,accepted
M5,M5_10mA_40C_0,frame_0168.png,0.7165406346321106,True,,True,0.7165406346321106,0.7165406346321106,False,False,True,0.0,1.0,0.0,0.0,1,0.00048828125,1024,50.0,True,True,1,0,1,True,True,accepted
M5,M5_10mA_40C_0,frame_0173.png,0.7041437029838562,True,,True,0.7041437029838562,0.7041437029838562,False,False,True,0.0,1.0,0.0,0.0,4,0.001953125,1025,50.048828125,True,True,1,0,4,True,True,accepted
M5,M5_10mA_40C_0,frame_0174.png,0.7059423327445984,True,,True,0.7059423327445984,0.7059423327445984,False,False,True,0.0,1.0,0.0,0.0,2,0.0009765625,1023,49.951171875,True,True,1,0,2,True,True,accepted
M5,M5_10mA_40C_0,frame_0176.png,0.7276565432548523,True,,True,0.7276565432548523,0.7276565432548523,False,False,True,0.0,1.0,0.0,0.0,1,0.00048828125,1024,50.0,True,True,1,0,1,True,True,accepted
M5,M5_10mA_40C_0,frame_0184.png,0.7408195734024048,True,,True,0.7408195734024048,0.7408195734024048,False,False,True,0.0,1.0,0.0,0.0,0,0.0,1025,50.048828125,True,True,0,0,0,True,True,accepted
M5,M5_10mA_40C_0,frame_0200.png,0.7342380881309509,True,,True,0.7342380881309509,0.7342380881309509,False,False,True,0.0,1.0,0.0,0.0,0,0.0,1025,50.048828125,True,True,0,0,0,True,True,accepted
M5,M5_20mA_20C_0,frame_0024.png,0.804212212562561,True,,True,0.804212212562561,0.804212212562561,False,False,True,0.0,1.0,0.0,0.0,0,0.0,1025,50.048828125,True,True,0,0,0,True,True,accepted
M5,M5_20mA_20C_0,frame_0028.png,0.7441239356994629,True,,True,0.7441239356994629,0.7441239356994629,False,False,True,0.0,1.0,0.0,0.0,11,0.00537109375,1026,50.09765625,True,True,1,0,11,True,True,accepted
M5,M5_20mA_20C_0,frame_0030.png,0.7836348414421082,True,,True,0.7836348414421082,0.7836348414421082,False,False,True,0.0,1.0,0.0,0.0,0,0.0,1025,50.048828125,True,True,0,0,0,True,True,accepted
M5,M5_20mA_20C_0,frame_0031.png,0.7987629771232605,True,,True,0.7987629771232605,0.7987629771232605,False,False,True,0.0,1.0,0.0,0.0,3,0.00146484375,1024,50.0,True,True,1,0,3,True,True,accepted
M5,M5_20mA_20C_0,frame_0036.png,0.8078752756118774,True,,True,0.8078752756118774,0.8078752756118774,False,False,True,0.0,1.0,0.0,0.0,0,0.0,1025,50.048828125,True,True,0,0,0,True,True,accepted
M5,M5_20mA_20C_0,frame_0037.png,0.790759265422821,True,,True,0.790759265422821,0.790759265422821,False,False,True,0.0,1.0,0.0,0.0,0,0.0,1025,50.048828125,True,True,0,0,0,True,True,accepted
M5,M5_20mA_20C_0,frame_0039.png,0.7627080678939819,True,,True,0.7627080678939819,0.7627080678939819,False,False,True,0.0,1.0,0.0,0.0,13,0.00634765625,1024,50.0,True,True,1,0,13,True,True,accepted
M5,M5_20mA_20C_0,frame_0045.png,0.808955729007721,True,,True,0.808955729007721,0.808955729007721,False,False,True,0.0,1.0,0.0,0.0,0,0.0,1025,50.048828125,True,True,0,0,0,True,True,accepted
M5,M5_20mA_20C_0,frame_0046.png,0.819857656955719,True,,True,0.819857656955719,0.819857656955719,False,False,True,0.0,1.0,0.0,0.0,2,0.0009765625,1023,49.951171875,True,True,1,0,2,True,True,accepted
M5,M5_20mA_20C_0,frame_0048.png,0.7564211487770081,True,,True,0.7564211487770081,0.7564211487770081,False,False,True,0.0,1.0,0.0,0.0,26,0.0126953125,1017,49.658203125,True,True,1,0,26,True,True,accepted
M5,M5_20mA_20C_0,frame_0050.png,0.8046203851699829,True,,True,0.8046203851699829,0.8046203851699829,False,False,True,0.0,1.0,0.0,0.0,2,0.0009765625,1023,49.951171875,True,True,1,0,2,True,True,accepted
M5,M5_20mA_20C_0,frame_0062.png,0.8224851489067078,True,,True,0.8224851489067078,0.8224851489067078,False,False,True,0.0,1.0,0.0,0.0,0,0.0,1025,50.048828125,True,True,0,0,0,True,True,accepted
M5,M5_20mA_20C_0,frame_0064.png,0.7927589416503906,True,,True,0.7927589416503906,0.7927589416503906,False,False,True,0.0,1.0,0.0,0.0,31,0.01513671875,1030,50.29296875,True,True,2,0,31,True,True,accepted
M5,M5_20mA_20C_0,frame_0067.png,0.8214907646179199,True,,True,0.8214907646179199,0.8214907646179199,False,False,True,0.0,1.0,0.0,0.0,1,0.00048828125,1024,50.0,True,True,1,0,1,True,True,accepted
M5,M5_20mA_20C_0,frame_0071.png,0.7957901358604431,True,,True,0.7957901358604431,0.7957901358604431,False,False,True,0.0,1.0,0.0,0.0,1,0.00048828125,1024,50.0,True,True,1,0,1,True,True,accepted
M5,M5_20mA_20C_0,frame_0076.png,0.7628921270370483,True,,True,0.7628921270370483,0.7628921270370483,False,False,True,0.0,1.0,0.0,0.0,38,0.0185546875,1025,50.048828125,True,True,2,0,38,True,True,accepted
M5,M5_20mA_20C_0,frame_0078.png,0.7558602690696716,True,,True,0.7558602690696716,0.7558602690696716,False,False,True,0.0,1.0,0.0,0.0,6,0.0029296875,1027,50.146484375,True,True,1,0,6,True,True,accepted
M5,M5_20mA_20C_0,frame_0079.png,0.8025409579277039,True,,True,0.8025409579277039,0.8025409579277039,False,False,True,0.0,1.0,0.0,0.0,4,0.001953125,1021,49.853515625,True,True,1,0,4,True,True,accepted
M5,M5_20mA_20C_0,frame_0080.png,0.7559775710105896,True,,True,0.7559775710105896,0.7559775710105896,False,False,True,0.0,1.0,0.0,0.0,0,0.0,1025,50.048828125,True,True,0,0,0,True,True,accepted
M5,M5_20mA_20C_0,frame_0081.png,0.798362135887146,True,,True,0.798362135887146,0.798362135887146,False,False,True,0.0,1.0,0.0,0.0,23,0.01123046875,1018,49.70703125,True,True,1,0,23,True,True,accepted
M5,M5_20mA_20C_0,frame_0087.png,0.8039289116859436,True,,True,0.8039289116859436,0.8039289116859436,False,False,True,0.0,1.0,0.0,0.0,0,0.0,1025,50.048828125,True,True,0,0,0,True,True,accepted
M5,M5_20mA_20C_0,frame_0093.png,0.8059749603271484,True,,True,0.8059749603271484,0.8059749603271484,False,False,True,0.0,1.0,0.0,0.0,0,0.0,1025,50.048828125,True,True,0,0,0,True,True,accepted
M5,M5_20mA_20C_0,frame_0097.png,0.8209760785102844,True,,True,0.8209760785102844,0.8209760785102844,False,False,True,0.0,1.0,0.0,0.0,1,0.00048828125,1024,50.0,True,True,1,0,1,True,True,accepted
M5,M5_20mA_20C_0,frame_0099.png,0.8074620962142944,True,,True,0.8074620962142944,0.8074620962142944,False,False,True,0.0,1.0,0.0,0.0,2,0.0009765625,1025,50.048828125,True,True,1,0,2,True,True,accepted
M5,M5_20mA_20C_0,frame_0103.png,0.7688701748847961,True,,True,0.7688701748847961,0.7688701748847961,False,False,True,0.0,1.0,0.0,0.0,2,0.0009765625,1025,50.048828125,True,True,1,0,2,True,True,accepted
M5,M5_20mA_20C_0,frame_0109.png,0.7973343729972839,True,,True,0.7973343729972839,0.7973343729972839,False,False,True,0.0,1.0,0.0,0.0,34,0.0166015625,1019,49.755859375,True,True,2,0,34,True,True,accepted
M5,M5_20mA_20C_0,frame_0116.png,0.7832345366477966,True,,True,0.7832345366477966,0.7832345366477966,False,False,True,0.0,1.0,0.0,0.0,0,0.0,1025,50.048828125,True,True,0,0,0,True,True,accepted
M5,M5_20mA_20C_0,frame_0118.png,0.788855791091919,True,,True,0.788855791091919,0.788855791091919,False,False,True,0.0,1.0,0.0,0.0,12,0.005859375,1023,49.951171875,True,True,1,0,12,True,True,accepted
M5,M5_20mA_20C_0,frame_0121.png,0.7920588850975037,True,,True,0.7920588850975037,0.7920588850975037,False,False,True,0.0,1.0,0.0,0.0,0,0.0,1025,50.048828125,True,True,0,0,0,True,True,accepted
M5,M5_20mA_20C_0,frame_0125.png,0.8060693144798279,True,,True,0.8060693144798279,0.8060693144798279,False,False,True,0.0,1.0,0.0,0.0,1,0.00048828125,1024,50.0,True,True,1,0,1,True,True,accepted
M5,M5_20mA_20C_0,frame_0126.png,0.815714955329895,True,,True,0.815714955329895,0.815714955329895,False,False,True,0.0,1.0,0.0,0.0,0,0.0,1025,50.048828125,True,True,0,0,0,True,True,accepted
M5,M5_20mA_20C_0,frame_0127.png,0.7557873725891113,True,,True,0.7557873725891113,0.7557873725891113,False,False,True,0.0,1.0,0.0,0.0,0,0.0,1025,50.048828125,True,True,0,0,0,True,True,accepted
M5,M5_20mA_20C_0,frame_0138.png,0.7412185072898865,True,,True,0.7412185072898865,0.7412185072898865,False,False,True,0.0,1.0,0.0,0.0,4,0.001953125,1027,50.146484375,True,True,1,0,4,True,True,accepted
M5,M5_20mA_20C_0,frame_0143.png,0.7911971807479858,True,,True,0.7911971807479858,0.7911971807479858,False,False,True,0.0,1.0,0.0,0.0,0,0.0,1025,50.048828125,True,True,0,0,0,True,True,accepted
M5,M5_20mA_20C_0,frame_0148.png,0.8102535009384155,True,,True,0.8102535009384155,0.8102535009384155,False,False,True,0.0,1.0,0.0,0.0,0,0.0,1025,50.048828125,True,True,0,0,0,True,True,accepted
M5,M5_20mA_20C_0,frame_0150.png,0.7997552156448364,True,,True,0.7997552156448364,0.7997552156448364,False,False,True,0.0,1.0,0.0,0.0,12,0.005859375,1021,49.853515625,True,True,1,0,12,True,True,accepted
M5,M5_20mA_20C_0,frame_0157.png,0.787324070930481,True,,True,0.787324070930481,0.787324070930481,False,False,True,0.0,1.0,0.0,0.0,0,0.0,1025,50.048828125,True,True,0,0,0,True,True,accepted
M5,M5_20mA_20C_0,frame_0162.png,0.8045856952667236,True,,True,0.8045856952667236,0.8045856952667236,False,False,True,0.0,1.0,0.0,0.0,0,0.0,1025,50.048828125,True,True,0,0,0,True,True,accepted
M5,M5_20mA_20C_0,frame_0165.png,0.7934949398040771,True,,True,0.7934949398040771,0.7934949398040771,False,False,True,0.0,1.0,0.0,0.0,33,0.01611328125,1018,49.70703125,True,True,2,0,33,True,True,accepted
M5,M5_20mA_20C_0,frame_0167.png,0.7890163660049438,True,,True,0.7890163660049438,0.7890163660049438,False,False,True,0.0,1.0,0.0,0.0,42,0.0205078125,1021,49.853515625,True,True,2,0,42,True,True,accepted
M5,M5_20mA_20C_0,frame_0169.png,0.8067018389701843,True,,True,0.8067018389701843,0.8067018389701843,False,False,True,0.0,1.0,0.0,0.0,1,0.00048828125,1026,50.09765625,True,True,1,0,1,True,True,accepted
M5,M5_20mA_20C_0,frame_0175.png,0.8028317093849182,True,,True,0.8028317093849182,0.8028317093849182,False,False,True,0.0,1.0,0.0,0.0,1,0.00048828125,1026,50.09765625,True,True,1,0,1,True,True,accepted
M5,M5_20mA_20C_0,frame_0176.png,0.8047940135002136,True,,True,0.8047940135002136,0.8047940135002136,False,False,True,0.0,1.0,0.0,0.0,4,0.001953125,1025,50.048828125,True,True,1,0,4,True,True,accepted
M5,M5_20mA_20C_0,frame_0186.png,0.7811117768287659,True,,True,0.7811117768287659,0.7811117768287659,False,False,True,0.0,1.0,0.0,0.0,0,0.0,1025,50.048828125,True,True,0,0,0,True,True,accepted
M5,M5_20mA_20C_0,frame_0198.png,0.8066763281822205,True,,True,0.8066763281822205,0.8066763281822205,False,False,True,0.0,1.0,0.0,0.0,0,0.0,1025,50.048828125,True,True,0,0,0,True,True,accepted
M5,M5_20mA_30C_0,frame_0040.png,0.7374536991119385,True,,True,0.7374536991119385,0.7374536991119385,False,False,True,0.0,1.0,0.0,0.0,20,0.009765625,1021,49.853515625,True,True,2,0,20,True,True,accepted
M5,M5_20mA_30C_0,frame_0042.png,0.7335303425788879,True,,True,0.7335303425788879,0.7335303425788879,False,False,True,0.0,1.0,0.0,0.0,0,0.0,1025,50.048828125,True,True,0,0,0,True,True,accepted
M5,M5_20mA_30C_0,frame_0043.png,0.7388501167297363,True,,True,0.7388501167297363,0.7388501167297363,False,False,True,0.0,1.0,0.0,0.0,15,0.00732421875,1028,50.1953125,True,True,1,0,15,True,True,accepted
M5,M5_20mA_30C_0,frame_0048.png,0.7053723931312561,True,,True,0.7053723931312561,0.7053723931312561,False,False,True,0.0,1.0,0.0,0.0,33,0.01611328125,1032,50.390625,True,True,2,0,33,True,True,accepted
M5,M5_20mA_30C_0,frame_0062.png,0.7664023041725159,True,,True,0.7664023041725159,0.7664023041725159,False,False,True,0.0,1.0,0.0,0.0,0,0.0,1025,50.048828125,True,True,0,0,0,True,True,accepted
M5,M5_20mA_30C_0,frame_0068.png,0.7635939121246338,True,,True,0.7635939121246338,0.7635939121246338,False,False,True,0.0,1.0,0.0,0.0,0,0.0,1025,50.048828125,True,True,0,0,0,True,True,accepted
M5,M5_20mA_30C_0,frame_0072.png,0.7333204746246338,True,,True,0.7333204746246338,0.7333204746246338,False,False,True,0.0,1.0,0.0,0.0,7,0.00341796875,1026,50.09765625,True,True,1,0,7,True,True,accepted
M5,M5_20mA_30C_0,frame_0073.png,0.7451620697975159,True,,True,0.7451620697975159,0.7451620697975159,False,False,True,0.0,1.0,0.0,0.0,8,0.00390625,1029,50.244140625,True,True,1,0,8,True,True,accepted
M5,M5_20mA_30C_0,frame_0074.png,0.7253601551055908,True,,True,0.7253601551055908,0.7253601551055908,False,False,True,0.0,1.0,0.0,0.0,33,0.01611328125,1032,50.390625,True,True,1,0,33,True,True,accepted
M5,M5_20mA_30C_0,frame_0079.png,0.7263997197151184,True,,True,0.7263997197151184,0.7263997197151184,False,False,True,0.0,1.0,0.0,0.0,17,0.00830078125,1032,50.390625,True,True,1,0,17,True,True,accepted
M5,M5_20mA_30C_0,frame_0083.png,0.7199066877365112,True,,True,0.7199066877365112,0.7199066877365112,False,False,True,0.0,1.0,0.0,0.0,33,0.01611328125,1034,50.48828125,True,True,1,0,33,True,True,accepted
M5,M5_20mA_30C_0,frame_0086.png,0.7335558533668518,True,,True,0.7335558533668518,0.7335558533668518,False,False,True,0.0,1.0,0.0,0.0,16,0.0078125,1029,50.244140625,True,True,1,0,16,True,True,accepted
M5,M5_20mA_30C_0,frame_0087.png,0.7438255548477173,True,,True,0.7438255548477173,0.7438255548477173,False,False,True,0.0,1.0,0.0,0.0,0,0.0,1025,50.048828125,True,True,0,0,0,True,True,accepted
M5,M5_20mA_30C_0,frame_0093.png,0.7512232661247253,True,,True,0.7512232661247253,0.7512232661247253,False,False,True,0.0,1.0,0.0,0.0,1,0.00048828125,1024,50.0,True,True,1,0,1,True,True,accepted
M5,M5_20mA_30C_0,frame_0096.png,0.7154910564422607,True,,True,0.7154910564422607,0.7154910564422607,False,False,True,0.0,1.0,0.0,0.0,2,0.0009765625,1025,50.048828125,True,True,1,0,2,True,True,accepted
M5,M5_20mA_30C_0,frame_0100.png,0.7323421835899353,True,,True,0.7323421835899353,0.7323421835899353,False,False,True,0.0,1.0,0.0,0.0,5,0.00244140625,1026,50.09765625,True,True,1,0,5,True,True,accepted
M5,M5_20mA_30C_0,frame_0102.png,0.7576503157615662,True,,True,0.7576503157615662,0.7576503157615662,False,False,True,0.0,1.0,0.0,0.0,0,0.0,1025,50.048828125,True,True,0,0,0,True,True,accepted
M5,M5_20mA_30C_0,frame_0103.png,0.7129748463630676,True,,True,0.7129748463630676,0.7129748463630676,False,False,True,0.0,1.0,0.0,0.0,35,0.01708984375,1040,50.78125,True,True,1,0,35,True,True,accepted
M5,M5_20mA_30C_0,frame_0105.png,0.7323126196861267,True,,True,0.7323126196861267,0.7323126196861267,False,False,True,0.0,1.0,0.0,0.0,0,0.0,1025,50.048828125,True,True,0,0,0,True,True,accepted
M5,M5_20mA_30C_0,frame_0107.png,0.7218372821807861,True,,True,0.7218372821807861,0.7218372821807861,False,False,True,0.0,1.0,0.0,0.0,46,0.0224609375,1033,50.439453125,True,True,2,0,46,True,True,accepted
M5,M5_20mA_30C_0,frame_0116.png,0.7527514696121216,True,,True,0.7527514696121216,0.7527514696121216,False,False,True,0.0,1.0,0.0,0.0,16,0.0078125,1033,50.439453125,True,True,1,0,16,True,True,accepted
M5,M5_20mA_30C_0,frame_0124.png,0.7487688660621643,True,,True,0.7487688660621643,0.7487688660621643,False,False,True,0.0,1.0,0.0,0.0,0,0.0,1025,50.048828125,True,True,0,0,0,True,True,accepted
M5,M5_20mA_30C_0,frame_0127.png,0.7391748428344727,True,,True,0.7391748428344727,0.7391748428344727,False,False,True,0.0,1.0,0.0,0.0,48,0.0234375,1037,50.634765625,True,True,1,0,48,True,True,accepted
M5,M5_20mA_30C_0,frame_0128.png,0.6967713236808777,True,,True,0.6967713236808777,0.6967713236808777,False,False,True,0.0,1.0,0.0,0.0,6,0.0029296875,1029,50.244140625,True,True,1,0,6,True,True,accepted
M5,M5_20mA_30C_0,frame_0131.png,0.7260986566543579,True,,True,0.7260986566543579,0.7260986566543579,False,False,True,0.0,1.0,0.0,0.0,33,0.01611328125,1022,49.90234375,True,True,2,0,33,True,True,accepted
M5,M5_20mA_30C_0,frame_0138.png,0.7279566526412964,True,,True,0.7279566526412964,0.7279566526412964,False,False,True,0.0,1.0,0.0,0.0,1,0.00048828125,1024,50.0,True,True,1,0,1,True,True,accepted
M5,M5_20mA_30C_0,frame_0139.png,0.7117419838905334,True,,True,0.7117419838905334,0.7117419838905334,False,False,True,0.0,1.0,0.0,0.0,33,0.01611328125,1036,50.5859375,True,True,2,0,33,True,True,accepted
M5,M5_20mA_30C_0,frame_0141.png,0.7298680543899536,True,,True,0.7298680543899536,0.7298680543899536,False,False,True,0.0,1.0,0.0,0.0,5,0.00244140625,1026,50.09765625,True,True,1,0,5,True,True,accepted
M5,M5_20mA_30C_0,frame_0143.png,0.658866822719574,True,,True,0.658866822719574,0.658866822719574,False,True,True,0.0,1.0,0.0,0.0,24,0.01171875,1035,50.537109375,True,True,1,0,24,True,True,accepted
M5,M5_20mA_30C_0,frame_0145.png,0.7203600406646729,True,,True,0.7203600406646729,0.7203600406646729,False,False,True,0.0,1.0,0.0,0.0,39,0.01904296875,1030,50.29296875,True,True,2,0,39,True,True,accepted
M5,M5_20mA_30C_0,frame_0146.png,0.7330132126808167,True,,True,0.7330132126808167,0.7330132126808167,False,False,True,0.0,1.0,0.0,0.0,1,0.00048828125,1026,50.09765625,True,True,1,0,1,True,True,accepted
M5,M5_20mA_30C_0,frame_0150.png,0.7351071834564209,True,,True,0.7351071834564209,0.7351071834564209,False,False,True,0.0,1.0,0.0,0.0,10,0.0048828125,1027,50.146484375,True,True,1,0,10,True,True,accepted
M5,M5_20mA_30C_0,frame_0154.png,0.7366237044334412,True,,True,0.7366237044334412,0.7366237044334412,False,False,True,0.0,1.0,0.0,0.0,1,0.00048828125,1026,50.09765625,True,True,1,0,1,True,True,accepted
M5,M5_20mA_30C_0,frame_0158.png,0.7457458972930908,True,,True,0.7457458972930908,0.7457458972930908,False,False,True,0.0,1.0,0.0,0.0,15,0.00732421875,1030,50.29296875,True,True,1,0,15,True,True,accepted
M5,M5_20mA_30C_0,frame_0165.png,0.7317755222320557,True,,True,0.7317755222320557,0.7317755222320557,False,False,True,0.0,1.0,0.0,0.0,20,0.009765625,1029,50.244140625,True,True,1,0,20,True,True,accepted
M5,M5_20mA_30C_0,frame_0167.png,0.7459481358528137,True,,True,0.7459481358528137,0.7459481358528137,False,False,True,0.0,1.0,0.0,0.0,1,0.00048828125,1024,50.0,True,True,1,0,1,True,True,accepted
M5,M5_20mA_30C_0,frame_0169.png,0.7669692039489746,True,,True,0.7669692039489746,0.7669692039489746,False,False,True,0.0,1.0,0.0,0.0,3,0.00146484375,1026,50.09765625,True,True,1,0,3,True,True,accepted
M5,M5_20mA_30C_0,frame_0175.png,0.670478880405426,True,,True,0.670478880405426,0.670478880405426,False,False,True,0.0,1.0,0.0,0.0,14,0.0068359375,1027,50.146484375,True,True,1,0,14,True,True,accepted
M5,M5_20mA_30C_0,frame_0177.png,0.7367959022521973,True,,True,0.7367959022521973,0.7367959022521973,False,False,True,0.0,1.0,0.0,0.0,29,0.01416015625,1040,50.78125,True,True,1,0,29,True,True,accepted
M5,M5_20mA_30C_0,frame_0180.png,0.7407654523849487,True,,True,0.7407654523849487,0.7407654523849487,False,False,True,0.0,1.0,0.0,0.0,0,0.0,1025,50.048828125,True,True,0,0,0,True,True,accepted
M5,M5_20mA_30C_0,frame_0181.png,0.7427652478218079,True,,True,0.7427652478218079,0.7427652478218079,False,False,True,0.0,1.0,0.0,0.0,15,0.00732421875,1034,50.48828125,True,True,1,0,15,True,True,accepted
M5,M5_20mA_30C_0,frame_0183.png,0.7532616257667542,True,,True,0.7532616257667542,0.7532616257667542,False,False,True,0.0,1.0,0.0,0.0,0,0.0,1025,50.048828125,True,True,0,0,0,True,True,accepted
M5,M5_20mA_30C_0,frame_0187.png,0.7614337801933289,True,,True,0.7614337801933289,0.7614337801933289,False,False,True,0.0,1.0,0.0,0.0,0,0.0,1025,50.048828125,True,True,0,0,0,True,True,accepted
M5,M5_20mA_30C_0,frame_0190.png,0.7405350208282471,True,,True,0.7405350208282471,0.7405350208282471,False,False,True,0.0,1.0,0.0,0.0,15,0.00732421875,1034,50.48828125,True,True,1,0,15,True,True,accepted
M5,M5_20mA_30C_0,frame_0196.png,0.6831381320953369,True,,True,0.6831381320953369,0.6831381320953369,False,False,True,0.0,1.0,0.0,0.0,0,0.0,1025,50.048828125,True,True,0,0,0,True,True,accepted
M5,M5_20mA_40C_0,frame_0029.png,0.7091831564903259,True,,True,0.7091831564903259,0.7091831564903259,False,False,True,0.0,1.0,0.0,0.0,0,0.0,1025,50.048828125,True,True,0,0,0,True,True,accepted
M5,M5_20mA_40C_0,frame_0033.png,0.7561082243919373,True,,True,0.7561082243919373,0.7561082243919373,False,False,True,0.0,1.0,0.0,0.0,0,0.0,1025,50.048828125,True,True,0,0,0,True,True,accepted
M5,M5_20mA_40C_0,frame_0035.png,0.692916750907898,True,,True,0.692916750907898,0.692916750907898,False,False,True,0.0,1.0,0.0,0.0,0,0.0,1025,50.048828125,True,True,0,0,0,True,True,accepted
M5,M5_20mA_40C_0,frame_0039.png,0.6750061511993408,True,,True,0.6750061511993408,0.6750061511993408,False,False,True,0.0,1.0,0.0,0.0,16,0.0078125,1027,50.146484375,True,True,1,0,16,True,True,accepted
M5,M5_20mA_40C_0,frame_0042.png,0.7204285860061646,True,,True,0.7204285860061646,0.7204285860061646,False,False,True,0.0,1.0,0.0,0.0,0,0.0,1025,50.048828125,True,True,0,0,0,True,True,accepted
M5,M5_20mA_40C_0,frame_0044.png,0.746192991733551,True,,True,0.746192991733551,0.746192991733551,False,False,True,0.0,1.0,0.0,0.0,0,0.0,1025,50.048828125,True,True,0,0,0,True,True,accepted
M5,M5_20mA_40C_0,frame_0058.png,0.761418879032135,True,,True,0.761418879032135,0.761418879032135,False,False,True,0.0,1.0,0.0,0.0,0,0.0,1025,50.048828125,True,True,0,0,0,True,True,accepted
M5,M5_20mA_40C_0,frame_0061.png,0.757156491279602,True,,True,0.757156491279602,0.757156491279602,False,False,True,0.0,1.0,0.0,0.0,0,0.0,1025,50.048828125,True,True,0,0,0,True,True,accepted
M5,M5_20mA_40C_0,frame_0066.png,0.7396667003631592,True,,True,0.7396667003631592,0.7396667003631592,False,False,True,0.0,1.0,0.0,0.0,0,0.0,1025,50.048828125,True,True,0,0,0,True,True,accepted
M5,M5_20mA_40C_0,frame_0067.png,0.7456079721450806,True,,True,0.7456079721450806,0.7456079721450806,False,False,True,0.0,1.0,0.0,0.0,0,0.0,1025,50.048828125,True,True,0,0,0,True,True,accepted
M5,M5_20mA_40C_0,frame_0069.png,0.7111847996711731,True,,True,0.7111847996711731,0.7111847996711731,False,False,True,0.0,1.0,0.0,0.0,0,0.0,1025,50.048828125,True,True,0,0,0,True,True,accepted
M5,M5_20mA_40C_0,frame_0075.png,0.7474122047424316,True,,True,0.7474122047424316,0.7474122047424316,False,False,True,0.0,1.0,0.0,0.0,0,0.0,1025,50.048828125,True,True,0,0,0,True,True,accepted
M5,M5_20mA_40C_0,frame_0087.png,0.7623113989830017,True,,True,0.7623113989830017,0.7623113989830017,False,False,True,0.0,1.0,0.0,0.0,0,0.0,1025,50.048828125,True,True,0,0,0,True,True,accepted
M5,M5_20mA_40C_0,frame_0090.png,0.7191324830055237,True,,True,0.7191324830055237,0.7191324830055237,False,False,True,0.0,1.0,0.0,0.0,0,0.0,1025,50.048828125,True,True,0,0,0,True,True,accepted
M5,M5_20mA_40C_0,frame_0092.png,0.7245030403137207,True,,True,0.7245030403137207,0.7245030403137207,False,False,True,0.0,1.0,0.0,0.0,0,0.0,1025,50.048828125,True,True,0,0,0,True,True,accepted
M5,M5_20mA_40C_0,frame_0093.png,0.7273343205451965,True,,True,0.7273343205451965,0.7273343205451965,False,False,True,0.0,1.0,0.0,0.0,0,0.0,1025,50.048828125,True,True,0,0,0,True,True,accepted
M5,M5_20mA_40C_0,frame_0096.png,0.7027795314788818,True,,True,0.7027795314788818,0.7027795314788818,False,False,True,0.0,1.0,0.0,0.0,0,0.0,1025,50.048828125,True,True,0,0,0,True,True,accepted
M5,M5_20mA_40C_0,frame_0101.png,0.713896632194519,True,,True,0.713896632194519,0.713896632194519,False,False,True,0.0,1.0,0.0,0.0,0,0.0,1025,50.048828125,True,True,0,0,0,True,True,accepted
M5,M5_20mA_40C_0,frame_0104.png,0.7472602128982544,True,,True,0.7472602128982544,0.7472602128982544,False,False,True,0.0,1.0,0.0,0.0,0,0.0,1025,50.048828125,True,True,0,0,0,True,True,accepted
M5,M5_20mA_40C_0,frame_0106.png,0.7169532775878906,True,,True,0.7169532775878906,0.7169532775878906,False,False,True,0.0,1.0,0.0,0.0,0,0.0,1025,50.048828125,True,True,0,0,0,True,True,accepted
M5,M5_20mA_40C_0,frame_0107.png,0.7298211455345154,True,,True,0.7298211455345154,0.7298211455345154,False,False,True,0.0,1.0,0.0,0.0,3,0.00146484375,1026,50.09765625,True,True,1,0,3,True,True,accepted
M5,M5_20mA_40C_0,frame_0109.png,0.7289939522743225,True,,True,0.7289939522743225,0.7289939522743225,False,False,True,0.0,1.0,0.0,0.0,0,0.0,1025,50.048828125,True,True,0,0,0,True,True,accepted
M5,M5_20mA_40C_0,frame_0121.png,0.7587829828262329,True,,True,0.7587829828262329,0.7587829828262329,False,False,True,0.0,1.0,0.0,0.0,0,0.0,1025,50.048828125,True,True,0,0,0,True,True,accepted
M5,M5_20mA_40C_0,frame_0122.png,0.7551338076591492,True,,True,0.7551338076591492,0.7551338076591492,False,False,True,0.0,1.0,0.0,0.0,0,0.0,1025,50.048828125,True,True,0,0,0,True,True,accepted
M5,M5_20mA_40C_0,frame_0124.png,0.7449703216552734,True,,True,0.7449703216552734,0.7449703216552734,False,False,True,0.0,1.0,0.0,0.0,1,0.00048828125,1026,50.09765625,True,True,1,0,1,True,True,accepted
M5,M5_20mA_40C_0,frame_0127.png,0.7517490386962891,True,,True,0.7517490386962891,0.7517490386962891,False,False,True,0.0,1.0,0.0,0.0,0,0.0,1025,50.048828125,True,True,0,0,0,True,True,accepted
M5,M5_20mA_40C_0,frame_0128.png,0.7423515319824219,True,,True,0.7423515319824219,0.7423515319824219,False,False,True,0.0,1.0,0.0,0.0,0,0.0,1025,50.048828125,True,True,0,0,0,True,True,accepted
M5,M5_20mA_40C_0,frame_0130.png,0.7275398969650269,True,,True,0.7275398969650269,0.7275398969650269,False,False,True,0.0,1.0,0.0,0.0,0,0.0,1025,50.048828125,True,True,0,0,0,True,True,accepted
M5,M5_20mA_40C_0,frame_0132.png,0.7412008047103882,True,,True,0.7412008047103882,0.7412008047103882,False,False,True,0.0,1.0,0.0,0.0,0,0.0,1025,50.048828125,True,True,0,0,0,True,True,accepted
M5,M5_20mA_40C_0,frame_0133.png,0.7518929243087769,True,,True,0.7518929243087769,0.7518929243087769,False,False,True,0.0,1.0,0.0,0.0,0,0.0,1025,50.048828125,True,True,0,0,0,True,True,accepted
M5,M5_20mA_40C_0,frame_0134.png,0.7651850581169128,True,,True,0.7651850581169128,0.7651850581169128,False,False,True,0.0,1.0,0.0,0.0,0,0.0,1025,50.048828125,True,True,0,0,0,True,True,accepted
M5,M5_20mA_40C_0,frame_0141.png,0.7409093976020813,True,,True,0.7409093976020813,0.7409093976020813,False,False,True,0.0,1.0,0.0,0.0,0,0.0,1025,50.048828125,True,True,0,0,0,True,True,accepted
M5,M5_20mA_40C_0,frame_0156.png,0.7495622038841248,True,,True,0.7495622038841248,0.7495622038841248,False,False,True,0.0,1.0,0.0,0.0,0,0.0,1025,50.048828125,True,True,0,0,0,True,True,accepted
M5,M5_20mA_40C_0,frame_0160.png,0.7447958588600159,True,,True,0.7447958588600159,0.7447958588600159,False,False,True,0.0,1.0,0.0,0.0,0,0.0,1025,50.048828125,True,True,0,0,0,True,True,accepted
M5,M5_20mA_40C_0,frame_0174.png,0.6655251979827881,True,,True,0.6655251979827881,0.6655251979827881,False,False,True,0.0,1.0,0.0,0.0,5,0.00244140625,1024,50.0,True,True,1,0,5,True,True,accepted
M5,M5_20mA_40C_0,frame_0175.png,0.7072572708129883,True,,True,0.7072572708129883,0.7072572708129883,False,False,True,0.0,1.0,0.0,0.0,2,0.0009765625,1023,49.951171875,True,True,1,0,2,True,True,accepted
M5,M5_20mA_40C_0,frame_0178.png,0.7510606646537781,True,,True,0.7510606646537781,0.7510606646537781,False,False,True,0.0,1.0,0.0,0.0,0,0.0,1025,50.048828125,True,True,0,0,0,True,True,accepted
M5,M5_20mA_40C_0,frame_0179.png,0.7551587224006653,True,,True,0.7551587224006653,0.7551587224006653,False,False,True,0.0,1.0,0.0,0.0,0,0.0,1025,50.048828125,True,True,0,0,0,True,True,accepted
M5,M5_20mA_40C_0,frame_0181.png,0.7463210821151733,True,,True,0.7463210821151733,0.7463210821151733,False,False,True,0.0,1.0,0.0,0.0,0,0.0,1025,50.048828125,True,True,0,0,0,True,True,accepted
M5,M5_20mA_40C_0,frame_0184.png,0.7478451132774353,True,,True,0.7478451132774353,0.7478451132774353,False,False,True,0.0,1.0,0.0,0.0,0,0.0,1025,50.048828125,True,True,0,0,0,True,True,accepted
M5,M5_20mA_40C_0,frame_0188.png,0.7574411034584045,True,,True,0.7574411034584045,0.7574411034584045,False,False,True,0.0,1.0,0.0,0.0,0,0.0,1025,50.048828125,True,True,0,0,0,True,True,accepted
M5,M5_20mA_40C_0,frame_0192.png,0.7662172317504883,True,,True,0.7662172317504883,0.7662172317504883,False,False,True,0.0,1.0,0.0,0.0,0,0.0,1025,50.048828125,True,True,0,0,0,True,True,accepted
M5,M5_20mA_40C_0,frame_0193.png,0.7629857063293457,True,,True,0.7629857063293457,0.7629857063293457,False,False,True,0.0,1.0,0.0,0.0,0,0.0,1025,50.048828125,True,True,0,0,0,True,True,accepted
M5,M5_20mA_40C_0,frame_0197.png,0.7281436324119568,True,,True,0.7281436324119568,0.7281436324119568,False,False,True,0.0,1.0,0.0,0.0,0,0.0,1025,50.048828125,True,True,0,0,0,True,True,accepted
M5,M5_20mA_40C_0,frame_0198.png,0.757946252822876,True,,True,0.757946252822876,0.757946252822876,False,False,True,0.0,1.0,0.0,0.0,0,0.0,1025,50.048828125,True,True,0,0,0,True,True,accepted
M5,M5_30mA_20C_0,frame_0019.png,0.7940360307693481,True,,True,0.7940360307693481,0.7940360307693481,False,False,True,0.0,1.0,0.0,0.0,0,0.0,1025,50.048828125,True,True,0,0,0,True,True,accepted
M5,M5_30mA_20C_0,frame_0023.png,0.7798951268196106,True,,True,0.7798951268196106,0.7798951268196106,False,False,True,0.0,1.0,0.0,0.0,0,0.0,1025,50.048828125,True,True,0,0,0,True,True,accepted
M5,M5_30mA_20C_0,frame_0027.png,0.7851907014846802,True,,True,0.7851907014846802,0.7851907014846802,False,False,True,0.0,1.0,0.0,0.0,0,0.0,1025,50.048828125,True,True,0,0,0,True,True,accepted
M5,M5_30mA_20C_0,frame_0029.png,0.8000291585922241,True,,True,0.8000291585922241,0.8000291585922241,False,False,True,0.0,1.0,0.0,0.0,0,0.0,1025,50.048828125,True,True,0,0,0,True,True,accepted
M5,M5_30mA_20C_0,frame_0031.png,0.7617753148078918,True,,True,0.7617753148078918,0.7617753148078918,False,False,True,0.0,1.0,0.0,0.0,0,0.0,1025,50.048828125,True,True,0,0,0,True,True,accepted
M5,M5_30mA_20C_0,frame_0032.png,0.7868340015411377,True,,True,0.7868340015411377,0.7868340015411377,False,False,True,0.0,1.0,0.0,0.0,0,0.0,1025,50.048828125,True,True,0,0,0,True,True,accepted
M5,M5_30mA_20C_0,frame_0037.png,0.7999469041824341,True,,True,0.7999469041824341,0.7999469041824341,False,False,True,0.0,1.0,0.0,0.0,0,0.0,1025,50.048828125,True,True,0,0,0,True,True,accepted
M5,M5_30mA_20C_0,frame_0043.png,0.7943606376647949,True,,True,0.7943606376647949,0.7943606376647949,False,False,True,0.0,1.0,0.0,0.0,0,0.0,1025,50.048828125,True,True,0,0,0,True,True,accepted
M5,M5_30mA_20C_0,frame_0045.png,0.7697355151176453,True,,True,0.7697355151176453,0.7697355151176453,False,False,True,0.0,1.0,0.0,0.0,0,0.0,1025,50.048828125,True,True,0,0,0,True,True,accepted
M5,M5_30mA_20C_0,frame_0051.png,0.759434163570404,True,,True,0.759434163570404,0.759434163570404,False,False,True,0.0,1.0,0.0,0.0,0,0.0,1025,50.048828125,True,True,0,0,0,True,True,accepted
M5,M5_30mA_20C_0,frame_0052.png,0.7893096208572388,True,,True,0.7893096208572388,0.7893096208572388,False,False,True,0.0,1.0,0.0,0.0,0,0.0,1025,50.048828125,True,True,0,0,0,True,True,accepted
M5,M5_30mA_20C_0,frame_0056.png,0.742493748664856,True,,True,0.742493748664856,0.742493748664856,False,False,True,0.0,1.0,0.0,0.0,0,0.0,1025,50.048828125,True,True,0,0,0,True,True,accepted
M5,M5_30mA_20C_0,frame_0057.png,0.7898705005645752,True,,True,0.7898705005645752,0.7898705005645752,False,False,True,0.0,1.0,0.0,0.0,0,0.0,1025,50.048828125,True,True,0,0,0,True,True,accepted
M5,M5_30mA_20C_0,frame_0058.png,0.7285232543945312,True,,True,0.7285232543945312,0.7285232543945312,False,False,True,0.0,1.0,0.0,0.0,0,0.0,1025,50.048828125,True,True,0,0,0,True,True,accepted
M5,M5_30mA_20C_0,frame_0068.png,0.7961291670799255,True,,True,0.7961291670799255,0.7961291670799255,False,False,True,0.0,1.0,0.0,0.0,0,0.0,1025,50.048828125,True,True,0,0,0,True,True,accepted
M5,M5_30mA_20C_0,frame_0073.png,0.772916316986084,True,,True,0.772916316986084,0.772916316986084,False,False,True,0.0,1.0,0.0,0.0,2,0.0009765625,1023,49.951171875,True,True,1,0,2,True,True,accepted
M5,M5_30mA_20C_0,frame_0082.png,0.7969536781311035,True,,True,0.7969536781311035,0.7969536781311035,False,False,True,0.0,1.0,0.0,0.0,0,0.0,1025,50.048828125,True,True,0,0,0,True,True,accepted
M5,M5_30mA_20C_0,frame_0084.png,0.7855905890464783,True,,True,0.7855905890464783,0.7855905890464783,False,False,True,0.0,1.0,0.0,0.0,0,0.0,1025,50.048828125,True,True,0,0,0,True,True,accepted
M5,M5_30mA_20C_0,frame_0091.png,0.7217966318130493,True,,True,0.7217966318130493,0.7217966318130493,False,False,True,0.0,1.0,0.0,0.0,5,0.00244140625,1024,50.0,True,True,1,0,5,True,True,accepted
M5,M5_30mA_20C_0,frame_0099.png,0.7589261531829834,True,,True,0.7589261531829834,0.7589261531829834,False,False,True,0.0,1.0,0.0,0.0,0,0.0,1025,50.048828125,True,True,0,0,0,True,True,accepted
M5,M5_30mA_20C_0,frame_0105.png,0.7914304733276367,True,,True,0.7914304733276367,0.7914304733276367,False,False,True,0.0,1.0,0.0,0.0,0,0.0,1025,50.048828125,True,True,0,0,0,True,True,accepted
M5,M5_30mA_20C_0,frame_0108.png,0.7869260311126709,True,,True,0.7869260311126709,0.7869260311126709,False,False,True,0.0,1.0,0.0,0.0,0,0.0,1025,50.048828125,True,True,0,0,0,True,True,accepted
M5,M5_30mA_20C_0,frame_0111.png,0.7566937804222107,True,,True,0.7566937804222107,0.7566937804222107,False,False,True,0.0,1.0,0.0,0.0,0,0.0,1025,50.048828125,True,True,0,0,0,True,True,accepted
M5,M5_30mA_20C_0,frame_0112.png,0.7646786570549011,True,,True,0.7646786570549011,0.7646786570549011,False,False,True,0.0,1.0,0.0,0.0,1,0.00048828125,1026,50.09765625,True,True,1,0,1,True,True,accepted
M5,M5_30mA_20C_0,frame_0114.png,0.788442850112915,True,,True,0.788442850112915,0.788442850112915,False,False,True,0.0,1.0,0.0,0.0,0,0.0,1025,50.048828125,True,True,0,0,0,True,True,accepted
M5,M5_30mA_20C_0,frame_0115.png,0.7505769729614258,True,,True,0.7505769729614258,0.7505769729614258,False,False,True,0.0,1.0,0.0,0.0,17,0.00830078125,1026,50.09765625,True,True,1,0,17,True,True,accepted
M5,M5_30mA_20C_0,frame_0122.png,0.7885262370109558,True,,True,0.7885262370109558,0.7885262370109558,False,False,True,0.0,1.0,0.0,0.0,0,0.0,1025,50.048828125,True,True,0,0,0,True,True,accepted
M5,M5_30mA_20C_0,frame_0123.png,0.7682265639305115,True,,True,0.7682265639305115,0.7682265639305115,False,False,True,0.0,1.0,0.0,0.0,0,0.0,1025,50.048828125,True,True,0,0,0,True,True,accepted
M5,M5_30mA_20C_0,frame_0129.png,0.7892311215400696,True,,True,0.7892311215400696,0.7892311215400696,False,False,True,0.0,1.0,0.0,0.0,0,0.0,1025,50.048828125,True,True,0,0,0,True,True,accepted
M5,M5_30mA_20C_0,frame_0130.png,0.7941547632217407,True,,True,0.7941547632217407,0.7941547632217407,False,False,True,0.0,1.0,0.0,0.0,0,0.0,1025,50.048828125,True,True,0,0,0,True,True,accepted
M5,M5_30mA_20C_0,frame_0137.png,0.7889909148216248,True,,True,0.7889909148216248,0.7889909148216248,False,False,True,0.0,1.0,0.0,0.0,0,0.0,1025,50.048828125,True,True,0,0,0,True,True,accepted
M5,M5_30mA_20C_0,frame_0146.png,0.7788535356521606,True,,True,0.7788535356521606,0.7788535356521606,False,False,True,0.0,1.0,0.0,0.0,1,0.00048828125,1026,50.09765625,True,True,1,0,1,True,True,accepted
M5,M5_30mA_20C_0,frame_0149.png,0.7423460483551025,True,,True,0.7423460483551025,0.7423460483551025,False,False,True,0.0,1.0,0.0,0.0,0,0.0,1025,50.048828125,True,True,0,0,0,True,True,accepted
M5,M5_30mA_20C_0,frame_0158.png,0.7954480648040771,True,,True,0.7954480648040771,0.7954480648040771,False,False,True,0.0,1.0,0.0,0.0,0,0.0,1025,50.048828125,True,True,0,0,0,True,True,accepted
M5,M5_30mA_20C_0,frame_0160.png,0.7938530445098877,True,,True,0.7938530445098877,0.7938530445098877,False,False,True,0.0,1.0,0.0,0.0,0,0.0,1025,50.048828125,True,True,0,0,0,True,True,accepted
M5,M5_30mA_20C_0,frame_0161.png,0.7790311574935913,True,,True,0.7790311574935913,0.7790311574935913,False,False,True,0.0,1.0,0.0,0.0,0,0.0,1025,50.048828125,True,True,0,0,0,True,True,accepted
M5,M5_30mA_20C_0,frame_0164.png,0.7932738065719604,True,,True,0.7932738065719604,0.7932738065719604,False,False,True,0.0,1.0,0.0,0.0,0,0.0,1025,50.048828125,True,True,0,0,0,True,True,accepted
M5,M5_30mA_20C_0,frame_0168.png,0.7677057385444641,True,,True,0.7677057385444641,0.7677057385444641,False,False,True,0.0,1.0,0.0,0.0,0,0.0,1025,50.048828125,True,True,0,0,0,True,True,accepted
M5,M5_30mA_20C_0,frame_0170.png,0.7914426326751709,True,,True,0.7914426326751709,0.7914426326751709,False,False,True,0.0,1.0,0.0,0.0,0,0.0,1025,50.048828125,True,True,0,0,0,True,True,accepted
M5,M5_30mA_20C_0,frame_0173.png,0.7631546258926392,True,,True,0.7631546258926392,0.7631546258926392,False,False,True,0.0,1.0,0.0,0.0,0,0.0,1025,50.048828125,True,True,0,0,0,True,True,accepted
M5,M5_30mA_20C_0,frame_0183.png,0.7828137874603271,True,,True,0.7828137874603271,0.7828137874603271,False,False,True,0.0,1.0,0.0,0.0,0,0.0,1025,50.048828125,True,True,0,0,0,True,True,accepted
M5,M5_30mA_20C_0,frame_0184.png,0.7788183689117432,True,,True,0.7788183689117432,0.7788183689117432,False,False,True,0.0,1.0,0.0,0.0,0,0.0,1025,50.048828125,True,True,0,0,0,True,True,accepted
M5,M5_30mA_20C_0,frame_0191.png,0.7911038994789124,True,,True,0.7911038994789124,0.7911038994789124,False,False,True,0.0,1.0,0.0,0.0,0,0.0,1025,50.048828125,True,True,0,0,0,True,True,accepted
M5,M5_30mA_20C_0,frame_0195.png,0.7464559078216553,True,,True,0.7464559078216553,0.7464559078216553,False,False,True,0.0,1.0,0.0,0.0,11,0.00537109375,1022,49.90234375,True,True,1,0,11,True,True,accepted
M5,M5_30mA_20C_0,frame_0198.png,0.7890670299530029,True,,True,0.7890670299530029,0.7890670299530029,False,False,True,0.0,1.0,0.0,0.0,0,0.0,1025,50.048828125,True,True,0,0,0,True,True,accepted
M5,M5_30mA_30C_0,frame_0019.png,0.7848179340362549,True,,True,0.7848179340362549,0.7848179340362549,False,False,True,0.0,1.0,0.0,0.0,0,0.0,1025,50.048828125,True,True,0,0,0,True,True,accepted
M5,M5_30mA_30C_0,frame_0020.png,0.6805843114852905,True,,True,0.6805843114852905,0.6805843114852905,False,False,True,0.0,1.0,0.0,0.0,81,0.03955078125,1028,50.1953125,True,True,3,0,81,True,True,accepted
M5,M5_30mA_30C_0,frame_0026.png,0.7907809019088745,True,,True,0.7907809019088745,0.7907809019088745,False,False,True,0.0,1.0,0.0,0.0,0,0.0,1025,50.048828125,True,True,0,0,0,True,True,accepted
M5,M5_30mA_30C_0,frame_0028.png,0.757199227809906,True,,True,0.757199227809906,0.757199227809906,False,False,True,0.0,1.0,0.0,0.0,5,0.00244140625,1022,49.90234375,True,True,1,0,5,True,True,accepted
M5,M5_30mA_30C_0,frame_0029.png,0.7359557151794434,True,,True,0.7359557151794434,0.7359557151794434,False,False,True,0.0,1.0,0.0,0.0,0,0.0,1025,50.048828125,True,True,0,0,0,True,True,accepted
M5,M5_30mA_30C_0,frame_0031.png,0.7681591510772705,True,,True,0.7681591510772705,0.7681591510772705,False,False,True,0.0,1.0,0.0,0.0,2,0.0009765625,1023,49.951171875,True,True,1,0,2,True,True,accepted
M5,M5_30mA_30C_0,frame_0033.png,0.7563523054122925,True,,True,0.7563523054122925,0.7563523054122925,False,False,True,0.0,1.0,0.0,0.0,0,0.0,1025,50.048828125,True,True,0,0,0,True,True,accepted
M5,M5_30mA_30C_0,frame_0035.png,0.7691318392753601,True,,True,0.7691318392753601,0.7691318392753601,False,False,True,0.0,1.0,0.0,0.0,1,0.00048828125,1024,50.0,True,True,1,0,1,True,True,accepted
M5,M5_30mA_30C_0,frame_0038.png,0.7514775991439819,True,,True,0.7514775991439819,0.7514775991439819,False,False,True,0.0,1.0,0.0,0.0,1,0.00048828125,1024,50.0,True,True,1,0,1,True,True,accepted
M5,M5_30mA_30C_0,frame_0041.png,0.7819021344184875,True,,True,0.7819021344184875,0.7819021344184875,False,False,True,0.0,1.0,0.0,0.0,0,0.0,1025,50.048828125,True,True,0,0,0,True,True,accepted
M5,M5_30mA_30C_0,frame_0046.png,0.69784015417099,True,,True,0.69784015417099,0.69784015417099,False,False,True,0.0,1.0,0.0,0.0,0,0.0,1025,50.048828125,True,True,0,0,0,True,True,accepted
M5,M5_30mA_30C_0,frame_0064.png,0.7894798517227173,True,,True,0.7894798517227173,0.7894798517227173,False,False,True,0.0,1.0,0.0,0.0,0,0.0,1025,50.048828125,True,True,0,0,0,True,True,accepted
M5,M5_30mA_30C_0,frame_0068.png,0.7811740636825562,True,,True,0.7811740636825562,0.7811740636825562,False,False,True,0.0,1.0,0.0,0.0,0,0.0,1025,50.048828125,True,True,0,0,0,True,True,accepted
M5,M5_30mA_30C_0,frame_0073.png,0.7675253748893738,True,,True,0.7675253748893738,0.7675253748893738,False,False,True,0.0,1.0,0.0,0.0,0,0.0,1025,50.048828125,True,True,0,0,0,True,True,accepted
M5,M5_30mA_30C_0,frame_0081.png,0.7854440212249756,True,,True,0.7854440212249756,0.7854440212249756,False,False,True,0.0,1.0,0.0,0.0,0,0.0,1025,50.048828125,True,True,0,0,0,True,True,accepted
M5,M5_30mA_30C_0,frame_0082.png,0.782711923122406,True,,True,0.782711923122406,0.782711923122406,False,False,True,0.0,1.0,0.0,0.0,0,0.0,1025,50.048828125,True,True,0,0,0,True,True,accepted
M5,M5_30mA_30C_0,frame_0084.png,0.7879689335823059,True,,True,0.7879689335823059,0.7879689335823059,False,False,True,0.0,1.0,0.0,0.0,0,0.0,1025,50.048828125,True,True,0,0,0,True,True,accepted
M5,M5_30mA_30C_0,frame_0090.png,0.7599785923957825,True,,True,0.7599785923957825,0.7599785923957825,False,False,True,0.0,1.0,0.0,0.0,6,0.0029296875,1025,50.048828125,True,True,1,0,6,True,True,accepted
M5,M5_30mA_30C_0,frame_0093.png,0.7459774017333984,True,,True,0.7459774017333984,0.7459774017333984,False,False,True,0.0,1.0,0.0,0.0,7,0.00341796875,1022,49.90234375,True,True,1,0,7,True,True,accepted
M5,M5_30mA_30C_0,frame_0098.png,0.7698483467102051,True,,True,0.7698483467102051,0.7698483467102051,False,False,True,0.0,1.0,0.0,0.0,0,0.0,1025,50.048828125,True,True,0,0,0,True,True,accepted
M5,M5_30mA_30C_0,frame_0105.png,0.7681210041046143,True,,True,0.7681210041046143,0.7681210041046143,False,False,True,0.0,1.0,0.0,0.0,0,0.0,1025,50.048828125,True,True,0,0,0,True,True,accepted
M5,M5_30mA_30C_0,frame_0114.png,0.7692840695381165,True,,True,0.7692840695381165,0.7692840695381165,False,False,True,0.0,1.0,0.0,0.0,0,0.0,1025,50.048828125,True,True,0,0,0,True,True,accepted
M5,M5_30mA_30C_0,frame_0117.png,0.7708110809326172,True,,True,0.7708110809326172,0.7708110809326172,False,False,True,0.0,1.0,0.0,0.0,0,0.0,1025,50.048828125,True,True,0,0,0,True,True,accepted
M5,M5_30mA_30C_0,frame_0119.png,0.7627699971199036,True,,True,0.7627699971199036,0.7627699971199036,False,False,True,0.0,1.0,0.0,0.0,2,0.0009765625,1023,49.951171875,True,True,1,0,2,True,True,accepted
M5,M5_30mA_30C_0,frame_0126.png,0.7869917154312134,True,,True,0.7869917154312134,0.7869917154312134,False,False,True,0.0,1.0,0.0,0.0,0,0.0,1025,50.048828125,True,True,0,0,0,True,True,accepted
M5,M5_30mA_30C_0,frame_0139.png,0.7528069019317627,True,,True,0.7528069019317627,0.7528069019317627,False,False,True,0.0,1.0,0.0,0.0,0,0.0,1025,50.048828125,True,True,0,0,0,True,True,accepted
M5,M5_30mA_30C_0,frame_0145.png,0.7751806378364563,True,,True,0.7751806378364563,0.7751806378364563,False,False,True,0.0,1.0,0.0,0.0,0,0.0,1025,50.048828125,True,True,0,0,0,True,True,accepted
M5,M5_30mA_30C_0,frame_0146.png,0.7793911099433899,True,,True,0.7793911099433899,0.7793911099433899,False,False,True,0.0,1.0,0.0,0.0,0,0.0,1025,50.048828125,True,True,0,0,0,True,True,accepted
M5,M5_30mA_30C_0,frame_0151.png,0.7735166549682617,True,,True,0.7735166549682617,0.7735166549682617,False,False,True,0.0,1.0,0.0,0.0,0,0.0,1025,50.048828125,True,True,0,0,0,True,True,accepted
M5,M5_30mA_30C_0,frame_0156.png,0.7597362995147705,True,,True,0.7597362995147705,0.7597362995147705,False,False,True,0.0,1.0,0.0,0.0,0,0.0,1025,50.048828125,True,True,0,0,0,True,True,accepted
M5,M5_30mA_30C_0,frame_0158.png,0.7623634934425354,True,,True,0.7623634934425354,0.7623634934425354,False,False,True,0.0,1.0,0.0,0.0,0,0.0,1025,50.048828125,True,True,0,0,0,True,True,accepted
M5,M5_30mA_30C_0,frame_0160.png,0.7808506488800049,True,,True,0.7808506488800049,0.7808506488800049,False,False,True,0.0,1.0,0.0,0.0,0,0.0,1025,50.048828125,True,True,0,0,0,True,True,accepted
M5,M5_30mA_30C_0,frame_0161.png,0.7843570709228516,True,,True,0.7843570709228516,0.7843570709228516,False,False,True,0.0,1.0,0.0,0.0,0,0.0,1025,50.048828125,True,True,0,0,0,True,True,accepted
M5,M5_30mA_30C_0,frame_0165.png,0.7849920392036438,True,,True,0.7849920392036438,0.7849920392036438,False,False,True,0.0,1.0,0.0,0.0,0,0.0,1025,50.048828125,True,True,0,0,0,True,True,accepted
M5,M5_30mA_30C_0,frame_0166.png,0.7747293710708618,True,,True,0.7747293710708618,0.7747293710708618,False,False,True,0.0,1.0,0.0,0.0,0,0.0,1025,50.048828125,True,True,0,0,0,True,True,accepted
M5,M5_30mA_30C_0,frame_0170.png,0.7597873210906982,True,,True,0.7597873210906982,0.7597873210906982,False,False,True,0.0,1.0,0.0,0.0,0,0.0,1025,50.048828125,True,True,0,0,0,True,True,accepted
M5,M5_30mA_30C_0,frame_0171.png,0.7585488557815552,True,,True,0.7585488557815552,0.7585488557815552,False,False,True,0.0,1.0,0.0,0.0,3,0.00146484375,1022,49.90234375,True,True,1,0,3,True,True,accepted
M5,M5_30mA_30C_0,frame_0178.png,0.7710169553756714,True,,True,0.7710169553756714,0.7710169553756714,False,False,True,0.0,1.0,0.0,0.0,0,0.0,1025,50.048828125,True,True,0,0,0,True,True,accepted
M5,M5_30mA_30C_0,frame_0181.png,0.7629802823066711,True,,True,0.7629802823066711,0.7629802823066711,False,False,True,0.0,1.0,0.0,0.0,0,0.0,1025,50.048828125,True,True,0,0,0,True,True,accepted
M5,M5_30mA_30C_0,frame_0185.png,0.7411708235740662,True,,True,0.7411708235740662,0.7411708235740662,False,False,True,0.0,1.0,0.0,0.0,0,0.0,1025,50.048828125,True,True,0,0,0,True,True,accepted
M5,M5_30mA_30C_0,frame_0186.png,0.7719043493270874,True,,True,0.7719043493270874,0.7719043493270874,False,False,True,0.0,1.0,0.0,0.0,0,0.0,1025,50.048828125,True,True,0,0,0,True,True,accepted
M5,M5_30mA_30C_0,frame_0190.png,0.7774888277053833,True,,True,0.7774888277053833,0.7774888277053833,False,False,True,0.0,1.0,0.0,0.0,0,0.0,1025,50.048828125,True,True,0,0,0,True,True,accepted
M5,M5_30mA_30C_0,frame_0195.png,0.7585206031799316,True,,True,0.7585206031799316,0.7585206031799316,False,False,True,0.0,1.0,0.0,0.0,1,0.00048828125,1024,50.0,True,True,1,0,1,True,True,accepted
M5,M5_30mA_30C_0,frame_0197.png,0.7471694350242615,True,,True,0.7471694350242615,0.7471694350242615,False,False,True,0.0,1.0,0.0,0.0,0,0.0,1025,50.048828125,True,True,0,0,0,True,True,accepted
M5,M5_30mA_30C_0,frame_0198.png,0.7707898020744324,True,,True,0.7707898020744324,0.7707898020744324,False,False,True,0.0,1.0,0.0,0.0,0,0.0,1025,50.048828125,True,True,0,0,0,True,True,accepted
M5,M5_30mA_40C_0,frame_0027.png,0.7337143421173096,True,,True,0.7337143421173096,0.7337143421173096,False,False,True,0.0,1.0,0.0,0.0,0,0.0,1025,50.048828125,True,True,0,0,0,True,True,accepted
M5,M5_30mA_40C_0,frame_0029.png,0.7300754189491272,True,,True,0.7300754189491272,0.7300754189491272,False,False,True,0.0,1.0,0.0,0.0,3,0.00146484375,1026,50.09765625,True,True,1,0,3,True,True,accepted
M5,M5_30mA_40C_0,frame_0033.png,0.7712403535842896,True,,True,0.7712403535842896,0.7712403535842896,False,False,True,0.0,1.0,0.0,0.0,0,0.0,1025,50.048828125,True,True,0,0,0,True,True,accepted
M5,M5_30mA_40C_0,frame_0036.png,0.7782962918281555,True,,True,0.7782962918281555,0.7782962918281555,False,False,True,0.0,1.0,0.0,0.0,0,0.0,1025,50.048828125,True,True,0,0,0,True,True,accepted
M5,M5_30mA_40C_0,frame_0041.png,0.7639178037643433,True,,True,0.7639178037643433,0.7639178037643433,False,False,True,0.0,1.0,0.0,0.0,1,0.00048828125,1026,50.09765625,True,True,1,0,1,True,True,accepted
M5,M5_30mA_40C_0,frame_0046.png,0.7759422063827515,True,,True,0.7759422063827515,0.7759422063827515,False,False,True,0.0,1.0,0.0,0.0,0,0.0,1025,50.048828125,True,True,0,0,0,True,True,accepted
M5,M5_30mA_40C_0,frame_0049.png,0.7619730830192566,True,,True,0.7619730830192566,0.7619730830192566,False,False,True,0.0,1.0,0.0,0.0,0,0.0,1025,50.048828125,True,True,0,0,0,True,True,accepted
M5,M5_30mA_40C_0,frame_0050.png,0.7572802901268005,True,,True,0.7572802901268005,0.7572802901268005,False,False,True,0.0,1.0,0.0,0.0,0,0.0,1025,50.048828125,True,True,0,0,0,True,True,accepted
M5,M5_30mA_40C_0,frame_0052.png,0.7736478447914124,True,,True,0.7736478447914124,0.7736478447914124,False,False,True,0.0,1.0,0.0,0.0,0,0.0,1025,50.048828125,True,True,0,0,0,True,True,accepted
M5,M5_30mA_40C_0,frame_0065.png,0.7099786400794983,True,,True,0.7099786400794983,0.7099786400794983,False,False,True,0.0,1.0,0.0,0.0,0,0.0,1025,50.048828125,True,True,0,0,0,True,True,accepted
M5,M5_30mA_40C_0,frame_0071.png,0.7698291540145874,True,,True,0.7698291540145874,0.7698291540145874,False,False,True,0.0,1.0,0.0,0.0,0,0.0,1025,50.048828125,True,True,0,0,0,True,True,accepted
M5,M5_30mA_40C_0,frame_0073.png,0.7641815543174744,True,,True,0.7641815543174744,0.7641815543174744,False,False,True,0.0,1.0,0.0,0.0,1,0.00048828125,1026,50.09765625,True,True,1,0,1,True,True,accepted
M5,M5_30mA_40C_0,frame_0087.png,0.7691906094551086,True,,True,0.7691906094551086,0.7691906094551086,False,False,True,0.0,1.0,0.0,0.0,0,0.0,1025,50.048828125,True,True,0,0,0,True,True,accepted
M5,M5_30mA_40C_0,frame_0088.png,0.7815617322921753,True,,True,0.7815617322921753,0.7815617322921753,False,False,True,0.0,1.0,0.0,0.0,0,0.0,1025,50.048828125,True,True,0,0,0,True,True,accepted
M5,M5_30mA_40C_0,frame_0089.png,0.7732611298561096,True,,True,0.7732611298561096,0.7732611298561096,False,False,True,0.0,1.0,0.0,0.0,0,0.0,1025,50.048828125,True,True,0,0,0,True,True,accepted
M5,M5_30mA_40C_0,frame_0090.png,0.7554155588150024,True,,True,0.7554155588150024,0.7554155588150024,False,False,True,0.0,1.0,0.0,0.0,2,0.0009765625,1027,50.146484375,True,True,1,0,2,True,True,accepted
M5,M5_30mA_40C_0,frame_0092.png,0.7217478156089783,True,,True,0.7217478156089783,0.7217478156089783,False,False,True,0.0,1.0,0.0,0.0,11,0.00537109375,1024,50.0,True,True,1,0,11,True,True,accepted
M5,M5_30mA_40C_0,frame_0096.png,0.7797718048095703,True,,True,0.7797718048095703,0.7797718048095703,False,False,True,0.0,1.0,0.0,0.0,0,0.0,1025,50.048828125,True,True,0,0,0,True,True,accepted
M5,M5_30mA_40C_0,frame_0102.png,0.7510488033294678,True,,True,0.7510488033294678,0.7510488033294678,False,False,True,0.0,1.0,0.0,0.0,0,0.0,1025,50.048828125,True,True,0,0,0,True,True,accepted
M5,M5_30mA_40C_0,frame_0106.png,0.7203757166862488,True,,True,0.7203757166862488,0.7203757166862488,False,False,True,0.0,1.0,0.0,0.0,0,0.0,1025,50.048828125,True,True,0,0,0,True,True,accepted
M5,M5_30mA_40C_0,frame_0111.png,0.7295054793357849,True,,True,0.7295054793357849,0.7295054793357849,False,False,True,0.0,1.0,0.0,0.0,2,0.0009765625,1025,50.048828125,True,True,1,0,2,True,True,accepted
M5,M5_30mA_40C_0,frame_0112.png,0.7792267203330994,True,,True,0.7792267203330994,0.7792267203330994,False,False,True,0.0,1.0,0.0,0.0,0,0.0,1025,50.048828125,True,True,0,0,0,True,True,accepted
M5,M5_30mA_40C_0,frame_0117.png,0.7501587271690369,True,,True,0.7501587271690369,0.7501587271690369,False,False,True,0.0,1.0,0.0,0.0,18,0.0087890625,1025,50.048828125,True,True,1,0,18,True,True,accepted
M5,M5_30mA_40C_0,frame_0118.png,0.7698994278907776,True,,True,0.7698994278907776,0.7698994278907776,False,False,True,0.0,1.0,0.0,0.0,0,0.0,1025,50.048828125,True,True,0,0,0,True,True,accepted
M5,M5_30mA_40C_0,frame_0119.png,0.728324830532074,True,,True,0.728324830532074,0.728324830532074,False,False,True,0.0,1.0,0.0,0.0,3,0.00146484375,1024,50.0,True,True,1,0,3,True,True,accepted
M5,M5_30mA_40C_0,frame_0120.png,0.7686862349510193,True,,True,0.7686862349510193,0.7686862349510193,False,False,True,0.0,1.0,0.0,0.0,0,0.0,1025,50.048828125,True,True,0,0,0,True,True,accepted
M5,M5_30mA_40C_0,frame_0121.png,0.774456262588501,True,,True,0.774456262588501,0.774456262588501,False,False,True,0.0,1.0,0.0,0.0,1,0.00048828125,1026,50.09765625,True,True,1,0,1,True,True,accepted
M5,M5_30mA_40C_0,frame_0125.png,0.7568663358688354,True,,True,0.7568663358688354,0.7568663358688354,False,False,True,0.0,1.0,0.0,0.0,0,0.0,1025,50.048828125,True,True,0,0,0,True,True,accepted
M5,M5_30mA_40C_0,frame_0130.png,0.7666770815849304,True,,True,0.7666770815849304,0.7666770815849304,False,False,True,0.0,1.0,0.0,0.0,0,0.0,1025,50.048828125,True,True,0,0,0,True,True,accepted
M5,M5_30mA_40C_0,frame_0141.png,0.7730103135108948,True,,True,0.7730103135108948,0.7730103135108948,False,False,True,0.0,1.0,0.0,0.0,0,0.0,1025,50.048828125,True,True,0,0,0,True,True,accepted
M5,M5_30mA_40C_0,frame_0144.png,0.7804173231124878,True,,True,0.7804173231124878,0.7804173231124878,False,False,True,0.0,1.0,0.0,0.0,0,0.0,1025,50.048828125,True,True,0,0,0,True,True,accepted
M5,M5_30mA_40C_0,frame_0148.png,0.7619439363479614,True,,True,0.7619439363479614,0.7619439363479614,False,False,True,0.0,1.0,0.0,0.0,0,0.0,1025,50.048828125,True,True,0,0,0,True,True,accepted
M5,M5_30mA_40C_0,frame_0149.png,0.7721710801124573,True,,True,0.7721710801124573,0.7721710801124573,False,False,True,0.0,1.0,0.0,0.0,0,0.0,1025,50.048828125,True,True,0,0,0,True,True,accepted
M5,M5_30mA_40C_0,frame_0159.png,0.7719520330429077,True,,True,0.7719520330429077,0.7719520330429077,False,False,True,0.0,1.0,0.0,0.0,2,0.0009765625,1023,49.951171875,True,True,1,0,2,True,True,accepted
M5,M5_30mA_40C_0,frame_0163.png,0.7703137993812561,True,,True,0.7703137993812561,0.7703137993812561,False,False,True,0.0,1.0,0.0,0.0,0,0.0,1025,50.048828125,True,True,0,0,0,True,True,accepted
M5,M5_30mA_40C_0,frame_0167.png,0.7591452598571777,True,,True,0.7591452598571777,0.7591452598571777,False,False,True,0.0,1.0,0.0,0.0,1,0.00048828125,1026,50.09765625,True,True,1,0,1,True,True,accepted
M5,M5_30mA_40C_0,frame_0168.png,0.7637044191360474,True,,True,0.7637044191360474,0.7637044191360474,False,False,True,0.0,1.0,0.0,0.0,0,0.0,1025,50.048828125,True,True,0,0,0,True,True,accepted
M5,M5_30mA_40C_0,frame_0169.png,0.7739503979682922,True,,True,0.7739503979682922,0.7739503979682922,False,False,True,0.0,1.0,0.0,0.0,0,0.0,1025,50.048828125,True,True,0,0,0,True,True,accepted
M5,M5_30mA_40C_0,frame_0172.png,0.7424505949020386,True,,True,0.7424505949020386,0.7424505949020386,False,False,True,0.0,1.0,0.0,0.0,0,0.0,1025,50.048828125,True,True,0,0,0,True,True,accepted
M5,M5_30mA_40C_0,frame_0173.png,0.7655293345451355,True,,True,0.7655293345451355,0.7655293345451355,False,False,True,0.0,1.0,0.0,0.0,0,0.0,1025,50.048828125,True,True,0,0,0,True,True,accepted
M5,M5_30mA_40C_0,frame_0174.png,0.7557920813560486,True,,True,0.7557920813560486,0.7557920813560486,False,False,True,0.0,1.0,0.0,0.0,0,0.0,1025,50.048828125,True,True,0,0,0,True,True,accepted
M5,M5_30mA_40C_0,frame_0178.png,0.7727910280227661,True,,True,0.7727910280227661,0.7727910280227661,False,False,True,0.0,1.0,0.0,0.0,1,0.00048828125,1024,50.0,True,True,1,0,1,True,True,accepted
M5,M5_30mA_40C_0,frame_0180.png,0.7578433752059937,True,,True,0.7578433752059937,0.7578433752059937,False,False,True,0.0,1.0,0.0,0.0,0,0.0,1025,50.048828125,True,True,0,0,0,True,True,accepted
M5,M5_30mA_40C_0,frame_0187.png,0.7671383023262024,True,,True,0.7671383023262024,0.7671383023262024,False,False,True,0.0,1.0,0.0,0.0,2,0.0009765625,1025,50.048828125,True,True,1,0,2,True,True,accepted
M5,M5_30mA_40C_0,frame_0196.png,0.7532976865768433,True,,True,0.7532976865768433,0.7532976865768433,False,False,True,0.0,1.0,0.0,0.0,0,0.0,1025,50.048828125,True,True,0,0,0,True,True,accepted
M6,M6_10mA_20C_0,frame_0018.png,0.6754758358001709,True,,True,0.4143570363521576,0.6754758358001709,True,True,True,-12.0,0.95,0.0,0.0,13,0.00634765625,1017,49.658203125,True,True,1,0,13,True,True,accepted
M6,M6_10mA_20C_0,frame_0021.png,0.6811380982398987,True,,True,0.6811380982398987,0.6811380982398987,False,False,True,0.0,1.0,0.0,0.0,0,0.0,1014,49.51171875,True,True,0,0,0,True,True,accepted
M6,M6_10mA_20C_0,frame_0024.png,0.6676002740859985,True,,True,0.6676002740859985,0.6676002740859985,False,False,True,0.0,1.0,0.0,0.0,0,0.0,1014,49.51171875,True,True,0,0,0,True,True,accepted
M6,M6_10mA_20C_0,frame_0026.png,0.6746745705604553,True,,True,0.6746745705604553,0.6746745705604553,False,False,True,0.0,1.0,0.0,0.0,0,0.0,1014,49.51171875,True,True,0,0,0,True,True,accepted
M6,M6_10mA_20C_0,frame_0028.png,0.6868844628334045,True,,True,0.6868844628334045,0.6868844628334045,False,False,True,0.0,1.0,0.0,0.0,0,0.0,1014,49.51171875,True,True,0,0,0,True,True,accepted
M6,M6_10mA_20C_0,frame_0029.png,0.6684185266494751,True,,True,0.6684185266494751,0.6684185266494751,False,False,True,0.0,1.0,0.0,0.0,0,0.0,1014,49.51171875,True,True,0,0,0,True,True,accepted
M6,M6_10mA_20C_0,frame_0033.png,0.6637363433837891,True,,True,0.6637363433837891,0.6637363433837891,False,False,True,0.0,1.0,0.0,0.0,0,0.0,1014,49.51171875,True,True,0,0,0,True,True,accepted
M6,M6_10mA_20C_0,frame_0034.png,0.6430586576461792,True,,True,0.6430586576461792,0.6430586576461792,False,True,True,0.0,1.0,0.0,0.0,10,0.0048828125,1016,49.609375,True,True,1,0,10,True,True,accepted
M6,M6_10mA_20C_0,frame_0042.png,0.6497852206230164,True,,True,0.6497852206230164,0.6497852206230164,False,True,True,0.0,1.0,0.0,0.0,4,0.001953125,1014,49.51171875,True,True,1,0,4,True,True,accepted
M6,M6_10mA_20C_0,frame_0043.png,0.6755281090736389,True,,True,0.6755281090736389,0.6755281090736389,False,False,True,0.0,1.0,0.0,0.0,0,0.0,1014,49.51171875,True,True,0,0,0,True,True,accepted
M6,M6_10mA_20C_0,frame_0045.png,0.6468293070793152,True,,True,0.6468293070793152,0.6468293070793152,False,True,True,0.0,1.0,0.0,0.0,11,0.00537109375,1017,49.658203125,True,True,1,0,11,True,True,accepted
M6,M6_10mA_20C_0,frame_0052.png,0.6746590733528137,True,,True,0.6746590733528137,0.6746590733528137,False,False,True,0.0,1.0,0.0,0.0,0,0.0,1014,49.51171875,True,True,0,0,0,True,True,accepted
M6,M6_10mA_20C_0,frame_0054.png,0.6758707165718079,True,,True,0.6758707165718079,0.6758707165718079,False,False,True,0.0,1.0,0.0,0.0,0,0.0,1014,49.51171875,True,True,0,0,0,True,True,accepted
M6,M6_10mA_20C_0,frame_0058.png,0.5978754162788391,True,,True,0.5978754162788391,0.5978754162788391,False,True,True,0.0,1.0,0.0,0.0,0,0.0,1014,49.51171875,True,True,0,0,0,True,True,accepted
M6,M6_10mA_20C_0,frame_0060.png,0.647712767124176,True,,True,0.49449455738067627,0.647712767124176,True,True,True,-6.0,0.95,0.0,0.0,17,0.00830078125,1015,49.560546875,True,True,1,0,17,True,True,accepted
M6,M6_10mA_20C_0,frame_0061.png,0.6722084879875183,True,,True,0.6722084879875183,0.6722084879875183,False,False,True,0.0,1.0,0.0,0.0,0,0.0,1014,49.51171875,True,True,0,0,0,True,True,accepted
M6,M6_10mA_20C_0,frame_0062.png,0.6614912152290344,True,,True,0.6614912152290344,0.6614912152290344,False,False,True,0.0,1.0,0.0,0.0,1,0.00048828125,1013,49.462890625,True,True,1,0,1,True,True,accepted
M6,M6_10mA_20C_0,frame_0063.png,0.6849586367607117,True,,True,0.6849586367607117,0.6849586367607117,False,False,True,0.0,1.0,0.0,0.0,0,0.0,1014,49.51171875,True,True,0,0,0,True,True,accepted
M6,M6_10mA_20C_0,frame_0068.png,0.6735211610794067,True,,True,0.6735211610794067,0.6735211610794067,False,False,True,0.0,1.0,0.0,0.0,0,0.0,1014,49.51171875,True,True,0,0,0,True,True,accepted
M6,M6_10mA_20C_0,frame_0071.png,0.6633440852165222,True,,True,0.6633440852165222,0.6633440852165222,False,False,True,0.0,1.0,0.0,0.0,0,0.0,1014,49.51171875,True,True,0,0,0,True,True,accepted
M6,M6_10mA_20C_0,frame_0073.png,0.6687458753585815,True,,True,0.6687458753585815,0.6687458753585815,False,False,True,0.0,1.0,0.0,0.0,0,0.0,1014,49.51171875,True,True,0,0,0,True,True,accepted
M6,M6_10mA_20C_0,frame_0076.png,0.6491706371307373,True,,True,0.6491706371307373,0.6491706371307373,False,True,True,0.0,1.0,0.0,0.0,0,0.0,1014,49.51171875,True,True,0,0,0,True,True,accepted
M6,M6_10mA_20C_0,frame_0084.png,0.6130489110946655,True,,True,0.6130489110946655,0.6130489110946655,False,True,True,0.0,1.0,0.0,0.0,2,0.0009765625,1014,49.51171875,True,True,1,0,2,True,True,accepted
M6,M6_10mA_20C_0,frame_0089.png,0.6641458868980408,True,,True,0.6641458868980408,0.6641458868980408,False,False,True,0.0,1.0,0.0,0.0,0,0.0,1014,49.51171875,True,True,0,0,0,True,True,accepted
M6,M6_10mA_20C_0,frame_0092.png,0.6605452299118042,True,,True,0.6605452299118042,0.6605452299118042,False,False,True,0.0,1.0,0.0,0.0,2,0.0009765625,1014,49.51171875,True,True,1,0,2,True,True,accepted
M6,M6_10mA_20C_0,frame_0100.png,0.6497625708580017,True,,True,0.6497625708580017,0.6497625708580017,False,True,True,0.0,1.0,0.0,0.0,0,0.0,1014,49.51171875,True,True,0,0,0,True,True,accepted
M6,M6_10mA_20C_0,frame_0107.png,0.675310492515564,True,,True,0.675310492515564,0.675310492515564,False,False,True,0.0,1.0,0.0,0.0,0,0.0,1014,49.51171875,True,True,0,0,0,True,True,accepted
M6,M6_10mA_20C_0,frame_0108.png,0.6371315121650696,True,,True,0.6371315121650696,0.6371315121650696,False,True,True,0.0,1.0,0.0,0.0,0,0.0,1014,49.51171875,True,True,0,0,0,True,True,accepted
M6,M6_10mA_20C_0,frame_0119.png,0.6754214763641357,True,,True,0.6754214763641357,0.6754214763641357,False,False,True,0.0,1.0,0.0,0.0,0,0.0,1014,49.51171875,True,True,0,0,0,True,True,accepted
M6,M6_10mA_20C_0,frame_0124.png,0.6516039371490479,True,,True,0.6516039371490479,0.6516039371490479,False,True,True,0.0,1.0,0.0,0.0,7,0.00341796875,1017,49.658203125,True,True,1,0,7,True,True,accepted
M6,M6_10mA_20C_0,frame_0127.png,0.6827896237373352,True,,True,0.6827896237373352,0.6827896237373352,False,False,True,0.0,1.0,0.0,0.0,0,0.0,1014,49.51171875,True,True,0,0,0,True,True,accepted
M6,M6_10mA_20C_0,frame_0130.png,0.6082862615585327,True,,True,0.6082862615585327,0.6082862615585327,False,True,True,0.0,1.0,0.0,0.0,17,0.00830078125,1017,49.658203125,True,True,2,0,17,True,True,accepted
M6,M6_10mA_20C_0,frame_0132.png,0.6719252467155457,True,,True,0.6719252467155457,0.6719252467155457,False,False,True,0.0,1.0,0.0,0.0,0,0.0,1014,49.51171875,True,True,0,0,0,True,True,accepted
M6,M6_10mA_20C_0,frame_0133.png,0.6767814755439758,True,,True,0.6767814755439758,0.6767814755439758,False,False,True,0.0,1.0,0.0,0.0,0,0.0,1014,49.51171875,True,True,0,0,0,True,True,accepted
M6,M6_10mA_20C_0,frame_0140.png,0.681050717830658,True,,True,0.681050717830658,0.681050717830658,False,False,True,0.0,1.0,0.0,0.0,0,0.0,1014,49.51171875,True,True,0,0,0,True,True,accepted
M6,M6_10mA_20C_0,frame_0146.png,0.678430438041687,True,,True,0.678430438041687,0.678430438041687,False,False,True,0.0,1.0,0.0,0.0,0,0.0,1014,49.51171875,True,True,0,0,0,True,True,accepted
M6,M6_10mA_20C_0,frame_0153.png,0.6825483441352844,True,,True,0.6825483441352844,0.6825483441352844,False,False,True,0.0,1.0,0.0,0.0,0,0.0,1014,49.51171875,True,True,0,0,0,True,True,accepted
M6,M6_10mA_20C_0,frame_0166.png,0.673987627029419,True,,True,0.673987627029419,0.673987627029419,False,False,True,0.0,1.0,0.0,0.0,0,0.0,1014,49.51171875,True,True,0,0,0,True,True,accepted
M6,M6_10mA_20C_0,frame_0169.png,0.65482497215271,True,,True,0.65482497215271,0.65482497215271,False,True,True,0.0,1.0,0.0,0.0,1,0.00048828125,1015,49.560546875,True,True,1,0,1,True,True,accepted
M6,M6_10mA_20C_0,frame_0171.png,0.6293814182281494,True,,True,0.6293814182281494,0.6293814182281494,False,True,True,0.0,1.0,0.0,0.0,0,0.0,1014,49.51171875,True,True,0,0,0,True,True,accepted
M6,M6_10mA_20C_0,frame_0172.png,0.6037316918373108,True,,True,0.4911710023880005,0.6037316918373108,True,True,True,-9.0,0.95,0.0,0.0,3,0.00146484375,1015,49.560546875,True,True,1,0,3,True,True,accepted
M6,M6_10mA_20C_0,frame_0175.png,0.665451169013977,True,,True,0.665451169013977,0.665451169013977,False,False,True,0.0,1.0,0.0,0.0,2,0.0009765625,1014,49.51171875,True,True,1,0,2,True,True,accepted
M6,M6_10mA_20C_0,frame_0187.png,0.6864292025566101,True,,True,0.6349233984947205,0.6864292025566101,True,True,True,-3.0,0.95,0.0,0.0,2,0.0009765625,1014,49.51171875,True,True,1,0,2,True,True,accepted
M6,M6_10mA_20C_0,frame_0189.png,0.6512297987937927,True,,True,0.6512297987937927,0.6512297987937927,False,True,True,0.0,1.0,0.0,0.0,3,0.00146484375,1013,49.462890625,True,True,1,0,3,True,True,accepted
M6,M6_10mA_20C_0,frame_0196.png,0.679108738899231,True,,True,0.679108738899231,0.679108738899231,False,False,True,0.0,1.0,0.0,0.0,0,0.0,1014,49.51171875,True,True,0,0,0,True,True,accepted
M6,M6_10mA_30C_0,frame_0015.png,0.6626591086387634,True,,True,0.6626591086387634,0.6626591086387634,False,False,True,0.0,1.0,0.0,0.0,1,0.00048828125,1013,49.462890625,True,True,1,0,1,True,True,accepted
M6,M6_10mA_30C_0,frame_0017.png,0.6304077506065369,True,,True,0.6304077506065369,0.6304077506065369,False,True,True,0.0,1.0,0.0,0.0,0,0.0,1014,49.51171875,True,True,0,0,0,True,True,accepted
M6,M6_10mA_30C_0,frame_0018.png,0.6372977495193481,True,,True,0.6372977495193481,0.6372977495193481,False,True,True,0.0,1.0,0.0,0.0,4,0.001953125,1014,49.51171875,True,True,1,0,4,True,True,accepted
M6,M6_10mA_30C_0,frame_0022.png,0.6112496852874756,True,,True,0.6112496852874756,0.6112496852874756,False,True,True,0.0,1.0,0.0,0.0,0,0.0,1014,49.51171875,True,True,0,0,0,True,True,accepted
M6,M6_10mA_30C_0,frame_0030.png,0.6441941261291504,True,,True,0.6441941261291504,0.6441941261291504,False,True,True,0.0,1.0,0.0,0.0,1,0.00048828125,1013,49.462890625,True,True,1,0,1,True,True,accepted
M6,M6_10mA_30C_0,frame_0031.png,0.6029910445213318,True,,True,0.6029910445213318,0.6029910445213318,False,True,True,0.0,1.0,0.0,0.0,4,0.001953125,1012,49.4140625,True,True,1,0,4,True,True,accepted
M6,M6_10mA_30C_0,frame_0034.png,0.6495415568351746,True,,True,0.6495415568351746,0.6495415568351746,False,True,True,0.0,1.0,0.0,0.0,0,0.0,1014,49.51171875,True,True,0,0,0,True,True,accepted
M6,M6_10mA_30C_0,frame_0035.png,0.636177659034729,True,,True,0.636177659034729,0.636177659034729,False,True,True,0.0,1.0,0.0,0.0,17,0.00830078125,1017,49.658203125,True,True,2,0,17,True,True,accepted
M6,M6_10mA_30C_0,frame_0037.png,0.6533292531967163,True,,True,0.6533292531967163,0.6533292531967163,False,True,True,0.0,1.0,0.0,0.0,0,0.0,1014,49.51171875,True,True,0,0,0,True,True,accepted
M6,M6_10mA_30C_0,frame_0038.png,0.683124840259552,True,,True,0.683124840259552,0.683124840259552,False,False,True,0.0,1.0,0.0,0.0,0,0.0,1014,49.51171875,True,True,0,0,0,True,True,accepted
M6,M6_10mA_30C_0,frame_0040.png,0.6808003783226013,True,,True,0.6808003783226013,0.6808003783226013,False,False,True,0.0,1.0,0.0,0.0,0,0.0,1014,49.51171875,True,True,0,0,0,True,True,accepted
M6,M6_10mA_30C_0,frame_0043.png,0.6779224276542664,True,,True,0.6779224276542664,0.6779224276542664,False,False,True,0.0,1.0,0.0,0.0,0,0.0,1014,49.51171875,True,True,0,0,0,True,True,accepted
M6,M6_10mA_30C_0,frame_0047.png,0.653709888458252,True,,True,0.653709888458252,0.653709888458252,False,True,True,0.0,1.0,0.0,0.0,0,0.0,1014,49.51171875,True,True,0,0,0,True,True,accepted
M6,M6_10mA_30C_0,frame_0051.png,0.6606626510620117,True,,True,0.6606626510620117,0.6606626510620117,False,False,True,0.0,1.0,0.0,0.0,0,0.0,1014,49.51171875,True,True,0,0,0,True,True,accepted
M6,M6_10mA_30C_0,frame_0057.png,0.666094183921814,True,,True,0.666094183921814,0.666094183921814,False,False,True,0.0,1.0,0.0,0.0,0,0.0,1014,49.51171875,True,True,0,0,0,True,True,accepted
M6,M6_10mA_30C_0,frame_0063.png,0.6555211544036865,True,,True,0.6555211544036865,0.6555211544036865,False,True,True,0.0,1.0,0.0,0.0,0,0.0,1014,49.51171875,True,True,0,0,0,True,True,accepted
M6,M6_10mA_30C_0,frame_0067.png,0.6129670739173889,True,,True,0.6129670739173889,0.6129670739173889,False,True,True,0.0,1.0,0.0,0.0,6,0.0029296875,1012,49.4140625,True,True,1,0,6,True,True,accepted
M6,M6_10mA_30C_0,frame_0069.png,0.6615070104598999,True,,True,0.6615070104598999,0.6615070104598999,False,False,True,0.0,1.0,0.0,0.0,0,0.0,1014,49.51171875,True,True,0,0,0,True,True,accepted
M6,M6_10mA_30C_0,frame_0073.png,0.6668738722801208,True,,True,0.6668738722801208,0.6668738722801208,False,False,True,0.0,1.0,0.0,0.0,0,0.0,1014,49.51171875,True,True,0,0,0,True,True,accepted
M6,M6_10mA_30C_0,frame_0076.png,0.643690288066864,True,,True,0.643690288066864,0.643690288066864,False,True,True,0.0,1.0,0.0,0.0,0,0.0,1014,49.51171875,True,True,0,0,0,True,True,accepted
M6,M6_10mA_30C_0,frame_0078.png,0.6526290774345398,True,,True,0.6526290774345398,0.6526290774345398,False,True,True,0.0,1.0,0.0,0.0,0,0.0,1014,49.51171875,True,True,0,0,0,True,True,accepted
M6,M6_10mA_30C_0,frame_0084.png,0.6194060444831848,True,,True,0.6194060444831848,0.6194060444831848,False,True,True,0.0,1.0,0.0,0.0,0,0.0,1014,49.51171875,True,True,0,0,0,True,True,accepted
M6,M6_10mA_30C_0,frame_0090.png,0.6483584046363831,True,,True,0.6483584046363831,0.6483584046363831,False,True,True,0.0,1.0,0.0,0.0,3,0.00146484375,1013,49.462890625,True,True,1,0,3,True,True,accepted
M6,M6_10mA_30C_0,frame_0094.png,0.6700291633605957,True,,True,0.6700291633605957,0.6700291633605957,False,False,True,0.0,1.0,0.0,0.0,0,0.0,1014,49.51171875,True,True,0,0,0,True,True,accepted
M6,M6_10mA_30C_0,frame_0095.png,0.6475165486335754,True,,True,0.6475165486335754,0.6475165486335754,False,True,True,0.0,1.0,0.0,0.0,0,0.0,1014,49.51171875,True,True,0,0,0,True,True,accepted
M6,M6_10mA_30C_0,frame_0096.png,0.6711208820343018,True,,True,0.6711208820343018,0.6711208820343018,False,False,True,0.0,1.0,0.0,0.0,2,0.0009765625,1014,49.51171875,True,True,1,0,2,True,True,accepted
M6,M6_10mA_30C_0,frame_0098.png,0.6711266040802002,True,,True,0.6711266040802002,0.6711266040802002,False,False,True,0.0,1.0,0.0,0.0,0,0.0,1014,49.51171875,True,True,0,0,0,True,True,accepted
M6,M6_10mA_30C_0,frame_0112.png,0.6111035943031311,True,,True,0.6111035943031311,0.6111035943031311,False,True,True,0.0,1.0,0.0,0.0,0,0.0,1014,49.51171875,True,True,0,0,0,True,True,accepted
M6,M6_10mA_30C_0,frame_0122.png,0.6424027681350708,True,,True,0.6424027681350708,0.6424027681350708,False,True,True,0.0,1.0,0.0,0.0,3,0.00146484375,1015,49.560546875,True,True,1,0,3,True,True,accepted
M6,M6_10mA_30C_0,frame_0124.png,0.5696218013763428,True,,True,0.5696218013763428,0.5696218013763428,False,True,True,0.0,1.0,0.0,0.0,60,0.029296875,1014,49.51171875,True,True,2,0,60,True,True,accepted
M6,M6_10mA_30C_0,frame_0128.png,0.6545488238334656,True,,True,0.6545488238334656,0.6545488238334656,False,True,True,0.0,1.0,0.0,0.0,0,0.0,1014,49.51171875,True,True,0,0,0,True,True,accepted
M6,M6_10mA_30C_0,frame_0132.png,0.622672975063324,True,,True,0.622672975063324,0.622672975063324,False,True,True,0.0,1.0,0.0,0.0,0,0.0,1014,49.51171875,True,True,0,0,0,True,True,accepted
M6,M6_10mA_30C_0,frame_0133.png,0.6454563140869141,True,,True,0.6454563140869141,0.6454563140869141,False,True,True,0.0,1.0,0.0,0.0,4,0.001953125,1014,49.51171875,True,True,1,0,4,True,True,accepted
M6,M6_10mA_30C_0,frame_0141.png,0.6740149855613708,True,,True,0.6740149855613708,0.6740149855613708,False,False,True,0.0,1.0,0.0,0.0,0,0.0,1014,49.51171875,True,True,0,0,0,True,True,accepted
M6,M6_10mA_30C_0,frame_0144.png,0.62298983335495,True,,True,0.62298983335495,0.62298983335495,False,True,True,0.0,1.0,0.0,0.0,2,0.0009765625,1014,49.51171875,True,True,1,0,2,True,True,accepted
M6,M6_10mA_30C_0,frame_0145.png,0.6762855052947998,True,,True,0.6762855052947998,0.6762855052947998,False,False,True,0.0,1.0,0.0,0.0,0,0.0,1014,49.51171875,True,True,0,0,0,True,True,accepted
M6,M6_10mA_30C_0,frame_0146.png,0.6742472648620605,True,,True,0.6742472648620605,0.6742472648620605,False,False,True,0.0,1.0,0.0,0.0,0,0.0,1014,49.51171875,True,True,0,0,0,True,True,accepted
M6,M6_10mA_30C_0,frame_0156.png,0.6519734263420105,True,,True,0.6519734263420105,0.6519734263420105,False,True,True,0.0,1.0,0.0,0.0,1,0.00048828125,1015,49.560546875,True,True,1,0,1,True,True,accepted
M6,M6_10mA_30C_0,frame_0167.png,0.6784064173698425,True,,True,0.6784064173698425,0.6784064173698425,False,False,True,0.0,1.0,0.0,0.0,0,0.0,1014,49.51171875,True,True,0,0,0,True,True,accepted
M6,M6_10mA_30C_0,frame_0171.png,0.6507839560508728,True,,True,0.6507839560508728,0.6507839560508728,False,True,True,0.0,1.0,0.0,0.0,4,0.001953125,1014,49.51171875,True,True,1,0,4,True,True,accepted
M6,M6_10mA_30C_0,frame_0176.png,0.5959320664405823,True,,True,0.5959320664405823,0.5959320664405823,False,True,True,0.0,1.0,0.0,0.0,3,0.00146484375,1013,49.462890625,True,True,1,0,3,True,True,accepted
M6,M6_10mA_30C_0,frame_0177.png,0.6691930294036865,True,,True,0.6691930294036865,0.6691930294036865,False,False,True,0.0,1.0,0.0,0.0,0,0.0,1014,49.51171875,True,True,0,0,0,True,True,accepted
M6,M6_10mA_30C_0,frame_0186.png,0.6411965489387512,True,,True,0.6411965489387512,0.6411965489387512,False,True,True,0.0,1.0,0.0,0.0,1,0.00048828125,1015,49.560546875,True,True,1,0,1,True,True,accepted
M6,M6_10mA_30C_0,frame_0197.png,0.5968772768974304,True,,True,0.5968772768974304,0.5968772768974304,False,True,True,0.0,1.0,0.0,0.0,7,0.00341796875,1013,49.462890625,True,True,1,0,7,True,True,accepted
M6,M6_10mA_30C_0,frame_0198.png,0.667774498462677,True,,True,0.667774498462677,0.667774498462677,False,False,True,0.0,1.0,0.0,0.0,0,0.0,1014,49.51171875,True,True,0,0,0,True,True,accepted
M6,M6_10mA_40C_0,frame_0041.png,0.7362307906150818,True,,True,0.7362307906150818,0.7362307906150818,False,False,True,0.0,1.0,0.0,0.0,0,0.0,1014,49.51171875,True,True,0,0,0,True,True,accepted
M6,M6_10mA_40C_0,frame_0042.png,0.7297400832176208,True,,True,0.7297400832176208,0.7297400832176208,False,False,True,0.0,1.0,0.0,0.0,0,0.0,1014,49.51171875,True,True,0,0,0,True,True,accepted
M6,M6_10mA_40C_0,frame_0043.png,0.716769278049469,True,,True,0.716769278049469,0.716769278049469,False,False,True,0.0,1.0,0.0,0.0,1,0.00048828125,1015,49.560546875,True,True,1,0,1,True,True,accepted
M6,M6_10mA_40C_0,frame_0047.png,0.7337407469749451,True,,True,0.7337407469749451,0.7337407469749451,False,False,True,0.0,1.0,0.0,0.0,0,0.0,1014,49.51171875,True,True,0,0,0,True,True,accepted
M6,M6_10mA_40C_0,frame_0052.png,0.7384805083274841,True,,True,0.7384805083274841,0.7384805083274841,False,False,True,0.0,1.0,0.0,0.0,0,0.0,1014,49.51171875,True,True,0,0,0,True,True,accepted
M6,M6_10mA_40C_0,frame_0056.png,0.730767548084259,True,,True,0.730767548084259,0.730767548084259,False,False,True,0.0,1.0,0.0,0.0,0,0.0,1014,49.51171875,True,True,0,0,0,True,True,accepted
M6,M6_10mA_40C_0,frame_0060.png,0.7433192729949951,True,,True,0.7433192729949951,0.7433192729949951,False,False,True,0.0,1.0,0.0,0.0,0,0.0,1014,49.51171875,True,True,0,0,0,True,True,accepted
M6,M6_10mA_40C_0,frame_0069.png,0.7449158430099487,True,,True,0.7449158430099487,0.7449158430099487,False,False,True,0.0,1.0,0.0,0.0,0,0.0,1014,49.51171875,True,True,0,0,0,True,True,accepted
M6,M6_10mA_40C_0,frame_0071.png,0.7026481032371521,True,,True,0.7026481032371521,0.7026481032371521,False,False,True,0.0,1.0,0.0,0.0,0,0.0,1014,49.51171875,True,True,0,0,0,True,True,accepted
M6,M6_10mA_40C_0,frame_0072.png,0.7212575078010559,True,,True,0.7212575078010559,0.7212575078010559,False,False,True,0.0,1.0,0.0,0.0,1,0.00048828125,1015,49.560546875,True,True,1,0,1,True,True,accepted
M6,M6_10mA_40C_0,frame_0076.png,0.7151683568954468,True,,True,0.7151683568954468,0.7151683568954468,False,False,True,0.0,1.0,0.0,0.0,4,0.001953125,1014,49.51171875,True,True,1,0,4,True,True,accepted
M6,M6_10mA_40C_0,frame_0078.png,0.6890304684638977,True,,True,0.6890304684638977,0.6890304684638977,False,False,True,0.0,1.0,0.0,0.0,1,0.00048828125,1015,49.560546875,True,True,1,0,1,True,True,accepted
M6,M6_10mA_40C_0,frame_0079.png,0.7148294448852539,True,,True,0.7148294448852539,0.7148294448852539,False,False,True,0.0,1.0,0.0,0.0,1,0.00048828125,1015,49.560546875,True,True,1,0,1,True,True,accepted
M6,M6_10mA_40C_0,frame_0082.png,0.6978331208229065,True,,True,0.6978331208229065,0.6978331208229065,False,False,True,0.0,1.0,0.0,0.0,0,0.0,1014,49.51171875,True,True,0,0,0,True,True,accepted
M6,M6_10mA_40C_0,frame_0083.png,0.7235032916069031,True,,True,0.7235032916069031,0.7235032916069031,False,False,True,0.0,1.0,0.0,0.0,0,0.0,1014,49.51171875,True,True,0,0,0,True,True,accepted
M6,M6_10mA_40C_0,frame_0086.png,0.7123692631721497,True,,True,0.7123692631721497,0.7123692631721497,False,False,True,0.0,1.0,0.0,0.0,4,0.001953125,1012,49.4140625,True,True,1,0,4,True,True,accepted
M6,M6_10mA_40C_0,frame_0089.png,0.7374030351638794,True,,True,0.7374030351638794,0.7374030351638794,False,False,True,0.0,1.0,0.0,0.0,0,0.0,1014,49.51171875,True,True,0,0,0,True,True,accepted
M6,M6_10mA_40C_0,frame_0099.png,0.7137190699577332,True,,True,0.7137190699577332,0.7137190699577332,False,False,True,0.0,1.0,0.0,0.0,0,0.0,1014,49.51171875,True,True,0,0,0,True,True,accepted
M6,M6_10mA_40C_0,frame_0102.png,0.6708219647407532,True,,True,0.5581610202789307,0.6708219647407532,True,True,True,-9.0,0.95,0.0,0.0,0,0.0,1014,49.51171875,True,True,0,0,0,True,True,accepted
M6,M6_10mA_40C_0,frame_0108.png,0.6805568933486938,True,,True,0.6805568933486938,0.6805568933486938,False,False,True,0.0,1.0,0.0,0.0,5,0.00244140625,1013,49.462890625,True,True,1,0,5,True,True,accepted
M6,M6_10mA_40C_0,frame_0109.png,0.7199219465255737,True,,True,0.7199219465255737,0.7199219465255737,False,False,True,0.0,1.0,0.0,0.0,0,0.0,1014,49.51171875,True,True,0,0,0,True,True,accepted
M6,M6_10mA_40C_0,frame_0115.png,0.726491391658783,True,,True,0.726491391658783,0.726491391658783,False,False,True,0.0,1.0,0.0,0.0,0,0.0,1014,49.51171875,True,True,0,0,0,True,True,accepted
M6,M6_10mA_40C_0,frame_0117.png,0.6648769974708557,True,,True,0.6648769974708557,0.6648769974708557,False,False,True,0.0,1.0,0.0,0.0,10,0.0048828125,1020,49.8046875,True,True,1,0,10,True,True,accepted
M6,M6_10mA_40C_0,frame_0120.png,0.707086980342865,True,,True,0.707086980342865,0.707086980342865,False,False,True,0.0,1.0,0.0,0.0,0,0.0,1014,49.51171875,True,True,0,0,0,True,True,accepted
M6,M6_10mA_40C_0,frame_0126.png,0.7228670120239258,True,,True,0.7228670120239258,0.7228670120239258,False,False,True,0.0,1.0,0.0,0.0,5,0.00244140625,1015,49.560546875,True,True,1,0,5,True,True,accepted
M6,M6_10mA_40C_0,frame_0130.png,0.7312621474266052,True,,True,0.7312621474266052,0.7312621474266052,False,False,True,0.0,1.0,0.0,0.0,3,0.00146484375,1017,49.658203125,True,True,1,0,3,True,True,accepted
M6,M6_10mA_40C_0,frame_0131.png,0.7246431112289429,True,,True,0.7246431112289429,0.7246431112289429,False,False,True,0.0,1.0,0.0,0.0,3,0.00146484375,1013,49.462890625,True,True,1,0,3,True,True,accepted
M6,M6_10mA_40C_0,frame_0134.png,0.727956235408783,True,,True,0.727956235408783,0.727956235408783,False,False,True,0.0,1.0,0.0,0.0,0,0.0,1014,49.51171875,True,True,0,0,0,True,True,accepted
M6,M6_10mA_40C_0,frame_0137.png,0.7114095091819763,True,,True,0.7114095091819763,0.7114095091819763,False,False,True,0.0,1.0,0.0,0.0,0,0.0,1014,49.51171875,True,True,0,0,0,True,True,accepted
M6,M6_10mA_40C_0,frame_0138.png,0.7368443608283997,True,,True,0.7368443608283997,0.7368443608283997,False,False,True,0.0,1.0,0.0,0.0,0,0.0,1014,49.51171875,True,True,0,0,0,True,True,accepted
M6,M6_10mA_40C_0,frame_0140.png,0.6902499794960022,True,,True,0.6902499794960022,0.6902499794960022,False,False,True,0.0,1.0,0.0,0.0,1,0.00048828125,1015,49.560546875,True,True,1,0,1,True,True,accepted
M6,M6_10mA_40C_0,frame_0145.png,0.7092642784118652,True,,True,0.6573457717895508,0.7092642784118652,True,True,True,-3.0,0.95,0.0,0.0,4,0.001953125,1014,49.51171875,True,True,1,0,4,True,True,accepted
M6,M6_10mA_40C_0,frame_0151.png,0.6859306693077087,True,,True,0.6859306693077087,0.6859306693077087,False,False,True,0.0,1.0,0.0,0.0,2,0.0009765625,1014,49.51171875,True,True,1,0,2,True,True,accepted
M6,M6_10mA_40C_0,frame_0157.png,0.7405877113342285,True,,True,0.7405877113342285,0.7405877113342285,False,False,True,0.0,1.0,0.0,0.0,0,0.0,1014,49.51171875,True,True,0,0,0,True,True,accepted
M6,M6_10mA_40C_0,frame_0162.png,0.7294291853904724,True,,True,0.7294291853904724,0.7294291853904724,False,False,True,0.0,1.0,0.0,0.0,0,0.0,1014,49.51171875,True,True,0,0,0,True,True,accepted
M6,M6_10mA_40C_0,frame_0166.png,0.7285096049308777,True,,True,0.7285096049308777,0.7285096049308777,False,False,True,0.0,1.0,0.0,0.0,0,0.0,1014,49.51171875,True,True,0,0,0,True,True,accepted
M6,M6_10mA_40C_0,frame_0167.png,0.7188851833343506,True,,True,0.7188851833343506,0.7188851833343506,False,False,True,0.0,1.0,0.0,0.0,0,0.0,1014,49.51171875,True,True,0,0,0,True,True,accepted
M6,M6_10mA_40C_0,frame_0168.png,0.7349299788475037,True,,True,0.7349299788475037,0.7349299788475037,False,False,True,0.0,1.0,0.0,0.0,0,0.0,1014,49.51171875,True,True,0,0,0,True,True,accepted
M6,M6_10mA_40C_0,frame_0177.png,0.7268637418746948,True,,True,0.7268637418746948,0.7268637418746948,False,False,True,0.0,1.0,0.0,0.0,4,0.001953125,1014,49.51171875,True,True,1,0,4,True,True,accepted
M6,M6_10mA_40C_0,frame_0182.png,0.7344837784767151,True,,True,0.7344837784767151,0.7344837784767151,False,False,True,0.0,1.0,0.0,0.0,0,0.0,1014,49.51171875,True,True,0,0,0,True,True,accepted
M6,M6_10mA_40C_0,frame_0185.png,0.7221538424491882,True,,True,0.7221538424491882,0.7221538424491882,False,False,True,0.0,1.0,0.0,0.0,0,0.0,1014,49.51171875,True,True,0,0,0,True,True,accepted
M6,M6_10mA_40C_0,frame_0187.png,0.738454282283783,True,,True,0.738454282283783,0.738454282283783,False,False,True,0.0,1.0,0.0,0.0,0,0.0,1014,49.51171875,True,True,0,0,0,True,True,accepted
M6,M6_10mA_40C_0,frame_0189.png,0.687751829624176,True,,True,0.687751829624176,0.687751829624176,False,False,True,0.0,1.0,0.0,0.0,0,0.0,1014,49.51171875,True,True,0,0,0,True,True,accepted
M6,M6_10mA_40C_0,frame_0190.png,0.7270881533622742,True,,True,0.7270881533622742,0.7270881533622742,False,False,True,0.0,1.0,0.0,0.0,0,0.0,1014,49.51171875,True,True,0,0,0,True,True,accepted
M6,M6_10mA_40C_0,frame_0191.png,0.7440392374992371,True,,True,0.7440392374992371,0.7440392374992371,False,False,True,0.0,1.0,0.0,0.0,0,0.0,1014,49.51171875,True,True,0,0,0,True,True,accepted
M6,M6_20mA_20C_0,frame_0024.png,0.7036935091018677,True,,True,0.7036935091018677,0.7036935091018677,False,False,True,0.0,1.0,0.0,0.0,0,0.0,1014,49.51171875,True,True,0,0,0,True,True,accepted
M6,M6_20mA_20C_0,frame_0029.png,0.6816924810409546,True,,True,0.6816924810409546,0.6816924810409546,False,False,True,0.0,1.0,0.0,0.0,0,0.0,1014,49.51171875,True,True,0,0,0,True,True,accepted
M6,M6_20mA_20C_0,frame_0041.png,0.6835359930992126,True,,True,0.6835359930992126,0.6835359930992126,False,False,True,0.0,1.0,0.0,0.0,0,0.0,1014,49.51171875,True,True,0,0,0,True,True,accepted
M6,M6_20mA_20C_0,frame_0042.png,0.6992757320404053,True,,True,0.6992757320404053,0.6992757320404053,False,False,True,0.0,1.0,0.0,0.0,0,0.0,1014,49.51171875,True,True,0,0,0,True,True,accepted
M6,M6_20mA_20C_0,frame_0043.png,0.6865150332450867,True,,True,0.6865150332450867,0.6865150332450867,False,False,True,0.0,1.0,0.0,0.0,0,0.0,1014,49.51171875,True,True,0,0,0,True,True,accepted
M6,M6_20mA_20C_0,frame_0047.png,0.6955329775810242,True,,True,0.6955329775810242,0.6955329775810242,False,False,True,0.0,1.0,0.0,0.0,0,0.0,1014,49.51171875,True,True,0,0,0,True,True,accepted
M6,M6_20mA_20C_0,frame_0050.png,0.6697027087211609,True,,True,0.6697027087211609,0.6697027087211609,False,False,True,0.0,1.0,0.0,0.0,0,0.0,1014,49.51171875,True,True,0,0,0,True,True,accepted
M6,M6_20mA_20C_0,frame_0053.png,0.6777895092964172,True,,True,0.6777895092964172,0.6777895092964172,False,False,True,0.0,1.0,0.0,0.0,0,0.0,1014,49.51171875,True,True,0,0,0,True,True,accepted
M6,M6_20mA_20C_0,frame_0061.png,0.6920207738876343,True,,True,0.6920207738876343,0.6920207738876343,False,False,True,0.0,1.0,0.0,0.0,0,0.0,1014,49.51171875,True,True,0,0,0,True,True,accepted
M6,M6_20mA_20C_0,frame_0063.png,0.6888219118118286,True,,True,0.6888219118118286,0.6888219118118286,False,False,True,0.0,1.0,0.0,0.0,0,0.0,1014,49.51171875,True,True,0,0,0,True,True,accepted
M6,M6_20mA_20C_0,frame_0065.png,0.6399415731430054,True,,True,0.6399415731430054,0.6399415731430054,False,True,True,0.0,1.0,0.0,0.0,0,0.0,1014,49.51171875,True,True,0,0,0,True,True,accepted
M6,M6_20mA_20C_0,frame_0066.png,0.6873946785926819,True,,True,0.6873946785926819,0.6873946785926819,False,False,True,0.0,1.0,0.0,0.0,0,0.0,1014,49.51171875,True,True,0,0,0,True,True,accepted
M6,M6_20mA_20C_0,frame_0070.png,0.6902971863746643,True,,True,0.6902971863746643,0.6902971863746643,False,False,True,0.0,1.0,0.0,0.0,0,0.0,1014,49.51171875,True,True,0,0,0,True,True,accepted
M6,M6_20mA_20C_0,frame_0074.png,0.6920668482780457,True,,True,0.6920668482780457,0.6920668482780457,False,False,True,0.0,1.0,0.0,0.0,0,0.0,1014,49.51171875,True,True,0,0,0,True,True,accepted
M6,M6_20mA_20C_0,frame_0086.png,0.7055319547653198,True,,True,0.7055319547653198,0.7055319547653198,False,False,True,0.0,1.0,0.0,0.0,0,0.0,1014,49.51171875,True,True,0,0,0,True,True,accepted
M6,M6_20mA_20C_0,frame_0098.png,0.6839735507965088,True,,True,0.6839735507965088,0.6839735507965088,False,False,True,0.0,1.0,0.0,0.0,1,0.00048828125,1013,49.462890625,True,True,1,0,1,True,True,accepted
M6,M6_20mA_20C_0,frame_0099.png,0.6526649594306946,True,,True,0.6526649594306946,0.6526649594306946,False,True,True,0.0,1.0,0.0,0.0,0,0.0,1014,49.51171875,True,True,0,0,0,True,True,accepted
M6,M6_20mA_20C_0,frame_0105.png,0.6718069314956665,True,,True,0.6718069314956665,0.6718069314956665,False,False,True,0.0,1.0,0.0,0.0,0,0.0,1014,49.51171875,True,True,0,0,0,True,True,accepted
M6,M6_20mA_20C_0,frame_0107.png,0.6933825612068176,True,,True,0.6933825612068176,0.6933825612068176,False,False,True,0.0,1.0,0.0,0.0,0,0.0,1014,49.51171875,True,True,0,0,0,True,True,accepted
M6,M6_20mA_20C_0,frame_0111.png,0.691966712474823,True,,True,0.691966712474823,0.691966712474823,False,False,True,0.0,1.0,0.0,0.0,0,0.0,1014,49.51171875,True,True,0,0,0,True,True,accepted
M6,M6_20mA_20C_0,frame_0119.png,0.7029095888137817,True,,True,0.7029095888137817,0.7029095888137817,False,False,True,0.0,1.0,0.0,0.0,0,0.0,1014,49.51171875,True,True,0,0,0,True,True,accepted
M6,M6_20mA_20C_0,frame_0121.png,0.6750153303146362,True,,True,0.6750153303146362,0.6750153303146362,False,False,True,0.0,1.0,0.0,0.0,0,0.0,1014,49.51171875,True,True,0,0,0,True,True,accepted
M6,M6_20mA_20C_0,frame_0123.png,0.6881548166275024,True,,True,0.6881548166275024,0.6881548166275024,False,False,True,0.0,1.0,0.0,0.0,0,0.0,1014,49.51171875,True,True,0,0,0,True,True,accepted
M6,M6_20mA_20C_0,frame_0125.png,0.6980835795402527,True,,True,0.6980835795402527,0.6980835795402527,False,False,True,0.0,1.0,0.0,0.0,0,0.0,1014,49.51171875,True,True,0,0,0,True,True,accepted
M6,M6_20mA_20C_0,frame_0126.png,0.6844232082366943,True,,True,0.6844232082366943,0.6844232082366943,False,False,True,0.0,1.0,0.0,0.0,0,0.0,1014,49.51171875,True,True,0,0,0,True,True,accepted
M6,M6_20mA_20C_0,frame_0132.png,0.6939964294433594,True,,True,0.6939964294433594,0.6939964294433594,False,False,True,0.0,1.0,0.0,0.0,0,0.0,1014,49.51171875,True,True,0,0,0,True,True,accepted
M6,M6_20mA_20C_0,frame_0136.png,0.6614428162574768,True,,True,0.6614428162574768,0.6614428162574768,False,False,True,0.0,1.0,0.0,0.0,0,0.0,1014,49.51171875,True,True,0,0,0,True,True,accepted
M6,M6_20mA_20C_0,frame_0137.png,0.6941296458244324,True,,True,0.6941296458244324,0.6941296458244324,False,False,True,0.0,1.0,0.0,0.0,0,0.0,1014,49.51171875,True,True,0,0,0,True,True,accepted
M6,M6_20mA_20C_0,frame_0139.png,0.6765400767326355,True,,True,0.6765400767326355,0.6765400767326355,False,False,True,0.0,1.0,0.0,0.0,0,0.0,1014,49.51171875,True,True,0,0,0,True,True,accepted
M6,M6_20mA_20C_0,frame_0143.png,0.678291380405426,True,,True,0.678291380405426,0.678291380405426,False,False,True,0.0,1.0,0.0,0.0,0,0.0,1014,49.51171875,True,True,0,0,0,True,True,accepted
M6,M6_20mA_20C_0,frame_0151.png,0.6639680862426758,True,,True,0.6639680862426758,0.6639680862426758,False,False,True,0.0,1.0,0.0,0.0,0,0.0,1014,49.51171875,True,True,0,0,0,True,True,accepted
M6,M6_20mA_20C_0,frame_0152.png,0.6780326962471008,True,,True,0.6780326962471008,0.6780326962471008,False,False,True,0.0,1.0,0.0,0.0,0,0.0,1014,49.51171875,True,True,0,0,0,True,True,accepted
M6,M6_20mA_20C_0,frame_0156.png,0.6667622327804565,True,,True,0.6667622327804565,0.6667622327804565,False,False,True,0.0,1.0,0.0,0.0,0,0.0,1014,49.51171875,True,True,0,0,0,True,True,accepted
M6,M6_20mA_20C_0,frame_0158.png,0.6831914782524109,True,,True,0.6831914782524109,0.6831914782524109,False,False,True,0.0,1.0,0.0,0.0,0,0.0,1014,49.51171875,True,True,0,0,0,True,True,accepted
M6,M6_20mA_20C_0,frame_0160.png,0.6811743378639221,True,,True,0.6811743378639221,0.6811743378639221,False,False,True,0.0,1.0,0.0,0.0,5,0.00244140625,1013,49.462890625,True,True,1,0,5,True,True,accepted
M6,M6_20mA_20C_0,frame_0166.png,0.6901609897613525,True,,True,0.6901609897613525,0.6901609897613525,False,False,True,0.0,1.0,0.0,0.0,0,0.0,1014,49.51171875,True,True,0,0,0,True,True,accepted
M6,M6_20mA_20C_0,frame_0170.png,0.6386861801147461,True,,True,0.6386861801147461,0.6386861801147461,False,True,True,0.0,1.0,0.0,0.0,0,0.0,1014,49.51171875,True,True,0,0,0,True,True,accepted
M6,M6_20mA_20C_0,frame_0172.png,0.6836732625961304,True,,True,0.6836732625961304,0.6836732625961304,False,False,True,0.0,1.0,0.0,0.0,0,0.0,1014,49.51171875,True,True,0,0,0,True,True,accepted
M6,M6_20mA_20C_0,frame_0173.png,0.695704460144043,True,,True,0.695704460144043,0.695704460144043,False,False,True,0.0,1.0,0.0,0.0,0,0.0,1014,49.51171875,True,True,0,0,0,True,True,accepted
M6,M6_20mA_20C_0,frame_0175.png,0.6502594947814941,True,,True,0.6502594947814941,0.6502594947814941,False,True,True,0.0,1.0,0.0,0.0,0,0.0,1014,49.51171875,True,True,0,0,0,True,True,accepted
M6,M6_20mA_20C_0,frame_0179.png,0.683306097984314,True,,True,0.683306097984314,0.683306097984314,False,False,True,0.0,1.0,0.0,0.0,0,0.0,1014,49.51171875,True,True,0,0,0,True,True,accepted
M6,M6_20mA_20C_0,frame_0182.png,0.6934934854507446,True,,True,0.6934934854507446,0.6934934854507446,False,False,True,0.0,1.0,0.0,0.0,0,0.0,1014,49.51171875,True,True,0,0,0,True,True,accepted
M6,M6_20mA_20C_0,frame_0185.png,0.6315635442733765,True,,True,0.5483886003494263,0.6315635442733765,True,True,True,-6.0,0.975,0.0,0.0,0,0.0,1014,49.51171875,True,True,0,0,0,True,True,accepted
M6,M6_20mA_20C_0,frame_0189.png,0.673757016658783,True,,True,0.673757016658783,0.673757016658783,False,False,True,0.0,1.0,0.0,0.0,0,0.0,1014,49.51171875,True,True,0,0,0,True,True,accepted
M6,M6_20mA_20C_0,frame_0195.png,0.6830958127975464,True,,True,0.6830958127975464,0.6830958127975464,False,False,True,0.0,1.0,0.0,0.0,0,0.0,1014,49.51171875,True,True,0,0,0,True,True,accepted
M6,M6_20mA_30C_0,frame_0020.png,0.6821151375770569,True,,True,0.6821151375770569,0.6821151375770569,False,False,True,0.0,1.0,0.0,0.0,0,0.0,1014,49.51171875,True,True,0,0,0,True,True,accepted
M6,M6_20mA_30C_0,frame_0023.png,0.6478675603866577,True,,True,0.6478675603866577,0.6478675603866577,False,True,True,0.0,1.0,0.0,0.0,0,0.0,1014,49.51171875,True,True,0,0,0,True,True,accepted
M6,M6_20mA_30C_0,frame_0030.png,0.6483979821205139,True,,True,0.6483979821205139,0.6483979821205139,False,True,True,0.0,1.0,0.0,0.0,1,0.00048828125,1013,49.462890625,True,True,1,0,1,True,True,accepted
M6,M6_20mA_30C_0,frame_0034.png,0.6927699446678162,True,,True,0.6927699446678162,0.6927699446678162,False,False,True,0.0,1.0,0.0,0.0,0,0.0,1014,49.51171875,True,True,0,0,0,True,True,accepted
M6,M6_20mA_30C_0,frame_0046.png,0.6735310554504395,True,,True,0.6735310554504395,0.6735310554504395,False,False,True,0.0,1.0,0.0,0.0,0,0.0,1014,49.51171875,True,True,0,0,0,True,True,accepted
M6,M6_20mA_30C_0,frame_0049.png,0.6820142269134521,True,,True,0.6820142269134521,0.6820142269134521,False,False,True,0.0,1.0,0.0,0.0,0,0.0,1014,49.51171875,True,True,0,0,0,True,True,accepted
M6,M6_20mA_30C_0,frame_0053.png,0.6953209042549133,True,,True,0.6953209042549133,0.6953209042549133,False,False,True,0.0,1.0,0.0,0.0,0,0.0,1014,49.51171875,True,True,0,0,0,True,True,accepted
M6,M6_20mA_30C_0,frame_0055.png,0.6958879828453064,True,,True,0.6958879828453064,0.6958879828453064,False,False,True,0.0,1.0,0.0,0.0,0,0.0,1014,49.51171875,True,True,0,0,0,True,True,accepted
M6,M6_20mA_30C_0,frame_0059.png,0.6615434288978577,True,,True,0.6615434288978577,0.6615434288978577,False,False,True,0.0,1.0,0.0,0.0,0,0.0,1014,49.51171875,True,True,0,0,0,True,True,accepted
M6,M6_20mA_30C_0,frame_0062.png,0.6996737718582153,True,,True,0.6996737718582153,0.6996737718582153,False,False,True,0.0,1.0,0.0,0.0,0,0.0,1014,49.51171875,True,True,0,0,0,True,True,accepted
M6,M6_20mA_30C_0,frame_0066.png,0.700093150138855,True,,True,0.700093150138855,0.700093150138855,False,False,True,0.0,1.0,0.0,0.0,0,0.0,1014,49.51171875,True,True,0,0,0,True,True,accepted
M6,M6_20mA_30C_0,frame_0073.png,0.6456581354141235,True,,True,0.6456581354141235,0.6456581354141235,False,True,True,0.0,1.0,0.0,0.0,0,0.0,1014,49.51171875,True,True,0,0,0,True,True,accepted
M6,M6_20mA_30C_0,frame_0075.png,0.6882442235946655,True,,True,0.6882442235946655,0.6882442235946655,False,False,True,0.0,1.0,0.0,0.0,0,0.0,1014,49.51171875,True,True,0,0,0,True,True,accepted
M6,M6_20mA_30C_0,frame_0080.png,0.6788020133972168,True,,True,0.6788020133972168,0.6788020133972168,False,False,True,0.0,1.0,0.0,0.0,0,0.0,1014,49.51171875,True,True,0,0,0,True,True,accepted
M6,M6_20mA_30C_0,frame_0083.png,0.6909867525100708,True,,True,0.6909867525100708,0.6909867525100708,False,False,True,0.0,1.0,0.0,0.0,0,0.0,1014,49.51171875,True,True,0,0,0,True,True,accepted
M6,M6_20mA_30C_0,frame_0085.png,0.7040765285491943,True,,True,0.7040765285491943,0.7040765285491943,False,False,True,0.0,1.0,0.0,0.0,0,0.0,1014,49.51171875,True,True,0,0,0,True,True,accepted
M6,M6_20mA_30C_0,frame_0088.png,0.6828829646110535,True,,True,0.6828829646110535,0.6828829646110535,False,False,True,0.0,1.0,0.0,0.0,0,0.0,1014,49.51171875,True,True,0,0,0,True,True,accepted
M6,M6_20mA_30C_0,frame_0096.png,0.6879992485046387,True,,True,0.6879992485046387,0.6879992485046387,False,False,True,0.0,1.0,0.0,0.0,0,0.0,1014,49.51171875,True,True,0,0,0,True,True,accepted
M6,M6_20mA_30C_0,frame_0099.png,0.6787661910057068,True,,True,0.6787661910057068,0.6787661910057068,False,False,True,0.0,1.0,0.0,0.0,0,0.0,1014,49.51171875,True,True,0,0,0,True,True,accepted
M6,M6_20mA_30C_0,frame_0104.png,0.6861156821250916,True,,True,0.6861156821250916,0.6861156821250916,False,False,True,0.0,1.0,0.0,0.0,0,0.0,1014,49.51171875,True,True,0,0,0,True,True,accepted
M6,M6_20mA_30C_0,frame_0105.png,0.6614521741867065,True,,True,0.6614521741867065,0.6614521741867065,False,False,True,0.0,1.0,0.0,0.0,0,0.0,1014,49.51171875,True,True,0,0,0,True,True,accepted
M6,M6_20mA_30C_0,frame_0115.png,0.6922715902328491,True,,True,0.6922715902328491,0.6922715902328491,False,False,True,0.0,1.0,0.0,0.0,0,0.0,1014,49.51171875,True,True,0,0,0,True,True,accepted
M6,M6_20mA_30C_0,frame_0116.png,0.6511231660842896,True,,True,0.6511231660842896,0.6511231660842896,False,True,True,0.0,1.0,0.0,0.0,2,0.0009765625,1014,49.51171875,True,True,1,0,2,True,True,accepted
M6,M6_20mA_30C_0,frame_0121.png,0.6922407746315002,True,,True,0.49236243963241577,0.6922407746315002,True,True,True,-9.0,0.95,0.0,0.0,22,0.0107421875,1018,49.70703125,True,True,1,0,22,True,True,accepted
M6,M6_20mA_30C_0,frame_0122.png,0.6578449606895447,True,,True,0.6578449606895447,0.6578449606895447,False,True,True,0.0,1.0,0.0,0.0,0,0.0,1014,49.51171875,True,True,0,0,0,True,True,accepted
M6,M6_20mA_30C_0,frame_0125.png,0.6589990854263306,True,,True,0.6589990854263306,0.6589990854263306,False,True,True,0.0,1.0,0.0,0.0,0,0.0,1014,49.51171875,True,True,0,0,0,True,True,accepted
M6,M6_20mA_30C_0,frame_0129.png,0.694472074508667,True,,True,0.694472074508667,0.694472074508667,False,False,True,0.0,1.0,0.0,0.0,0,0.0,1014,49.51171875,True,True,0,0,0,True,True,accepted
M6,M6_20mA_30C_0,frame_0135.png,0.7009879946708679,True,,True,0.7009879946708679,0.7009879946708679,False,False,True,0.0,1.0,0.0,0.0,0,0.0,1014,49.51171875,True,True,0,0,0,True,True,accepted
M6,M6_20mA_30C_0,frame_0138.png,0.6894152164459229,True,,True,0.6894152164459229,0.6894152164459229,False,False,True,0.0,1.0,0.0,0.0,0,0.0,1014,49.51171875,True,True,0,0,0,True,True,accepted
M6,M6_20mA_30C_0,frame_0140.png,0.6908037066459656,True,,True,0.6908037066459656,0.6908037066459656,False,False,True,0.0,1.0,0.0,0.0,0,0.0,1014,49.51171875,True,True,0,0,0,True,True,accepted
M6,M6_20mA_30C_0,frame_0142.png,0.6747359037399292,True,,True,0.6747359037399292,0.6747359037399292,False,False,True,0.0,1.0,0.0,0.0,0,0.0,1014,49.51171875,True,True,0,0,0,True,True,accepted
M6,M6_20mA_30C_0,frame_0143.png,0.6951259970664978,True,,True,0.6951259970664978,0.6951259970664978,False,False,True,0.0,1.0,0.0,0.0,0,0.0,1014,49.51171875,True,True,0,0,0,True,True,accepted
M6,M6_20mA_30C_0,frame_0144.png,0.6977159380912781,True,,True,0.6977159380912781,0.6977159380912781,False,False,True,0.0,1.0,0.0,0.0,0,0.0,1014,49.51171875,True,True,0,0,0,True,True,accepted
M6,M6_20mA_30C_0,frame_0149.png,0.6968922019004822,True,,True,0.6968922019004822,0.6968922019004822,False,False,True,0.0,1.0,0.0,0.0,0,0.0,1014,49.51171875,True,True,0,0,0,True,True,accepted
M6,M6_20mA_30C_0,frame_0151.png,0.6903488636016846,True,,True,0.6903488636016846,0.6903488636016846,False,False,True,0.0,1.0,0.0,0.0,0,0.0,1014,49.51171875,True,True,0,0,0,True,True,accepted
M6,M6_20mA_30C_0,frame_0162.png,0.6980248689651489,True,,True,0.6980248689651489,0.6980248689651489,False,False,True,0.0,1.0,0.0,0.0,0,0.0,1014,49.51171875,True,True,0,0,0,True,True,accepted
M6,M6_20mA_30C_0,frame_0164.png,0.6865289211273193,True,,True,0.6865289211273193,0.6865289211273193,False,False,True,0.0,1.0,0.0,0.0,0,0.0,1014,49.51171875,True,True,0,0,0,True,True,accepted
M6,M6_20mA_30C_0,frame_0165.png,0.681320309638977,True,,True,0.681320309638977,0.681320309638977,False,False,True,0.0,1.0,0.0,0.0,0,0.0,1014,49.51171875,True,True,0,0,0,True,True,accepted
M6,M6_20mA_30C_0,frame_0168.png,0.6867498755455017,True,,True,0.6867498755455017,0.6867498755455017,False,False,True,0.0,1.0,0.0,0.0,0,0.0,1014,49.51171875,True,True,0,0,0,True,True,accepted
M6,M6_20mA_30C_0,frame_0177.png,0.6863000988960266,True,,True,0.6863000988960266,0.6863000988960266,False,False,True,0.0,1.0,0.0,0.0,0,0.0,1014,49.51171875,True,True,0,0,0,True,True,accepted
M6,M6_20mA_30C_0,frame_0185.png,0.6872918009757996,True,,True,0.6872918009757996,0.6872918009757996,False,False,True,0.0,1.0,0.0,0.0,0,0.0,1014,49.51171875,True,True,0,0,0,True,True,accepted
M6,M6_20mA_30C_0,frame_0186.png,0.6693283319473267,True,,True,0.6693283319473267,0.6693283319473267,False,False,True,0.0,1.0,0.0,0.0,0,0.0,1014,49.51171875,True,True,0,0,0,True,True,accepted
M6,M6_20mA_30C_0,frame_0188.png,0.616749107837677,True,,True,0.616749107837677,0.616749107837677,False,True,True,0.0,1.0,0.0,0.0,7,0.00341796875,1015,49.560546875,True,True,1,0,7,True,True,accepted
M6,M6_20mA_30C_0,frame_0195.png,0.6839981079101562,True,,True,0.6839981079101562,0.6839981079101562,False,False,True,0.0,1.0,0.0,0.0,0,0.0,1014,49.51171875,True,True,0,0,0,True,True,accepted
M6,M6_20mA_30C_0,frame_0196.png,0.6901829242706299,True,,True,0.6901829242706299,0.6901829242706299,False,False,True,0.0,1.0,0.0,0.0,0,0.0,1014,49.51171875,True,True,0,0,0,True,True,accepted
M6,M6_20mA_40C_0,frame_0029.png,0.7414028644561768,True,,True,0.7414028644561768,0.7414028644561768,False,False,True,0.0,1.0,0.0,0.0,0,0.0,1014,49.51171875,True,True,0,0,0,True,True,accepted
M6,M6_20mA_40C_0,frame_0030.png,0.6732608675956726,True,,True,0.6732608675956726,0.6732608675956726,False,False,True,0.0,1.0,0.0,0.0,0,0.0,1014,49.51171875,True,True,0,0,0,True,True,accepted
M6,M6_20mA_40C_0,frame_0032.png,0.7264306545257568,True,,True,0.7264306545257568,0.7264306545257568,False,False,True,0.0,1.0,0.0,0.0,0,0.0,1014,49.51171875,True,True,0,0,0,True,True,accepted
M6,M6_20mA_40C_0,frame_0037.png,0.7377868890762329,True,,True,0.7377868890762329,0.7377868890762329,False,False,True,0.0,1.0,0.0,0.0,0,0.0,1014,49.51171875,True,True,0,0,0,True,True,accepted
M6,M6_20mA_40C_0,frame_0041.png,0.694831907749176,True,,True,0.694831907749176,0.694831907749176,False,False,True,0.0,1.0,0.0,0.0,1,0.00048828125,1015,49.560546875,True,True,1,0,1,True,True,accepted
M6,M6_20mA_40C_0,frame_0042.png,0.6977468729019165,True,,True,0.6977468729019165,0.6977468729019165,False,False,True,0.0,1.0,0.0,0.0,0,0.0,1014,49.51171875,True,True,0,0,0,True,True,accepted
M6,M6_20mA_40C_0,frame_0045.png,0.7147710919380188,True,,True,0.7147710919380188,0.7147710919380188,False,False,True,0.0,1.0,0.0,0.0,0,0.0,1014,49.51171875,True,True,0,0,0,True,True,accepted
M6,M6_20mA_40C_0,frame_0048.png,0.7396721243858337,True,,True,0.7396721243858337,0.7396721243858337,False,False,True,0.0,1.0,0.0,0.0,0,0.0,1014,49.51171875,True,True,0,0,0,True,True,accepted
M6,M6_20mA_40C_0,frame_0055.png,0.7299232482910156,True,,True,0.7299232482910156,0.7299232482910156,False,False,True,0.0,1.0,0.0,0.0,0,0.0,1014,49.51171875,True,True,0,0,0,True,True,accepted
M6,M6_20mA_40C_0,frame_0056.png,0.7187325954437256,True,,True,0.7187325954437256,0.7187325954437256,False,False,True,0.0,1.0,0.0,0.0,0,0.0,1014,49.51171875,True,True,0,0,0,True,True,accepted
M6,M6_20mA_40C_0,frame_0059.png,0.7348678708076477,True,,True,0.7348678708076477,0.7348678708076477,False,False,True,0.0,1.0,0.0,0.0,0,0.0,1014,49.51171875,True,True,0,0,0,True,True,accepted
M6,M6_20mA_40C_0,frame_0060.png,0.7332794070243835,True,,True,0.7332794070243835,0.7332794070243835,False,False,True,0.0,1.0,0.0,0.0,0,0.0,1014,49.51171875,True,True,0,0,0,True,True,accepted
M6,M6_20mA_40C_0,frame_0067.png,0.7411916851997375,True,,True,0.7411916851997375,0.7411916851997375,False,False,True,0.0,1.0,0.0,0.0,0,0.0,1014,49.51171875,True,True,0,0,0,True,True,accepted
M6,M6_20mA_40C_0,frame_0077.png,0.6892606616020203,True,,True,0.6892606616020203,0.6892606616020203,False,False,True,0.0,1.0,0.0,0.0,0,0.0,1014,49.51171875,True,True,0,0,0,True,True,accepted
M6,M6_20mA_40C_0,frame_0083.png,0.7278470993041992,True,,True,0.7278470993041992,0.7278470993041992,False,False,True,0.0,1.0,0.0,0.0,0,0.0,1014,49.51171875,True,True,0,0,0,True,True,accepted
M6,M6_20mA_40C_0,frame_0088.png,0.7315962314605713,True,,True,0.7315962314605713,0.7315962314605713,False,False,True,0.0,1.0,0.0,0.0,0,0.0,1014,49.51171875,True,True,0,0,0,True,True,accepted
M6,M6_20mA_40C_0,frame_0101.png,0.7309503555297852,True,,True,0.7309503555297852,0.7309503555297852,False,False,True,0.0,1.0,0.0,0.0,0,0.0,1014,49.51171875,True,True,0,0,0,True,True,accepted
M6,M6_20mA_40C_0,frame_0103.png,0.7414881587028503,True,,True,0.7414881587028503,0.7414881587028503,False,False,True,0.0,1.0,0.0,0.0,0,0.0,1014,49.51171875,True,True,0,0,0,True,True,accepted
M6,M6_20mA_40C_0,frame_0106.png,0.7358675599098206,True,,True,0.7358675599098206,0.7358675599098206,False,False,True,0.0,1.0,0.0,0.0,0,0.0,1014,49.51171875,True,True,0,0,0,True,True,accepted
M6,M6_20mA_40C_0,frame_0108.png,0.7262293696403503,True,,True,0.7262293696403503,0.7262293696403503,False,False,True,0.0,1.0,0.0,0.0,0,0.0,1014,49.51171875,True,True,0,0,0,True,True,accepted
M6,M6_20mA_40C_0,frame_0109.png,0.746558427810669,True,,True,0.746558427810669,0.746558427810669,False,False,True,0.0,1.0,0.0,0.0,0,0.0,1014,49.51171875,True,True,0,0,0,True,True,accepted
M6,M6_20mA_40C_0,frame_0110.png,0.7077950835227966,True,,True,0.7077950835227966,0.7077950835227966,False,False,True,0.0,1.0,0.0,0.0,2,0.0009765625,1016,49.609375,True,True,1,0,2,True,True,accepted
M6,M6_20mA_40C_0,frame_0113.png,0.7268979549407959,True,,True,0.7268979549407959,0.7268979549407959,False,False,True,0.0,1.0,0.0,0.0,0,0.0,1014,49.51171875,True,True,0,0,0,True,True,accepted
M6,M6_20mA_40C_0,frame_0120.png,0.723044753074646,True,,True,0.723044753074646,0.723044753074646,False,False,True,0.0,1.0,0.0,0.0,0,0.0,1014,49.51171875,True,True,0,0,0,True,True,accepted
M6,M6_20mA_40C_0,frame_0128.png,0.7445226311683655,True,,True,0.7445226311683655,0.7445226311683655,False,False,True,0.0,1.0,0.0,0.0,0,0.0,1014,49.51171875,True,True,0,0,0,True,True,accepted
M6,M6_20mA_40C_0,frame_0129.png,0.6817275881767273,True,,True,0.6817275881767273,0.6817275881767273,False,False,True,0.0,1.0,0.0,0.0,0,0.0,1014,49.51171875,True,True,0,0,0,True,True,accepted
M6,M6_20mA_40C_0,frame_0132.png,0.7322646975517273,True,,True,0.7322646975517273,0.7322646975517273,False,False,True,0.0,1.0,0.0,0.0,0,0.0,1014,49.51171875,True,True,0,0,0,True,True,accepted
M6,M6_20mA_40C_0,frame_0134.png,0.7357980608940125,True,,True,0.7357980608940125,0.7357980608940125,False,False,True,0.0,1.0,0.0,0.0,0,0.0,1014,49.51171875,True,True,0,0,0,True,True,accepted
M6,M6_20mA_40C_0,frame_0135.png,0.6902745366096497,True,,True,0.6902745366096497,0.6902745366096497,False,False,True,0.0,1.0,0.0,0.0,0,0.0,1014,49.51171875,True,True,0,0,0,True,True,accepted
M6,M6_20mA_40C_0,frame_0148.png,0.7222756743431091,True,,True,0.7222756743431091,0.7222756743431091,False,False,True,0.0,1.0,0.0,0.0,0,0.0,1014,49.51171875,True,True,0,0,0,True,True,accepted
M6,M6_20mA_40C_0,frame_0150.png,0.7232943773269653,True,,True,0.7232943773269653,0.7232943773269653,False,False,True,0.0,1.0,0.0,0.0,0,0.0,1014,49.51171875,True,True,0,0,0,True,True,accepted
M6,M6_20mA_40C_0,frame_0151.png,0.7281515002250671,True,,True,0.7281515002250671,0.7281515002250671,False,False,True,0.0,1.0,0.0,0.0,0,0.0,1014,49.51171875,True,True,0,0,0,True,True,accepted
M6,M6_20mA_40C_0,frame_0153.png,0.7069898247718811,True,,True,0.7069898247718811,0.7069898247718811,False,False,True,0.0,1.0,0.0,0.0,0,0.0,1014,49.51171875,True,True,0,0,0,True,True,accepted
M6,M6_20mA_40C_0,frame_0154.png,0.7180683612823486,True,,True,0.7180683612823486,0.7180683612823486,False,False,True,0.0,1.0,0.0,0.0,0,0.0,1014,49.51171875,True,True,0,0,0,True,True,accepted
M6,M6_20mA_40C_0,frame_0158.png,0.715640127658844,True,,True,0.715640127658844,0.715640127658844,False,False,True,0.0,1.0,0.0,0.0,0,0.0,1014,49.51171875,True,True,0,0,0,True,True,accepted
M6,M6_20mA_40C_0,frame_0160.png,0.7279561758041382,True,,True,0.7279561758041382,0.7279561758041382,False,False,True,0.0,1.0,0.0,0.0,0,0.0,1014,49.51171875,True,True,0,0,0,True,True,accepted
M6,M6_20mA_40C_0,frame_0163.png,0.7304397821426392,True,,True,0.7304397821426392,0.7304397821426392,False,False,True,0.0,1.0,0.0,0.0,0,0.0,1014,49.51171875,True,True,0,0,0,True,True,accepted
M6,M6_20mA_40C_0,frame_0168.png,0.716420590877533,True,,True,0.716420590877533,0.716420590877533,False,False,True,0.0,1.0,0.0,0.0,2,0.0009765625,1012,49.4140625,True,True,1,0,2,True,True,accepted
M6,M6_20mA_40C_0,frame_0171.png,0.7230873107910156,True,,True,0.7230873107910156,0.7230873107910156,False,False,True,0.0,1.0,0.0,0.0,0,0.0,1014,49.51171875,True,True,0,0,0,True,True,accepted
M6,M6_20mA_40C_0,frame_0174.png,0.7097676992416382,True,,True,0.7097676992416382,0.7097676992416382,False,False,True,0.0,1.0,0.0,0.0,0,0.0,1014,49.51171875,True,True,0,0,0,True,True,accepted
M6,M6_20mA_40C_0,frame_0179.png,0.7310339212417603,True,,True,0.7310339212417603,0.7310339212417603,False,False,True,0.0,1.0,0.0,0.0,0,0.0,1014,49.51171875,True,True,0,0,0,True,True,accepted
M6,M6_20mA_40C_0,frame_0185.png,0.7255426645278931,True,,True,0.7255426645278931,0.7255426645278931,False,False,True,0.0,1.0,0.0,0.0,0,0.0,1014,49.51171875,True,True,0,0,0,True,True,accepted
M6,M6_20mA_40C_0,frame_0188.png,0.7370076775550842,True,,True,0.7370076775550842,0.7370076775550842,False,False,True,0.0,1.0,0.0,0.0,0,0.0,1014,49.51171875,True,True,0,0,0,True,True,accepted
M6,M6_20mA_40C_0,frame_0196.png,0.7203871011734009,True,,True,0.7203871011734009,0.7203871011734009,False,False,True,0.0,1.0,0.0,0.0,0,0.0,1014,49.51171875,True,True,0,0,0,True,True,accepted
M6,M6_20mA_40C_0,frame_0199.png,0.678589940071106,True,,True,0.678589940071106,0.678589940071106,False,False,True,0.0,1.0,0.0,0.0,0,0.0,1014,49.51171875,True,True,0,0,0,True,True,accepted
M6,M6_30mA_20C_0,frame_0034.png,0.6530899405479431,True,,True,0.6530899405479431,0.6530899405479431,False,True,True,0.0,1.0,0.0,0.0,0,0.0,1014,49.51171875,True,True,0,0,0,True,True,accepted
M6,M6_30mA_20C_0,frame_0035.png,0.637903094291687,True,,True,0.637903094291687,0.637903094291687,False,True,True,0.0,1.0,0.0,0.0,0,0.0,1014,49.51171875,True,True,0,0,0,True,True,accepted
M6,M6_30mA_20C_0,frame_0039.png,0.6421717405319214,True,,True,0.6421717405319214,0.6421717405319214,False,True,True,0.0,1.0,0.0,0.0,0,0.0,1014,49.51171875,True,True,0,0,0,True,True,accepted
M6,M6_30mA_20C_0,frame_0041.png,0.6876914501190186,True,,True,0.6876914501190186,0.6876914501190186,False,False,True,0.0,1.0,0.0,0.0,0,0.0,1014,49.51171875,True,True,0,0,0,True,True,accepted
M6,M6_30mA_20C_0,frame_0045.png,0.6783923506736755,True,,True,0.6783923506736755,0.6783923506736755,False,False,True,0.0,1.0,0.0,0.0,0,0.0,1014,49.51171875,True,True,0,0,0,True,True,accepted
M6,M6_30mA_20C_0,frame_0048.png,0.6673220992088318,True,,True,0.6673220992088318,0.6673220992088318,False,False,True,0.0,1.0,0.0,0.0,0,0.0,1014,49.51171875,True,True,0,0,0,True,True,accepted
M6,M6_30mA_20C_0,frame_0051.png,0.6427034735679626,True,,True,0.6427034735679626,0.6427034735679626,False,True,True,0.0,1.0,0.0,0.0,0,0.0,1014,49.51171875,True,True,0,0,0,True,True,accepted
M6,M6_30mA_20C_0,frame_0053.png,0.6043718457221985,True,,True,0.6043718457221985,0.6043718457221985,False,True,True,0.0,1.0,0.0,0.0,1,0.00048828125,1013,49.462890625,True,True,1,0,1,True,True,accepted
M6,M6_30mA_20C_0,frame_0056.png,0.6713563203811646,True,,True,0.6713563203811646,0.6713563203811646,False,False,True,0.0,1.0,0.0,0.0,0,0.0,1014,49.51171875,True,True,0,0,0,True,True,accepted
M6,M6_30mA_20C_0,frame_0060.png,0.6676375269889832,True,,True,0.6676375269889832,0.6676375269889832,False,False,True,0.0,1.0,0.0,0.0,2,0.0009765625,1012,49.4140625,True,True,1,0,2,True,True,accepted
M6,M6_30mA_20C_0,frame_0065.png,0.5883426070213318,True,,True,0.5883426070213318,0.5883426070213318,False,True,True,0.0,1.0,0.0,0.0,28,0.013671875,1020,49.8046875,True,True,1,0,28,True,True,accepted
M6,M6_30mA_20C_0,frame_0071.png,0.5862114429473877,True,,True,0.5862114429473877,0.5862114429473877,False,True,True,0.0,1.0,0.0,0.0,40,0.01953125,1018,49.70703125,True,True,1,0,40,True,True,accepted
M6,M6_30mA_20C_0,frame_0073.png,0.6826196312904358,True,,True,0.6826196312904358,0.6826196312904358,False,False,True,0.0,1.0,0.0,0.0,0,0.0,1014,49.51171875,True,True,0,0,0,True,True,accepted
M6,M6_30mA_20C_0,frame_0078.png,0.6816744804382324,True,,True,0.6816744804382324,0.6816744804382324,False,False,True,0.0,1.0,0.0,0.0,0,0.0,1014,49.51171875,True,True,0,0,0,True,True,accepted
M6,M6_30mA_20C_0,frame_0081.png,0.6842133402824402,True,,True,0.6842133402824402,0.6842133402824402,False,False,True,0.0,1.0,0.0,0.0,0,0.0,1014,49.51171875,True,True,0,0,0,True,True,accepted
M6,M6_30mA_20C_0,frame_0082.png,0.6261311173439026,True,,True,0.6261311173439026,0.6261311173439026,False,True,True,0.0,1.0,0.0,0.0,4,0.001953125,1014,49.51171875,True,True,1,0,4,True,True,accepted
M6,M6_30mA_20C_0,frame_0087.png,0.6709557175636292,True,,True,0.6709557175636292,0.6709557175636292,False,False,True,0.0,1.0,0.0,0.0,0,0.0,1014,49.51171875,True,True,0,0,0,True,True,accepted
M6,M6_30mA_20C_0,frame_0088.png,0.6127133369445801,True,,True,0.6127133369445801,0.6127133369445801,False,True,True,0.0,1.0,0.0,0.0,1,0.00048828125,1013,49.462890625,True,True,1,0,1,True,True,accepted
M6,M6_30mA_20C_0,frame_0104.png,0.6667585968971252,True,,True,0.6667585968971252,0.6667585968971252,False,False,True,0.0,1.0,0.0,0.0,4,0.001953125,1012,49.4140625,True,True,1,0,4,True,True,accepted
M6,M6_30mA_20C_0,frame_0105.png,0.653584361076355,True,,True,0.653584361076355,0.653584361076355,False,True,True,0.0,1.0,0.0,0.0,1,0.00048828125,1013,49.462890625,True,True,1,0,1,True,True,accepted
M6,M6_30mA_20C_0,frame_0106.png,0.6858153343200684,True,,True,0.6858153343200684,0.6858153343200684,False,False,True,0.0,1.0,0.0,0.0,0,0.0,1014,49.51171875,True,True,0,0,0,True,True,accepted
M6,M6_30mA_20C_0,frame_0112.png,0.6758955717086792,True,,True,0.6758955717086792,0.6758955717086792,False,False,True,0.0,1.0,0.0,0.0,0,0.0,1014,49.51171875,True,True,0,0,0,True,True,accepted
M6,M6_30mA_20C_0,frame_0113.png,0.6693829894065857,True,,True,0.6693829894065857,0.6693829894065857,False,False,True,0.0,1.0,0.0,0.0,0,0.0,1014,49.51171875,True,True,0,0,0,True,True,accepted
M6,M6_30mA_20C_0,frame_0114.png,0.6658967137336731,True,,True,0.6658967137336731,0.6658967137336731,False,False,True,0.0,1.0,0.0,0.0,0,0.0,1014,49.51171875,True,True,0,0,0,True,True,accepted
M6,M6_30mA_20C_0,frame_0115.png,0.6736334562301636,True,,True,0.6736334562301636,0.6736334562301636,False,False,True,0.0,1.0,0.0,0.0,0,0.0,1014,49.51171875,True,True,0,0,0,True,True,accepted
M6,M6_30mA_20C_0,frame_0116.png,0.6645325422286987,True,,True,0.6645325422286987,0.6645325422286987,False,False,True,0.0,1.0,0.0,0.0,0,0.0,1014,49.51171875,True,True,0,0,0,True,True,accepted
M6,M6_30mA_20C_0,frame_0121.png,0.6836315393447876,True,,True,0.6836315393447876,0.6836315393447876,False,False,True,0.0,1.0,0.0,0.0,0,0.0,1014,49.51171875,True,True,0,0,0,True,True,accepted
M6,M6_30mA_20C_0,frame_0124.png,0.6749094724655151,True,,True,0.6749094724655151,0.6749094724655151,False,False,True,0.0,1.0,0.0,0.0,0,0.0,1014,49.51171875,True,True,0,0,0,True,True,accepted
M6,M6_30mA_20C_0,frame_0126.png,0.6752026677131653,True,,True,0.6752026677131653,0.6752026677131653,False,False,True,0.0,1.0,0.0,0.0,0,0.0,1014,49.51171875,True,True,0,0,0,True,True,accepted
M6,M6_30mA_20C_0,frame_0127.png,0.6593180298805237,True,,True,0.6593180298805237,0.6593180298805237,False,True,True,0.0,1.0,0.0,0.0,0,0.0,1014,49.51171875,True,True,0,0,0,True,True,accepted
M6,M6_30mA_20C_0,frame_0128.png,0.6374494433403015,True,,True,0.6374494433403015,0.6374494433403015,False,True,True,0.0,1.0,0.0,0.0,0,0.0,1014,49.51171875,True,True,0,0,0,True,True,accepted
M6,M6_30mA_20C_0,frame_0131.png,0.6149109601974487,True,,True,0.6149109601974487,0.6149109601974487,False,True,True,0.0,1.0,0.0,0.0,0,0.0,1014,49.51171875,True,True,0,0,0,True,True,accepted
M6,M6_30mA_20C_0,frame_0154.png,0.6768964529037476,True,,True,0.6768964529037476,0.6768964529037476,False,False,True,0.0,1.0,0.0,0.0,0,0.0,1014,49.51171875,True,True,0,0,0,True,True,accepted
M6,M6_30mA_20C_0,frame_0156.png,0.6194947957992554,True,,True,0.6194947957992554,0.6194947957992554,False,True,True,0.0,1.0,0.0,0.0,2,0.0009765625,1014,49.51171875,True,True,1,0,2,True,True,accepted
M6,M6_30mA_20C_0,frame_0158.png,0.6195087432861328,True,,True,0.6195087432861328,0.6195087432861328,False,True,True,0.0,1.0,0.0,0.0,7,0.00341796875,1013,49.462890625,True,True,1,0,7,True,True,accepted
M6,M6_30mA_20C_0,frame_0159.png,0.6860369443893433,True,,True,0.6860369443893433,0.6860369443893433,False,False,True,0.0,1.0,0.0,0.0,0,0.0,1014,49.51171875,True,True,0,0,0,True,True,accepted
M6,M6_30mA_20C_0,frame_0171.png,0.6851745247840881,True,,True,0.6851745247840881,0.6851745247840881,False,False,True,0.0,1.0,0.0,0.0,0,0.0,1014,49.51171875,True,True,0,0,0,True,True,accepted
M6,M6_30mA_20C_0,frame_0178.png,0.6634054183959961,True,,True,0.6634054183959961,0.6634054183959961,False,False,True,0.0,1.0,0.0,0.0,1,0.00048828125,1013,49.462890625,True,True,1,0,1,True,True,accepted
M6,M6_30mA_20C_0,frame_0179.png,0.6696252822875977,True,,True,0.6696252822875977,0.6696252822875977,False,False,True,0.0,1.0,0.0,0.0,0,0.0,1014,49.51171875,True,True,0,0,0,True,True,accepted
M6,M6_30mA_20C_0,frame_0181.png,0.6324011087417603,True,,True,0.6324011087417603,0.6324011087417603,False,True,True,0.0,1.0,0.0,0.0,1,0.00048828125,1013,49.462890625,True,True,1,0,1,True,True,accepted
M6,M6_30mA_20C_0,frame_0188.png,0.6335407495498657,True,,True,0.6335407495498657,0.6335407495498657,False,True,True,0.0,1.0,0.0,0.0,0,0.0,1014,49.51171875,True,True,0,0,0,True,True,accepted
M6,M6_30mA_20C_0,frame_0190.png,0.662986159324646,True,,True,0.662986159324646,0.662986159324646,False,False,True,0.0,1.0,0.0,0.0,0,0.0,1014,49.51171875,True,True,0,0,0,True,True,accepted
M6,M6_30mA_20C_0,frame_0191.png,0.5945305824279785,True,,True,0.5945305824279785,0.5945305824279785,False,True,True,0.0,1.0,0.0,0.0,4,0.001953125,1014,49.51171875,True,True,1,0,4,True,True,accepted
M6,M6_30mA_20C_0,frame_0198.png,0.6643126010894775,True,,True,0.6643126010894775,0.6643126010894775,False,False,True,0.0,1.0,0.0,0.0,0,0.0,1014,49.51171875,True,True,0,0,0,True,True,accepted
M6,M6_30mA_20C_0,frame_0200.png,0.6357056498527527,True,,True,0.6357056498527527,0.6357056498527527,False,True,True,0.0,1.0,0.0,0.0,5,0.00244140625,1017,49.658203125,True,True,1,0,5,True,True,accepted
M6,M6_30mA_30C_0,frame_0029.png,0.7073633074760437,True,,True,0.7073633074760437,0.7073633074760437,False,False,True,0.0,1.0,0.0,0.0,0,0.0,1014,49.51171875,True,True,0,0,0,True,True,accepted
M6,M6_30mA_30C_0,frame_0030.png,0.6877988576889038,True,,True,0.6877988576889038,0.6877988576889038,False,False,True,0.0,1.0,0.0,0.0,0,0.0,1014,49.51171875,True,True,0,0,0,True,True,accepted
M6,M6_30mA_30C_0,frame_0031.png,0.696549654006958,True,,True,0.696549654006958,0.696549654006958,False,False,True,0.0,1.0,0.0,0.0,0,0.0,1014,49.51171875,True,True,0,0,0,True,True,accepted
M6,M6_30mA_30C_0,frame_0034.png,0.7209133505821228,True,,True,0.7209133505821228,0.7209133505821228,False,False,True,0.0,1.0,0.0,0.0,0,0.0,1014,49.51171875,True,True,0,0,0,True,True,accepted
M6,M6_30mA_30C_0,frame_0038.png,0.7227462530136108,True,,True,0.7227462530136108,0.7227462530136108,False,False,True,0.0,1.0,0.0,0.0,0,0.0,1014,49.51171875,True,True,0,0,0,True,True,accepted
M6,M6_30mA_30C_0,frame_0041.png,0.6987690925598145,True,,True,0.6987690925598145,0.6987690925598145,False,False,True,0.0,1.0,0.0,0.0,0,0.0,1014,49.51171875,True,True,0,0,0,True,True,accepted
M6,M6_30mA_30C_0,frame_0042.png,0.6769079566001892,True,,True,0.6769079566001892,0.6769079566001892,False,False,True,0.0,1.0,0.0,0.0,0,0.0,1014,49.51171875,True,True,0,0,0,True,True,accepted
M6,M6_30mA_30C_0,frame_0048.png,0.7030616998672485,True,,True,0.7030616998672485,0.7030616998672485,False,False,True,0.0,1.0,0.0,0.0,0,0.0,1014,49.51171875,True,True,0,0,0,True,True,accepted
M6,M6_30mA_30C_0,frame_0064.png,0.705556333065033,True,,True,0.705556333065033,0.705556333065033,False,False,True,0.0,1.0,0.0,0.0,0,0.0,1014,49.51171875,True,True,0,0,0,True,True,accepted
M6,M6_30mA_30C_0,frame_0065.png,0.7222540974617004,True,,True,0.7222540974617004,0.7222540974617004,False,False,True,0.0,1.0,0.0,0.0,0,0.0,1014,49.51171875,True,True,0,0,0,True,True,accepted
M6,M6_30mA_30C_0,frame_0070.png,0.7157979607582092,True,,True,0.7157979607582092,0.7157979607582092,False,False,True,0.0,1.0,0.0,0.0,0,0.0,1014,49.51171875,True,True,0,0,0,True,True,accepted
M6,M6_30mA_30C_0,frame_0073.png,0.6954331994056702,True,,True,0.6954331994056702,0.6954331994056702,False,False,True,0.0,1.0,0.0,0.0,0,0.0,1014,49.51171875,True,True,0,0,0,True,True,accepted
M6,M6_30mA_30C_0,frame_0074.png,0.7159207463264465,True,,True,0.7159207463264465,0.7159207463264465,False,False,True,0.0,1.0,0.0,0.0,0,0.0,1014,49.51171875,True,True,0,0,0,True,True,accepted
M6,M6_30mA_30C_0,frame_0076.png,0.7117735147476196,True,,True,0.7117735147476196,0.7117735147476196,False,False,True,0.0,1.0,0.0,0.0,0,0.0,1014,49.51171875,True,True,0,0,0,True,True,accepted
M6,M6_30mA_30C_0,frame_0079.png,0.7045873403549194,True,,True,0.7045873403549194,0.7045873403549194,False,False,True,0.0,1.0,0.0,0.0,0,0.0,1014,49.51171875,True,True,0,0,0,True,True,accepted
M6,M6_30mA_30C_0,frame_0089.png,0.6738082766532898,True,,True,0.6738082766532898,0.6738082766532898,False,False,True,0.0,1.0,0.0,0.0,1,0.00048828125,1013,49.462890625,True,True,1,0,1,True,True,accepted
M6,M6_30mA_30C_0,frame_0091.png,0.7080350518226624,True,,True,0.7080350518226624,0.7080350518226624,False,False,True,0.0,1.0,0.0,0.0,0,0.0,1014,49.51171875,True,True,0,0,0,True,True,accepted
M6,M6_30mA_30C_0,frame_0094.png,0.7071371078491211,True,,True,0.7071371078491211,0.7071371078491211,False,False,True,0.0,1.0,0.0,0.0,0,0.0,1014,49.51171875,True,True,0,0,0,True,True,accepted
M6,M6_30mA_30C_0,frame_0096.png,0.7114785313606262,True,,True,0.7114785313606262,0.7114785313606262,False,False,True,0.0,1.0,0.0,0.0,0,0.0,1014,49.51171875,True,True,0,0,0,True,True,accepted
M6,M6_30mA_30C_0,frame_0097.png,0.7121577858924866,True,,True,0.7121577858924866,0.7121577858924866,False,False,True,0.0,1.0,0.0,0.0,0,0.0,1014,49.51171875,True,True,0,0,0,True,True,accepted
M6,M6_30mA_30C_0,frame_0100.png,0.7140026092529297,True,,True,0.7140026092529297,0.7140026092529297,False,False,True,0.0,1.0,0.0,0.0,0,0.0,1014,49.51171875,True,True,0,0,0,True,True,accepted
M6,M6_30mA_30C_0,frame_0108.png,0.7176057696342468,True,,True,0.7176057696342468,0.7176057696342468,False,False,True,0.0,1.0,0.0,0.0,0,0.0,1014,49.51171875,True,True,0,0,0,True,True,accepted
M6,M6_30mA_30C_0,frame_0119.png,0.6474696397781372,True,,True,0.6474696397781372,0.6474696397781372,False,True,True,0.0,1.0,0.0,0.0,0,0.0,1014,49.51171875,True,True,0,0,0,True,True,accepted
M6,M6_30mA_30C_0,frame_0123.png,0.7144941091537476,True,,True,0.7144941091537476,0.7144941091537476,False,False,True,0.0,1.0,0.0,0.0,0,0.0,1014,49.51171875,True,True,0,0,0,True,True,accepted
M6,M6_30mA_30C_0,frame_0125.png,0.6972922086715698,True,,True,0.6972922086715698,0.6972922086715698,False,False,True,0.0,1.0,0.0,0.0,9,0.00439453125,1011,49.365234375,True,True,1,0,9,True,True,accepted
M6,M6_30mA_30C_0,frame_0127.png,0.7143692374229431,True,,True,0.7143692374229431,0.7143692374229431,False,False,True,0.0,1.0,0.0,0.0,0,0.0,1014,49.51171875,True,True,0,0,0,True,True,accepted
M6,M6_30mA_30C_0,frame_0129.png,0.6538962125778198,True,,True,0.6538962125778198,0.6538962125778198,False,True,True,0.0,1.0,0.0,0.0,0,0.0,1014,49.51171875,True,True,0,0,0,True,True,accepted
M6,M6_30mA_30C_0,frame_0133.png,0.7045946717262268,True,,True,0.7045946717262268,0.7045946717262268,False,False,True,0.0,1.0,0.0,0.0,0,0.0,1014,49.51171875,True,True,0,0,0,True,True,accepted
M6,M6_30mA_30C_0,frame_0134.png,0.7112748026847839,True,,True,0.6160593032836914,0.7112748026847839,True,True,True,-6.0,0.95,0.0,0.0,0,0.0,1014,49.51171875,True,True,0,0,0,True,True,accepted
M6,M6_30mA_30C_0,frame_0135.png,0.7139525413513184,True,,True,0.7139525413513184,0.7139525413513184,False,False,True,0.0,1.0,0.0,0.0,0,0.0,1014,49.51171875,True,True,0,0,0,True,True,accepted
M6,M6_30mA_30C_0,frame_0148.png,0.682465136051178,True,,True,0.682465136051178,0.682465136051178,False,False,True,0.0,1.0,0.0,0.0,0,0.0,1014,49.51171875,True,True,0,0,0,True,True,accepted
M6,M6_30mA_30C_0,frame_0152.png,0.7107259631156921,True,,True,0.7107259631156921,0.7107259631156921,False,False,True,0.0,1.0,0.0,0.0,1,0.00048828125,1015,49.560546875,True,True,1,0,1,True,True,accepted
M6,M6_30mA_30C_0,frame_0153.png,0.7110624313354492,True,,True,0.7110624313354492,0.7110624313354492,False,False,True,0.0,1.0,0.0,0.0,0,0.0,1014,49.51171875,True,True,0,0,0,True,True,accepted
M6,M6_30mA_30C_0,frame_0154.png,0.6825127601623535,True,,True,0.6825127601623535,0.6825127601623535,False,False,True,0.0,1.0,0.0,0.0,0,0.0,1014,49.51171875,True,True,0,0,0,True,True,accepted
M6,M6_30mA_30C_0,frame_0170.png,0.6689375042915344,True,,True,0.6689375042915344,0.6689375042915344,False,False,True,0.0,1.0,0.0,0.0,2,0.0009765625,1012,49.4140625,True,True,1,0,2,True,True,accepted
M6,M6_30mA_30C_0,frame_0172.png,0.7028321027755737,True,,True,0.7028321027755737,0.7028321027755737,False,False,True,0.0,1.0,0.0,0.0,0,0.0,1014,49.51171875,True,True,0,0,0,True,True,accepted
M6,M6_30mA_30C_0,frame_0182.png,0.6763042211532593,True,,True,0.6763042211532593,0.6763042211532593,False,False,True,0.0,1.0,0.0,0.0,0,0.0,1014,49.51171875,True,True,0,0,0,True,True,accepted
M6,M6_30mA_30C_0,frame_0183.png,0.6957582831382751,True,,True,0.6957582831382751,0.6957582831382751,False,False,True,0.0,1.0,0.0,0.0,1,0.00048828125,1013,49.462890625,True,True,1,0,1,True,True,accepted
M6,M6_30mA_30C_0,frame_0186.png,0.7073793411254883,True,,True,0.7073793411254883,0.7073793411254883,False,False,True,0.0,1.0,0.0,0.0,0,0.0,1014,49.51171875,True,True,0,0,0,True,True,accepted
M6,M6_30mA_30C_0,frame_0189.png,0.7041261792182922,True,,True,0.7041261792182922,0.7041261792182922,False,False,True,0.0,1.0,0.0,0.0,0,0.0,1014,49.51171875,True,True,0,0,0,True,True,accepted
M6,M6_30mA_30C_0,frame_0190.png,0.7099164128303528,True,,True,0.7099164128303528,0.7099164128303528,False,False,True,0.0,1.0,0.0,0.0,0,0.0,1014,49.51171875,True,True,0,0,0,True,True,accepted
M6,M6_30mA_30C_0,frame_0191.png,0.7131079435348511,True,,True,0.7131079435348511,0.7131079435348511,False,False,True,0.0,1.0,0.0,0.0,0,0.0,1014,49.51171875,True,True,0,0,0,True,True,accepted
M6,M6_30mA_30C_0,frame_0192.png,0.7003329396247864,True,,True,0.7003329396247864,0.7003329396247864,False,False,True,0.0,1.0,0.0,0.0,0,0.0,1014,49.51171875,True,True,0,0,0,True,True,accepted
M6,M6_30mA_30C_0,frame_0195.png,0.7051906585693359,True,,True,0.7051906585693359,0.7051906585693359,False,False,True,0.0,1.0,0.0,0.0,0,0.0,1014,49.51171875,True,True,0,0,0,True,True,accepted
M6,M6_30mA_30C_0,frame_0200.png,0.7138749957084656,True,,True,0.7138749957084656,0.7138749957084656,False,False,True,0.0,1.0,0.0,0.0,0,0.0,1014,49.51171875,True,True,0,0,0,True,True,accepted
M6,M6_30mA_40C_0,frame_0035.png,0.7413641214370728,True,,True,0.7413641214370728,0.7413641214370728,False,False,True,0.0,1.0,0.0,0.0,2,0.0009765625,1016,49.609375,True,True,1,0,2,True,True,accepted
M6,M6_30mA_40C_0,frame_0038.png,0.7813539505004883,True,,True,0.7813539505004883,0.7813539505004883,False,False,True,0.0,1.0,0.0,0.0,0,0.0,1014,49.51171875,True,True,0,0,0,True,True,accepted
M6,M6_30mA_40C_0,frame_0040.png,0.7744231820106506,True,,True,0.7744231820106506,0.7744231820106506,False,False,True,0.0,1.0,0.0,0.0,1,0.00048828125,1015,49.560546875,True,True,1,0,1,True,True,accepted
M6,M6_30mA_40C_0,frame_0041.png,0.7789705395698547,True,,True,0.7789705395698547,0.7789705395698547,False,False,True,0.0,1.0,0.0,0.0,0,0.0,1014,49.51171875,True,True,0,0,0,True,True,accepted
M6,M6_30mA_40C_0,frame_0050.png,0.7803775668144226,True,,True,0.7803775668144226,0.7803775668144226,False,False,True,0.0,1.0,0.0,0.0,1,0.00048828125,1015,49.560546875,True,True,1,0,1,True,True,accepted
M6,M6_30mA_40C_0,frame_0051.png,0.7394518256187439,True,,True,0.7394518256187439,0.7394518256187439,False,False,True,0.0,1.0,0.0,0.0,3,0.00146484375,1015,49.560546875,True,True,1,0,3,True,True,accepted
M6,M6_30mA_40C_0,frame_0052.png,0.7723317742347717,True,,True,0.7723317742347717,0.7723317742347717,False,False,True,0.0,1.0,0.0,0.0,0,0.0,1014,49.51171875,True,True,0,0,0,True,True,accepted
M6,M6_30mA_40C_0,frame_0054.png,0.7600212097167969,True,,True,0.7600212097167969,0.7600212097167969,False,False,True,0.0,1.0,0.0,0.0,0,0.0,1014,49.51171875,True,True,0,0,0,True,True,accepted
M6,M6_30mA_40C_0,frame_0057.png,0.7587462663650513,True,,True,0.7587462663650513,0.7587462663650513,False,False,True,0.0,1.0,0.0,0.0,2,0.0009765625,1016,49.609375,True,True,1,0,2,True,True,accepted
M6,M6_30mA_40C_0,frame_0062.png,0.7464092373847961,True,,True,0.7464092373847961,0.7464092373847961,False,False,True,0.0,1.0,0.0,0.0,7,0.00341796875,1013,49.462890625,True,True,1,0,7,True,True,accepted
M6,M6_30mA_40C_0,frame_0066.png,0.7342796325683594,True,,True,0.7342796325683594,0.7342796325683594,False,False,True,0.0,1.0,0.0,0.0,4,0.001953125,1014,49.51171875,True,True,1,0,4,True,True,accepted
M6,M6_30mA_40C_0,frame_0067.png,0.7641680836677551,True,,True,0.7641680836677551,0.7641680836677551,False,False,True,0.0,1.0,0.0,0.0,4,0.001953125,1016,49.609375,True,True,1,0,4,True,True,accepted
M6,M6_30mA_40C_0,frame_0068.png,0.7829813957214355,True,,True,0.7829813957214355,0.7829813957214355,False,False,True,0.0,1.0,0.0,0.0,1,0.00048828125,1013,49.462890625,True,True,1,0,1,True,True,accepted
M6,M6_30mA_40C_0,frame_0071.png,0.7764317393302917,True,,True,0.7764317393302917,0.7764317393302917,False,False,True,0.0,1.0,0.0,0.0,5,0.00244140625,1015,49.560546875,True,True,1,0,5,True,True,accepted
M6,M6_30mA_40C_0,frame_0074.png,0.7482860684394836,True,,True,0.7482860684394836,0.7482860684394836,False,False,True,0.0,1.0,0.0,0.0,1,0.00048828125,1013,49.462890625,True,True,1,0,1,True,True,accepted
M6,M6_30mA_40C_0,frame_0076.png,0.7771638631820679,True,,True,0.7771638631820679,0.7771638631820679,False,False,True,0.0,1.0,0.0,0.0,0,0.0,1014,49.51171875,True,True,0,0,0,True,True,accepted
M6,M6_30mA_40C_0,frame_0078.png,0.7615227103233337,True,,True,0.7615227103233337,0.7615227103233337,False,False,True,0.0,1.0,0.0,0.0,1,0.00048828125,1015,49.560546875,True,True,1,0,1,True,True,accepted
M6,M6_30mA_40C_0,frame_0081.png,0.7482876777648926,True,,True,0.7482876777648926,0.7482876777648926,False,False,True,0.0,1.0,0.0,0.0,0,0.0,1014,49.51171875,True,True,0,0,0,True,True,accepted
M6,M6_30mA_40C_0,frame_0082.png,0.7662361860275269,True,,True,0.7662361860275269,0.7662361860275269,False,False,True,0.0,1.0,0.0,0.0,2,0.0009765625,1014,49.51171875,True,True,1,0,2,True,True,accepted
M6,M6_30mA_40C_0,frame_0083.png,0.753058910369873,True,,True,0.753058910369873,0.753058910369873,False,False,True,0.0,1.0,0.0,0.0,2,0.0009765625,1014,49.51171875,True,True,1,0,2,True,True,accepted
M6,M6_30mA_40C_0,frame_0085.png,0.7785382866859436,True,,True,0.7785382866859436,0.7785382866859436,False,False,True,0.0,1.0,0.0,0.0,0,0.0,1014,49.51171875,True,True,0,0,0,True,True,accepted
M6,M6_30mA_40C_0,frame_0087.png,0.7637696266174316,True,,True,0.7637696266174316,0.7637696266174316,False,False,True,0.0,1.0,0.0,0.0,0,0.0,1014,49.51171875,True,True,0,0,0,True,True,accepted
M6,M6_30mA_40C_0,frame_0088.png,0.7610849142074585,True,,True,0.7610849142074585,0.7610849142074585,False,False,True,0.0,1.0,0.0,0.0,2,0.0009765625,1016,49.609375,True,True,1,0,2,True,True,accepted
M6,M6_30mA_40C_0,frame_0089.png,0.776123583316803,True,,True,0.776123583316803,0.776123583316803,False,False,True,0.0,1.0,0.0,0.0,0,0.0,1014,49.51171875,True,True,0,0,0,True,True,accepted
M6,M6_30mA_40C_0,frame_0091.png,0.7546943426132202,True,,True,0.7546943426132202,0.7546943426132202,False,False,True,0.0,1.0,0.0,0.0,0,0.0,1014,49.51171875,True,True,0,0,0,True,True,accepted
M6,M6_30mA_40C_0,frame_0098.png,0.771373987197876,True,,True,0.771373987197876,0.771373987197876,False,False,True,0.0,1.0,0.0,0.0,0,0.0,1014,49.51171875,True,True,0,0,0,True,True,accepted
M6,M6_30mA_40C_0,frame_0105.png,0.7787548899650574,True,,True,0.7787548899650574,0.7787548899650574,False,False,True,0.0,1.0,0.0,0.0,0,0.0,1014,49.51171875,True,True,0,0,0,True,True,accepted
M6,M6_30mA_40C_0,frame_0109.png,0.6881750822067261,True,,True,0.6881750822067261,0.6881750822067261,False,False,True,0.0,1.0,0.0,0.0,1,0.00048828125,1015,49.560546875,True,True,1,0,1,True,True,accepted
M6,M6_30mA_40C_0,frame_0116.png,0.7220365405082703,True,,True,0.7220365405082703,0.7220365405082703,False,False,True,0.0,1.0,0.0,0.0,7,0.00341796875,1011,49.365234375,True,True,1,0,7,True,True,accepted
M6,M6_30mA_40C_0,frame_0120.png,0.7774868607521057,True,,True,0.7774868607521057,0.7774868607521057,False,False,True,0.0,1.0,0.0,0.0,2,0.0009765625,1014,49.51171875,True,True,1,0,2,True,True,accepted
M6,M6_30mA_40C_0,frame_0122.png,0.7688173055648804,True,,True,0.7688173055648804,0.7688173055648804,False,False,True,0.0,1.0,0.0,0.0,0,0.0,1014,49.51171875,True,True,0,0,0,True,True,accepted
M6,M6_30mA_40C_0,frame_0127.png,0.7705227732658386,True,,True,0.7705227732658386,0.7705227732658386,False,False,True,0.0,1.0,0.0,0.0,0,0.0,1014,49.51171875,True,True,0,0,0,True,True,accepted
M6,M6_30mA_40C_0,frame_0128.png,0.7488893270492554,True,,True,0.7488893270492554,0.7488893270492554,False,False,True,0.0,1.0,0.0,0.0,21,0.01025390625,1013,49.462890625,True,True,1,0,21,True,True,accepted
M6,M6_30mA_40C_0,frame_0131.png,0.7241321802139282,True,,True,0.7241321802139282,0.7241321802139282,False,False,True,0.0,1.0,0.0,0.0,4,0.001953125,1016,49.609375,True,True,1,0,4,True,True,accepted
M6,M6_30mA_40C_0,frame_0136.png,0.7718384265899658,True,,True,0.7718384265899658,0.7718384265899658,False,False,True,0.0,1.0,0.0,0.0,0,0.0,1014,49.51171875,True,True,0,0,0,True,True,accepted
M6,M6_30mA_40C_0,frame_0140.png,0.7290171384811401,True,,True,0.7290171384811401,0.7290171384811401,False,False,True,0.0,1.0,0.0,0.0,15,0.00732421875,1015,49.560546875,True,True,1,0,15,True,True,accepted
M6,M6_30mA_40C_0,frame_0144.png,0.761846661567688,True,,True,0.761846661567688,0.761846661567688,False,False,True,0.0,1.0,0.0,0.0,1,0.00048828125,1013,49.462890625,True,True,1,0,1,True,True,accepted
M6,M6_30mA_40C_0,frame_0159.png,0.7725626230239868,True,,True,0.7725626230239868,0.7725626230239868,False,False,True,0.0,1.0,0.0,0.0,2,0.0009765625,1016,49.609375,True,True,1,0,2,True,True,accepted
M6,M6_30mA_40C_0,frame_0166.png,0.7661517262458801,True,,True,0.7661517262458801,0.7661517262458801,False,False,True,0.0,1.0,0.0,0.0,1,0.00048828125,1015,49.560546875,True,True,1,0,1,True,True,accepted
M6,M6_30mA_40C_0,frame_0168.png,0.7685593962669373,True,,True,0.7685593962669373,0.7685593962669373,False,False,True,0.0,1.0,0.0,0.0,0,0.0,1014,49.51171875,True,True,0,0,0,True,True,accepted
M6,M6_30mA_40C_0,frame_0170.png,0.7565769553184509,True,,True,0.7565769553184509,0.7565769553184509,False,False,True,0.0,1.0,0.0,0.0,0,0.0,1014,49.51171875,True,True,0,0,0,True,True,accepted
M6,M6_30mA_40C_0,frame_0171.png,0.6720728278160095,True,,True,0.6720728278160095,0.6720728278160095,False,False,True,0.0,1.0,0.0,0.0,51,0.02490234375,1015,49.560546875,True,True,1,0,51,True,True,accepted
M6,M6_30mA_40C_0,frame_0178.png,0.723693311214447,True,,True,0.723693311214447,0.723693311214447,False,False,True,0.0,1.0,0.0,0.0,0,0.0,1014,49.51171875,True,True,0,0,0,True,True,accepted
M6,M6_30mA_40C_0,frame_0190.png,0.7327117323875427,True,,True,0.7327117323875427,0.7327117323875427,False,False,True,0.0,1.0,0.0,0.0,1,0.00048828125,1015,49.560546875,True,True,1,0,1,True,True,accepted
M6,M6_30mA_40C_0,frame_0198.png,0.7614992260932922,True,,True,0.7614992260932922,0.7614992260932922,False,False,True,0.0,1.0,0.0,0.0,0,0.0,1014,49.51171875,True,True,0,0,0,True,True,accepted
M7,M7_10mA_20C_0,frame_0010.png,0.7644011378288269,True,,True,0.7644011378288269,0.7644011378288269,False,False,True,0.0,1.0,0.0,0.0,0,0.0,1000,48.828125,True,True,0,0,0,True,True,accepted
M7,M7_10mA_20C_0,frame_0014.png,0.7767449021339417,True,,True,0.7767449021339417,0.7767449021339417,False,False,True,0.0,1.0,0.0,0.0,0,0.0,1000,48.828125,True,True,0,0,0,True,True,accepted
M7,M7_10mA_20C_0,frame_0015.png,0.7672446370124817,True,,True,0.7672446370124817,0.7672446370124817,False,False,True,0.0,1.0,0.0,0.0,0,0.0,1000,48.828125,True,True,0,0,0,True,True,accepted
M7,M7_10mA_20C_0,frame_0024.png,0.7421867251396179,True,,True,0.7421867251396179,0.7421867251396179,False,False,True,0.0,1.0,0.0,0.0,1,0.00048828125,1001,48.876953125,True,True,1,0,1,True,True,accepted
M7,M7_10mA_20C_0,frame_0025.png,0.7493206858634949,True,,True,0.7493206858634949,0.7493206858634949,False,False,True,0.0,1.0,0.0,0.0,0,0.0,1000,48.828125,True,True,0,0,0,True,True,accepted
M7,M7_10mA_20C_0,frame_0032.png,0.7714500427246094,True,,True,0.7714500427246094,0.7714500427246094,False,False,True,0.0,1.0,0.0,0.0,0,0.0,1000,48.828125,True,True,0,0,0,True,True,accepted
M7,M7_10mA_20C_0,frame_0035.png,0.7567291259765625,True,,True,0.7567291259765625,0.7567291259765625,False,False,True,0.0,1.0,0.0,0.0,0,0.0,1000,48.828125,True,True,0,0,0,True,True,accepted
M7,M7_10mA_20C_0,frame_0040.png,0.7729685306549072,True,,True,0.7729685306549072,0.7729685306549072,False,False,True,0.0,1.0,0.0,0.0,0,0.0,1000,48.828125,True,True,0,0,0,True,True,accepted
M7,M7_10mA_20C_0,frame_0042.png,0.7458019256591797,True,,True,0.7458019256591797,0.7458019256591797,False,False,True,0.0,1.0,0.0,0.0,21,0.01025390625,1003,48.974609375,True,True,1,0,21,True,True,accepted
M7,M7_10mA_20C_0,frame_0054.png,0.7575685977935791,True,,True,0.7575685977935791,0.7575685977935791,False,False,True,0.0,1.0,0.0,0.0,3,0.00146484375,999,48.779296875,True,True,1,0,3,True,True,accepted
M7,M7_10mA_20C_0,frame_0057.png,0.7725231647491455,True,,True,0.7725231647491455,0.7725231647491455,False,False,True,0.0,1.0,0.0,0.0,0,0.0,1000,48.828125,True,True,0,0,0,True,True,accepted
M7,M7_10mA_20C_0,frame_0061.png,0.7416682243347168,True,,True,0.7416682243347168,0.7416682243347168,False,False,True,0.0,1.0,0.0,0.0,0,0.0,1000,48.828125,True,True,0,0,0,True,True,accepted
M7,M7_10mA_20C_0,frame_0065.png,0.7383090257644653,True,,True,0.7383090257644653,0.7383090257644653,False,False,True,0.0,1.0,0.0,0.0,9,0.00439453125,1001,48.876953125,True,True,1,0,9,True,True,accepted
M7,M7_10mA_20C_0,frame_0067.png,0.7521125078201294,True,,True,0.7521125078201294,0.7521125078201294,False,False,True,0.0,1.0,0.0,0.0,4,0.001953125,998,48.73046875,True,True,1,0,4,True,True,accepted
M7,M7_10mA_20C_0,frame_0073.png,0.7639512419700623,True,,True,0.7639512419700623,0.7639512419700623,False,False,True,0.0,1.0,0.0,0.0,0,0.0,1000,48.828125,True,True,0,0,0,True,True,accepted
M7,M7_10mA_20C_0,frame_0076.png,0.7650049924850464,True,,True,0.7650049924850464,0.7650049924850464,False,False,True,0.0,1.0,0.0,0.0,1,0.00048828125,1001,48.876953125,True,True,1,0,1,True,True,accepted
M7,M7_10mA_20C_0,frame_0078.png,0.7693515419960022,True,,True,0.7693515419960022,0.7693515419960022,False,False,True,0.0,1.0,0.0,0.0,0,0.0,1000,48.828125,True,True,0,0,0,True,True,accepted
M7,M7_10mA_20C_0,frame_0079.png,0.7722679376602173,True,,True,0.7722679376602173,0.7722679376602173,False,False,True,0.0,1.0,0.0,0.0,0,0.0,1000,48.828125,True,True,0,0,0,True,True,accepted
M7,M7_10mA_20C_0,frame_0086.png,0.7715678215026855,True,,True,0.7715678215026855,0.7715678215026855,False,False,True,0.0,1.0,0.0,0.0,0,0.0,1000,48.828125,True,True,0,0,0,True,True,accepted
M7,M7_10mA_20C_0,frame_0088.png,0.7485732436180115,True,,True,0.7485732436180115,0.7485732436180115,False,False,True,0.0,1.0,0.0,0.0,3,0.00146484375,999,48.779296875,True,True,1,0,3,True,True,accepted
M7,M7_10mA_20C_0,frame_0091.png,0.7125858664512634,True,,True,0.7125858664512634,0.7125858664512634,False,False,True,0.0,1.0,0.0,0.0,91,0.04443359375,993,48.486328125,True,True,2,0,91,True,True,accepted
M7,M7_10mA_20C_0,frame_0093.png,0.7037728428840637,True,,True,0.7037728428840637,0.7037728428840637,False,False,True,0.0,1.0,0.0,0.0,12,0.005859375,1008,49.21875,True,True,1,0,12,True,True,accepted
M7,M7_10mA_20C_0,frame_0101.png,0.7409349679946899,True,,True,0.7409349679946899,0.7409349679946899,False,False,True,0.0,1.0,0.0,0.0,1,0.00048828125,1001,48.876953125,True,True,1,0,1,True,True,accepted
M7,M7_10mA_20C_0,frame_0103.png,0.73805171251297,True,,True,0.73805171251297,0.73805171251297,False,False,True,0.0,1.0,0.0,0.0,0,0.0,1000,48.828125,True,True,0,0,0,True,True,accepted
M7,M7_10mA_20C_0,frame_0121.png,0.7573687434196472,True,,True,0.7573687434196472,0.7573687434196472,False,False,True,0.0,1.0,0.0,0.0,0,0.0,1000,48.828125,True,True,0,0,0,True,True,accepted
M7,M7_10mA_20C_0,frame_0124.png,0.760468602180481,True,,True,0.760468602180481,0.760468602180481,False,False,True,0.0,1.0,0.0,0.0,0,0.0,1000,48.828125,True,True,0,0,0,True,True,accepted
M7,M7_10mA_20C_0,frame_0125.png,0.749610185623169,True,,True,0.749610185623169,0.749610185623169,False,False,True,0.0,1.0,0.0,0.0,1,0.00048828125,1001,48.876953125,True,True,1,0,1,True,True,accepted
M7,M7_10mA_20C_0,frame_0126.png,0.7461158037185669,True,,True,0.7461158037185669,0.7461158037185669,False,False,True,0.0,1.0,0.0,0.0,34,0.0166015625,1000,48.828125,True,True,2,0,34,True,True,accepted
M7,M7_10mA_20C_0,frame_0127.png,0.7377152442932129,True,,True,0.7377152442932129,0.7377152442932129,False,False,True,0.0,1.0,0.0,0.0,0,0.0,1000,48.828125,True,True,0,0,0,True,True,accepted
M7,M7_10mA_20C_0,frame_0139.png,0.719589114189148,True,,True,0.719589114189148,0.719589114189148,False,False,True,0.0,1.0,0.0,0.0,0,0.0,1000,48.828125,True,True,0,0,0,True,True,accepted
M7,M7_10mA_20C_0,frame_0143.png,0.7591496706008911,True,,True,0.7591496706008911,0.7591496706008911,False,False,True,0.0,1.0,0.0,0.0,0,0.0,1000,48.828125,True,True,0,0,0,True,True,accepted
M7,M7_10mA_20C_0,frame_0147.png,0.7586438655853271,True,,True,0.7586438655853271,0.7586438655853271,False,False,True,0.0,1.0,0.0,0.0,0,0.0,1000,48.828125,True,True,0,0,0,True,True,accepted
M7,M7_10mA_20C_0,frame_0152.png,0.7378867268562317,True,,True,0.7378867268562317,0.7378867268562317,False,False,True,0.0,1.0,0.0,0.0,2,0.0009765625,1000,48.828125,True,True,1,0,2,True,True,accepted
M7,M7_10mA_20C_0,frame_0153.png,0.7308117151260376,True,,True,0.7308117151260376,0.7308117151260376,False,False,True,0.0,1.0,0.0,0.0,22,0.0107421875,1010,49.31640625,True,True,2,0,22,True,True,accepted
M7,M7_10mA_20C_0,frame_0156.png,0.7709457874298096,True,,True,0.7709457874298096,0.7709457874298096,False,False,True,0.0,1.0,0.0,0.0,0,0.0,1000,48.828125,True,True,0,0,0,True,True,accepted
M7,M7_10mA_20C_0,frame_0169.png,0.7572263479232788,True,,True,0.7572263479232788,0.7572263479232788,False,False,True,0.0,1.0,0.0,0.0,6,0.0029296875,1002,48.92578125,True,True,1,0,6,True,True,accepted
M7,M7_10mA_20C_0,frame_0173.png,0.7675601840019226,True,,True,0.7675601840019226,0.7675601840019226,False,False,True,0.0,1.0,0.0,0.0,0,0.0,1000,48.828125,True,True,0,0,0,True,True,accepted
M7,M7_10mA_20C_0,frame_0176.png,0.752652645111084,True,,True,0.752652645111084,0.752652645111084,False,False,True,0.0,1.0,0.0,0.0,0,0.0,1000,48.828125,True,True,0,0,0,True,True,accepted
M7,M7_10mA_20C_0,frame_0184.png,0.7614937424659729,True,,True,0.7614937424659729,0.7614937424659729,False,False,True,0.0,1.0,0.0,0.0,0,0.0,1000,48.828125,True,True,0,0,0,True,True,accepted
M7,M7_10mA_20C_0,frame_0186.png,0.7707709074020386,True,,True,0.7707709074020386,0.7707709074020386,False,False,True,0.0,1.0,0.0,0.0,1,0.00048828125,1001,48.876953125,True,True,1,0,1,True,True,accepted
M7,M7_10mA_20C_0,frame_0188.png,0.7661120295524597,True,,True,0.7661120295524597,0.7661120295524597,False,False,True,0.0,1.0,0.0,0.0,0,0.0,1000,48.828125,True,True,0,0,0,True,True,accepted
M7,M7_10mA_20C_0,frame_0190.png,0.7657877206802368,True,,True,0.7657877206802368,0.7657877206802368,False,False,True,0.0,1.0,0.0,0.0,0,0.0,1000,48.828125,True,True,0,0,0,True,True,accepted
M7,M7_10mA_20C_0,frame_0191.png,0.6898429989814758,True,,True,0.6898429989814758,0.6898429989814758,False,False,True,0.0,1.0,0.0,0.0,16,0.0078125,1006,49.12109375,True,True,1,0,16,True,True,accepted
M7,M7_10mA_20C_0,frame_0192.png,0.6678854823112488,True,,True,0.6678854823112488,0.6678854823112488,False,False,True,0.0,1.0,0.0,0.0,10,0.0048828125,998,48.73046875,True,True,1,0,10,True,True,accepted
M7,M7_10mA_20C_0,frame_0198.png,0.7597217559814453,True,,True,0.7597217559814453,0.7597217559814453,False,False,True,0.0,1.0,0.0,0.0,1,0.00048828125,1001,48.876953125,True,True,1,0,1,True,True,accepted
M7,M7_10mA_30C_0,frame_0023.png,0.7686240673065186,True,,True,0.7686240673065186,0.7686240673065186,False,False,True,0.0,1.0,0.0,0.0,0,0.0,1000,48.828125,True,True,0,0,0,True,True,accepted
M7,M7_10mA_30C_0,frame_0026.png,0.7512708306312561,True,,True,0.7512708306312561,0.7512708306312561,False,False,True,0.0,1.0,0.0,0.0,3,0.00146484375,1003,48.974609375,True,True,1,0,3,True,True,accepted
M7,M7_10mA_30C_0,frame_0029.png,0.7219494581222534,True,,True,0.7219494581222534,0.7219494581222534,False,False,True,0.0,1.0,0.0,0.0,0,0.0,1000,48.828125,True,True,0,0,0,True,True,accepted
M7,M7_10mA_30C_0,frame_0033.png,0.6699411869049072,True,,True,0.6699411869049072,0.6699411869049072,False,False,True,0.0,1.0,0.0,0.0,2,0.0009765625,1002,48.92578125,True,True,1,0,2,True,True,accepted
M7,M7_10mA_30C_0,frame_0038.png,0.7408896088600159,True,,True,0.7408896088600159,0.7408896088600159,False,False,True,0.0,1.0,0.0,0.0,0,0.0,1000,48.828125,True,True,0,0,0,True,True,accepted
M7,M7_10mA_30C_0,frame_0039.png,0.757941722869873,True,,True,0.757941722869873,0.757941722869873,False,False,True,0.0,1.0,0.0,0.0,0,0.0,1000,48.828125,True,True,0,0,0,True,True,accepted
M7,M7_10mA_30C_0,frame_0040.png,0.7210339307785034,True,,True,0.7210339307785034,0.7210339307785034,False,False,True,0.0,1.0,0.0,0.0,16,0.0078125,1000,48.828125,True,True,1,0,16,True,True,accepted
M7,M7_10mA_30C_0,frame_0042.png,0.7726762890815735,True,,True,0.7726762890815735,0.7726762890815735,False,False,True,0.0,1.0,0.0,0.0,0,0.0,1000,48.828125,True,True,0,0,0,True,True,accepted
M7,M7_10mA_30C_0,frame_0043.png,0.7583851218223572,True,,True,0.7583851218223572,0.7583851218223572,False,False,True,0.0,1.0,0.0,0.0,0,0.0,1000,48.828125,True,True,0,0,0,True,True,accepted
M7,M7_10mA_30C_0,frame_0050.png,0.7035219669342041,True,,True,0.7035219669342041,0.7035219669342041,False,False,True,0.0,1.0,0.0,0.0,1,0.00048828125,1001,48.876953125,True,True,1,0,1,True,True,accepted
M7,M7_10mA_30C_0,frame_0051.png,0.7279305458068848,True,,True,0.7279305458068848,0.7279305458068848,False,False,True,0.0,1.0,0.0,0.0,0,0.0,1000,48.828125,True,True,0,0,0,True,True,accepted
M7,M7_10mA_30C_0,frame_0058.png,0.7526422739028931,True,,True,0.7526422739028931,0.7526422739028931,False,False,True,0.0,1.0,0.0,0.0,0,0.0,1000,48.828125,True,True,0,0,0,True,True,accepted
M7,M7_10mA_30C_0,frame_0061.png,0.7313113808631897,True,,True,0.7313113808631897,0.7313113808631897,False,False,True,0.0,1.0,0.0,0.0,0,0.0,1000,48.828125,True,True,0,0,0,True,True,accepted
M7,M7_10mA_30C_0,frame_0062.png,0.7595112919807434,True,,True,0.7595112919807434,0.7595112919807434,False,False,True,0.0,1.0,0.0,0.0,0,0.0,1000,48.828125,True,True,0,0,0,True,True,accepted
M7,M7_10mA_30C_0,frame_0063.png,0.762520432472229,True,,True,0.762520432472229,0.762520432472229,False,False,True,0.0,1.0,0.0,0.0,0,0.0,1000,48.828125,True,True,0,0,0,True,True,accepted
M7,M7_10mA_30C_0,frame_0064.png,0.7272577285766602,True,,True,0.7272577285766602,0.7272577285766602,False,False,True,0.0,1.0,0.0,0.0,3,0.00146484375,1001,48.876953125,True,True,1,0,3,True,True,accepted
M7,M7_10mA_30C_0,frame_0065.png,0.7665901780128479,True,,True,0.7665901780128479,0.7665901780128479,False,False,True,0.0,1.0,0.0,0.0,0,0.0,1000,48.828125,True,True,0,0,0,True,True,accepted
M7,M7_10mA_30C_0,frame_0068.png,0.7749181389808655,True,,True,0.7749181389808655,0.7749181389808655,False,False,True,0.0,1.0,0.0,0.0,0,0.0,1000,48.828125,True,True,0,0,0,True,True,accepted
M7,M7_10mA_30C_0,frame_0079.png,0.7630060315132141,True,,True,0.7630060315132141,0.7630060315132141,False,False,True,0.0,1.0,0.0,0.0,0,0.0,1000,48.828125,True,True,0,0,0,True,True,accepted
M7,M7_10mA_30C_0,frame_0084.png,0.722819983959198,True,,True,0.722819983959198,0.722819983959198,False,False,True,0.0,1.0,0.0,0.0,1,0.00048828125,1001,48.876953125,True,True,1,0,1,True,True,accepted
M7,M7_10mA_30C_0,frame_0086.png,0.7626068592071533,True,,True,0.7626068592071533,0.7626068592071533,False,False,True,0.0,1.0,0.0,0.0,0,0.0,1000,48.828125,True,True,0,0,0,True,True,accepted
M7,M7_10mA_30C_0,frame_0089.png,0.7701541781425476,True,,True,0.7701541781425476,0.7701541781425476,False,False,True,0.0,1.0,0.0,0.0,0,0.0,1000,48.828125,True,True,0,0,0,True,True,accepted
M7,M7_10mA_30C_0,frame_0094.png,0.765211284160614,True,,True,0.765211284160614,0.765211284160614,False,False,True,0.0,1.0,0.0,0.0,0,0.0,1000,48.828125,True,True,0,0,0,True,True,accepted
M7,M7_10mA_30C_0,frame_0097.png,0.7686780691146851,True,,True,0.7686780691146851,0.7686780691146851,False,False,True,0.0,1.0,0.0,0.0,0,0.0,1000,48.828125,True,True,0,0,0,True,True,accepted
M7,M7_10mA_30C_0,frame_0104.png,0.7529502511024475,True,,True,0.7529502511024475,0.7529502511024475,False,False,True,0.0,1.0,0.0,0.0,0,0.0,1000,48.828125,True,True,0,0,0,True,True,accepted
M7,M7_10mA_30C_0,frame_0108.png,0.7451611757278442,True,,True,0.7451611757278442,0.7451611757278442,False,False,True,0.0,1.0,0.0,0.0,1,0.00048828125,1001,48.876953125,True,True,1,0,1,True,True,accepted
M7,M7_10mA_30C_0,frame_0111.png,0.7468583583831787,True,,True,0.7468583583831787,0.7468583583831787,False,False,True,0.0,1.0,0.0,0.0,2,0.0009765625,1000,48.828125,True,True,1,0,2,True,True,accepted
M7,M7_10mA_30C_0,frame_0114.png,0.7650234699249268,True,,True,0.7650234699249268,0.7650234699249268,False,False,True,0.0,1.0,0.0,0.0,0,0.0,1000,48.828125,True,True,0,0,0,True,True,accepted
M7,M7_10mA_30C_0,frame_0123.png,0.743011474609375,True,,True,0.743011474609375,0.743011474609375,False,False,True,0.0,1.0,0.0,0.0,10,0.0048828125,1004,49.0234375,True,True,1,0,10,True,True,accepted
M7,M7_10mA_30C_0,frame_0135.png,0.7561352849006653,True,,True,0.7561352849006653,0.7561352849006653,False,False,True,0.0,1.0,0.0,0.0,0,0.0,1000,48.828125,True,True,0,0,0,True,True,accepted
M7,M7_10mA_30C_0,frame_0138.png,0.7664290070533752,True,,True,0.7664290070533752,0.7664290070533752,False,False,True,0.0,1.0,0.0,0.0,2,0.0009765625,1000,48.828125,True,True,1,0,2,True,True,accepted
M7,M7_10mA_30C_0,frame_0139.png,0.7511077523231506,True,,True,0.7511077523231506,0.7511077523231506,False,False,True,0.0,1.0,0.0,0.0,0,0.0,1000,48.828125,True,True,0,0,0,True,True,accepted
M7,M7_10mA_30C_0,frame_0144.png,0.7268362045288086,True,,True,0.7268362045288086,0.7268362045288086,False,False,True,0.0,1.0,0.0,0.0,0,0.0,1000,48.828125,True,True,0,0,0,True,True,accepted
M7,M7_10mA_30C_0,frame_0146.png,0.7658829092979431,True,,True,0.7658829092979431,0.7658829092979431,False,False,True,0.0,1.0,0.0,0.0,0,0.0,1000,48.828125,True,True,0,0,0,True,True,accepted
M7,M7_10mA_30C_0,frame_0148.png,0.7711563110351562,True,,True,0.7711563110351562,0.7711563110351562,False,False,True,0.0,1.0,0.0,0.0,0,0.0,1000,48.828125,True,True,0,0,0,True,True,accepted
M7,M7_10mA_30C_0,frame_0152.png,0.7631544470787048,True,,True,0.7631544470787048,0.7631544470787048,False,False,True,0.0,1.0,0.0,0.0,1,0.00048828125,1001,48.876953125,True,True,1,0,1,True,True,accepted
M7,M7_10mA_30C_0,frame_0161.png,0.7189652919769287,True,,True,0.7189652919769287,0.7189652919769287,False,False,True,0.0,1.0,0.0,0.0,0,0.0,1000,48.828125,True,True,0,0,0,True,True,accepted
M7,M7_10mA_30C_0,frame_0162.png,0.7260019183158875,True,,True,0.7260019183158875,0.7260019183158875,False,False,True,0.0,1.0,0.0,0.0,0,0.0,1000,48.828125,True,True,0,0,0,True,True,accepted
M7,M7_10mA_30C_0,frame_0165.png,0.7623301148414612,True,,True,0.7623301148414612,0.7623301148414612,False,False,True,0.0,1.0,0.0,0.0,0,0.0,1000,48.828125,True,True,0,0,0,True,True,accepted
M7,M7_10mA_30C_0,frame_0176.png,0.7559571266174316,True,,True,0.7559571266174316,0.7559571266174316,False,False,True,0.0,1.0,0.0,0.0,0,0.0,1000,48.828125,True,True,0,0,0,True,True,accepted
M7,M7_10mA_30C_0,frame_0184.png,0.7667545080184937,True,,True,0.7667545080184937,0.7667545080184937,False,False,True,0.0,1.0,0.0,0.0,1,0.00048828125,999,48.779296875,True,True,1,0,1,True,True,accepted
M7,M7_10mA_30C_0,frame_0190.png,0.7484586238861084,True,,True,0.7484586238861084,0.7484586238861084,False,False,True,0.0,1.0,0.0,0.0,2,0.0009765625,1000,48.828125,True,True,1,0,2,True,True,accepted
M7,M7_10mA_30C_0,frame_0192.png,0.7315320372581482,True,,True,0.7315320372581482,0.7315320372581482,False,False,True,0.0,1.0,0.0,0.0,9,0.00439453125,1003,48.974609375,True,True,1,0,9,True,True,accepted
M7,M7_10mA_30C_0,frame_0194.png,0.7579951882362366,True,,True,0.7579951882362366,0.7579951882362366,False,False,True,0.0,1.0,0.0,0.0,0,0.0,1000,48.828125,True,True,0,0,0,True,True,accepted
M7,M7_10mA_30C_0,frame_0200.png,0.744358241558075,True,,True,0.744358241558075,0.744358241558075,False,False,True,0.0,1.0,0.0,0.0,2,0.0009765625,1002,48.92578125,True,True,1,0,2,True,True,accepted
M7,M7_10mA_40C_0,frame_0031.png,0.7618332505226135,True,,True,0.7618332505226135,0.7618332505226135,False,False,True,0.0,1.0,0.0,0.0,0,0.0,1000,48.828125,True,True,0,0,0,True,True,accepted
M7,M7_10mA_40C_0,frame_0036.png,0.7485837936401367,True,,True,0.7485837936401367,0.7485837936401367,False,False,True,0.0,1.0,0.0,0.0,0,0.0,1000,48.828125,True,True,0,0,0,True,True,accepted
M7,M7_10mA_40C_0,frame_0038.png,0.7766488194465637,True,,True,0.7766488194465637,0.7766488194465637,False,False,True,0.0,1.0,0.0,0.0,0,0.0,1000,48.828125,True,True,0,0,0,True,True,accepted
M7,M7_10mA_40C_0,frame_0045.png,0.7595393061637878,True,,True,0.7595393061637878,0.7595393061637878,False,False,True,0.0,1.0,0.0,0.0,1,0.00048828125,999,48.779296875,True,True,1,0,1,True,True,accepted
M7,M7_10mA_40C_0,frame_0067.png,0.7666917443275452,True,,True,0.7666917443275452,0.7666917443275452,False,False,True,0.0,1.0,0.0,0.0,9,0.00439453125,1001,48.876953125,True,True,1,0,9,True,True,accepted
M7,M7_10mA_40C_0,frame_0075.png,0.7830432057380676,True,,True,0.7830432057380676,0.7830432057380676,False,False,True,0.0,1.0,0.0,0.0,0,0.0,1000,48.828125,True,True,0,0,0,True,True,accepted
M7,M7_10mA_40C_0,frame_0078.png,0.7724323868751526,True,,True,0.7724323868751526,0.7724323868751526,False,False,True,0.0,1.0,0.0,0.0,0,0.0,1000,48.828125,True,True,0,0,0,True,True,accepted
M7,M7_10mA_40C_0,frame_0081.png,0.7379907369613647,True,,True,0.7379907369613647,0.7379907369613647,False,False,True,0.0,1.0,0.0,0.0,4,0.001953125,1000,48.828125,True,True,1,0,4,True,True,accepted
M7,M7_10mA_40C_0,frame_0089.png,0.7212499976158142,True,,True,0.7212499976158142,0.7212499976158142,False,False,True,0.0,1.0,0.0,0.0,0,0.0,1000,48.828125,True,True,0,0,0,True,True,accepted
M7,M7_10mA_40C_0,frame_0099.png,0.7792994379997253,True,,True,0.7792994379997253,0.7792994379997253,False,False,True,0.0,1.0,0.0,0.0,0,0.0,1000,48.828125,True,True,0,0,0,True,True,accepted
M7,M7_10mA_40C_0,frame_0100.png,0.7493965029716492,True,,True,0.7493965029716492,0.7493965029716492,False,False,True,0.0,1.0,0.0,0.0,0,0.0,1000,48.828125,True,True,0,0,0,True,True,accepted
M7,M7_10mA_40C_0,frame_0102.png,0.7806695103645325,True,,True,0.7806695103645325,0.7806695103645325,False,False,True,0.0,1.0,0.0,0.0,0,0.0,1000,48.828125,True,True,0,0,0,True,True,accepted
M7,M7_10mA_40C_0,frame_0103.png,0.7652324438095093,True,,True,0.7652324438095093,0.7652324438095093,False,False,True,0.0,1.0,0.0,0.0,0,0.0,1000,48.828125,True,True,0,0,0,True,True,accepted
M7,M7_10mA_40C_0,frame_0104.png,0.7638323307037354,True,,True,0.7638323307037354,0.7638323307037354,False,False,True,0.0,1.0,0.0,0.0,0,0.0,1000,48.828125,True,True,0,0,0,True,True,accepted
M7,M7_10mA_40C_0,frame_0107.png,0.7553671598434448,True,,True,0.7553671598434448,0.7553671598434448,False,False,True,0.0,1.0,0.0,0.0,0,0.0,1000,48.828125,True,True,0,0,0,True,True,accepted
M7,M7_10mA_40C_0,frame_0111.png,0.7193964123725891,True,,True,0.7193964123725891,0.7193964123725891,False,False,True,0.0,1.0,0.0,0.0,3,0.00146484375,1001,48.876953125,True,True,1,0,3,True,True,accepted
M7,M7_10mA_40C_0,frame_0112.png,0.7724729776382446,True,,True,0.7724729776382446,0.7724729776382446,False,False,True,0.0,1.0,0.0,0.0,1,0.00048828125,1001,48.876953125,True,True,1,0,1,True,True,accepted
M7,M7_10mA_40C_0,frame_0118.png,0.7487040162086487,True,,True,0.7487040162086487,0.7487040162086487,False,False,True,0.0,1.0,0.0,0.0,25,0.01220703125,1005,49.072265625,True,True,1,0,25,True,True,accepted
M7,M7_10mA_40C_0,frame_0120.png,0.7677963376045227,True,,True,0.7677963376045227,0.7677963376045227,False,False,True,0.0,1.0,0.0,0.0,0,0.0,1000,48.828125,True,True,0,0,0,True,True,accepted
M7,M7_10mA_40C_0,frame_0122.png,0.705843448638916,True,,True,0.705843448638916,0.705843448638916,False,False,True,0.0,1.0,0.0,0.0,2,0.0009765625,1000,48.828125,True,True,1,0,2,True,True,accepted
M7,M7_10mA_40C_0,frame_0126.png,0.7635458707809448,True,,True,0.7635458707809448,0.7635458707809448,False,False,True,0.0,1.0,0.0,0.0,0,0.0,1000,48.828125,True,True,0,0,0,True,True,accepted
M7,M7_10mA_40C_0,frame_0133.png,0.7765036225318909,True,,True,0.7765036225318909,0.7765036225318909,False,False,True,0.0,1.0,0.0,0.0,0,0.0,1000,48.828125,True,True,0,0,0,True,True,accepted
M7,M7_10mA_40C_0,frame_0134.png,0.744788408279419,True,,True,0.744788408279419,0.744788408279419,False,False,True,0.0,1.0,0.0,0.0,14,0.0068359375,1004,49.0234375,True,True,1,0,14,True,True,accepted
M7,M7_10mA_40C_0,frame_0141.png,0.7551673650741577,True,,True,0.7551673650741577,0.7551673650741577,False,False,True,0.0,1.0,0.0,0.0,0,0.0,1000,48.828125,True,True,0,0,0,True,True,accepted
M7,M7_10mA_40C_0,frame_0143.png,0.776627242565155,True,,True,0.776627242565155,0.776627242565155,False,False,True,0.0,1.0,0.0,0.0,0,0.0,1000,48.828125,True,True,0,0,0,True,True,accepted
M7,M7_10mA_40C_0,frame_0149.png,0.7775890827178955,True,,True,0.7775890827178955,0.7775890827178955,False,False,True,0.0,1.0,0.0,0.0,0,0.0,1000,48.828125,True,True,0,0,0,True,True,accepted
M7,M7_10mA_40C_0,frame_0150.png,0.781308650970459,True,,True,0.781308650970459,0.781308650970459,False,False,True,0.0,1.0,0.0,0.0,0,0.0,1000,48.828125,True,True,0,0,0,True,True,accepted
M7,M7_10mA_40C_0,frame_0152.png,0.748947024345398,True,,True,0.748947024345398,0.748947024345398,False,False,True,0.0,1.0,0.0,0.0,0,0.0,1000,48.828125,True,True,0,0,0,True,True,accepted
M7,M7_10mA_40C_0,frame_0154.png,0.7892208099365234,True,,True,0.7892208099365234,0.7892208099365234,False,False,True,0.0,1.0,0.0,0.0,2,0.0009765625,1002,48.92578125,True,True,1,0,2,True,True,accepted
M7,M7_10mA_40C_0,frame_0155.png,0.7524428963661194,True,,True,0.7524428963661194,0.7524428963661194,False,False,True,0.0,1.0,0.0,0.0,0,0.0,1000,48.828125,True,True,0,0,0,True,True,accepted
M7,M7_10mA_40C_0,frame_0159.png,0.752555251121521,True,,True,0.752555251121521,0.752555251121521,False,False,True,0.0,1.0,0.0,0.0,29,0.01416015625,1007,49.169921875,True,True,1,0,29,True,True,accepted
M7,M7_10mA_40C_0,frame_0160.png,0.7572121024131775,True,,True,0.7572121024131775,0.7572121024131775,False,False,True,0.0,1.0,0.0,0.0,0,0.0,1000,48.828125,True,True,0,0,0,True,True,accepted
M7,M7_10mA_40C_0,frame_0163.png,0.7287271022796631,True,,True,0.7287271022796631,0.7287271022796631,False,False,True,0.0,1.0,0.0,0.0,0,0.0,1000,48.828125,True,True,0,0,0,True,True,accepted
M7,M7_10mA_40C_0,frame_0171.png,0.7690185308456421,True,,True,0.7690185308456421,0.7690185308456421,False,False,True,0.0,1.0,0.0,0.0,0,0.0,1000,48.828125,True,True,0,0,0,True,True,accepted
M7,M7_10mA_40C_0,frame_0172.png,0.7725875973701477,True,,True,0.7725875973701477,0.7725875973701477,False,False,True,0.0,1.0,0.0,0.0,0,0.0,1000,48.828125,True,True,0,0,0,True,True,accepted
M7,M7_10mA_40C_0,frame_0176.png,0.7828382849693298,True,,True,0.7828382849693298,0.7828382849693298,False,False,True,0.0,1.0,0.0,0.0,0,0.0,1000,48.828125,True,True,0,0,0,True,True,accepted
M7,M7_10mA_40C_0,frame_0180.png,0.7518959045410156,True,,True,0.7518959045410156,0.7518959045410156,False,False,True,0.0,1.0,0.0,0.0,1,0.00048828125,1001,48.876953125,True,True,1,0,1,True,True,accepted
M7,M7_10mA_40C_0,frame_0181.png,0.7782841920852661,True,,True,0.7782841920852661,0.7782841920852661,False,False,True,0.0,1.0,0.0,0.0,0,0.0,1000,48.828125,True,True,0,0,0,True,True,accepted
M7,M7_10mA_40C_0,frame_0186.png,0.7772352695465088,True,,True,0.7772352695465088,0.7772352695465088,False,False,True,0.0,1.0,0.0,0.0,0,0.0,1000,48.828125,True,True,0,0,0,True,True,accepted
M7,M7_10mA_40C_0,frame_0187.png,0.7453839182853699,True,,True,0.7453839182853699,0.7453839182853699,False,False,True,0.0,1.0,0.0,0.0,0,0.0,1000,48.828125,True,True,0,0,0,True,True,accepted
M7,M7_10mA_40C_0,frame_0189.png,0.7753005027770996,True,,True,0.7753005027770996,0.7753005027770996,False,False,True,0.0,1.0,0.0,0.0,0,0.0,1000,48.828125,True,True,0,0,0,True,True,accepted
M7,M7_10mA_40C_0,frame_0190.png,0.7755299210548401,True,,True,0.7755299210548401,0.7755299210548401,False,False,True,0.0,1.0,0.0,0.0,0,0.0,1000,48.828125,True,True,0,0,0,True,True,accepted
M7,M7_10mA_40C_0,frame_0193.png,0.7783599495887756,True,,True,0.7783599495887756,0.7783599495887756,False,False,True,0.0,1.0,0.0,0.0,0,0.0,1000,48.828125,True,True,0,0,0,True,True,accepted
M7,M7_10mA_40C_0,frame_0195.png,0.7795329689979553,True,,True,0.7795329689979553,0.7795329689979553,False,False,True,0.0,1.0,0.0,0.0,0,0.0,1000,48.828125,True,True,0,0,0,True,True,accepted
M7,M7_10mA_40C_0,frame_0200.png,0.7714754939079285,True,,True,0.7714754939079285,0.7714754939079285,False,False,True,0.0,1.0,0.0,0.0,2,0.0009765625,1000,48.828125,True,True,1,0,2,True,True,accepted
M7,M7_20mA_20C_0,frame_0028.png,0.7871397137641907,True,,True,0.7871397137641907,0.7871397137641907,False,False,True,0.0,1.0,0.0,0.0,0,0.0,1000,48.828125,True,True,0,0,0,True,True,accepted
M7,M7_20mA_20C_0,frame_0029.png,0.7767789959907532,True,,True,0.7767789959907532,0.7767789959907532,False,False,True,0.0,1.0,0.0,0.0,0,0.0,1000,48.828125,True,True,0,0,0,True,True,accepted
M7,M7_20mA_20C_0,frame_0032.png,0.7892746329307556,True,,True,0.7892746329307556,0.7892746329307556,False,False,True,0.0,1.0,0.0,0.0,0,0.0,1000,48.828125,True,True,0,0,0,True,True,accepted
M7,M7_20mA_20C_0,frame_0034.png,0.7338488101959229,True,,True,0.7338488101959229,0.7338488101959229,False,False,True,0.0,1.0,0.0,0.0,1,0.00048828125,1001,48.876953125,True,True,1,0,1,True,True,accepted
M7,M7_20mA_20C_0,frame_0040.png,0.7735356092453003,True,,True,0.7735356092453003,0.7735356092453003,False,False,True,0.0,1.0,0.0,0.0,0,0.0,1000,48.828125,True,True,0,0,0,True,True,accepted
M7,M7_20mA_20C_0,frame_0041.png,0.7865095734596252,True,,True,0.7865095734596252,0.7865095734596252,False,False,True,0.0,1.0,0.0,0.0,0,0.0,1000,48.828125,True,True,0,0,0,True,True,accepted
M7,M7_20mA_20C_0,frame_0044.png,0.7655199766159058,True,,True,0.7655199766159058,0.7655199766159058,False,False,True,0.0,1.0,0.0,0.0,1,0.00048828125,999,48.779296875,True,True,1,0,1,True,True,accepted
M7,M7_20mA_20C_0,frame_0046.png,0.7322413325309753,True,,True,0.7322413325309753,0.7322413325309753,False,False,True,0.0,1.0,0.0,0.0,1,0.00048828125,1001,48.876953125,True,True,1,0,1,True,True,accepted
M7,M7_20mA_20C_0,frame_0049.png,0.7858594059944153,True,,True,0.7858594059944153,0.7858594059944153,False,False,True,0.0,1.0,0.0,0.0,0,0.0,1000,48.828125,True,True,0,0,0,True,True,accepted
M7,M7_20mA_20C_0,frame_0056.png,0.7769371271133423,True,,True,0.7769371271133423,0.7769371271133423,False,False,True,0.0,1.0,0.0,0.0,0,0.0,1000,48.828125,True,True,0,0,0,True,True,accepted
M7,M7_20mA_20C_0,frame_0058.png,0.7879776954650879,True,,True,0.7879776954650879,0.7879776954650879,False,False,True,0.0,1.0,0.0,0.0,0,0.0,1000,48.828125,True,True,0,0,0,True,True,accepted
M7,M7_20mA_20C_0,frame_0059.png,0.7613056302070618,True,,True,0.7613056302070618,0.7613056302070618,False,False,True,0.0,1.0,0.0,0.0,3,0.00146484375,999,48.779296875,True,True,1,0,3,True,True,accepted
M7,M7_20mA_20C_0,frame_0060.png,0.7852272391319275,True,,True,0.7852272391319275,0.7852272391319275,False,False,True,0.0,1.0,0.0,0.0,0,0.0,1000,48.828125,True,True,0,0,0,True,True,accepted
M7,M7_20mA_20C_0,frame_0062.png,0.7890548706054688,True,,True,0.7890548706054688,0.7890548706054688,False,False,True,0.0,1.0,0.0,0.0,0,0.0,1000,48.828125,True,True,0,0,0,True,True,accepted
M7,M7_20mA_20C_0,frame_0069.png,0.7079017162322998,True,,True,0.7079017162322998,0.7079017162322998,False,False,True,0.0,1.0,0.0,0.0,12,0.005859375,1000,48.828125,True,True,1,0,12,True,True,accepted
M7,M7_20mA_20C_0,frame_0073.png,0.7537721991539001,True,,True,0.7537721991539001,0.7537721991539001,False,False,True,0.0,1.0,0.0,0.0,0,0.0,1000,48.828125,True,True,0,0,0,True,True,accepted
M7,M7_20mA_20C_0,frame_0075.png,0.7743091583251953,True,,True,0.7743091583251953,0.7743091583251953,False,False,True,0.0,1.0,0.0,0.0,0,0.0,1000,48.828125,True,True,0,0,0,True,True,accepted
M7,M7_20mA_20C_0,frame_0076.png,0.7715109586715698,True,,True,0.7715109586715698,0.7715109586715698,False,False,True,0.0,1.0,0.0,0.0,4,0.001953125,998,48.73046875,True,True,1,0,4,True,True,accepted
M7,M7_20mA_20C_0,frame_0080.png,0.7578794360160828,True,,True,0.7578794360160828,0.7578794360160828,False,False,True,0.0,1.0,0.0,0.0,8,0.00390625,1000,48.828125,True,True,1,0,8,True,True,accepted
M7,M7_20mA_20C_0,frame_0082.png,0.7781654000282288,True,,True,0.7781654000282288,0.7781654000282288,False,False,True,0.0,1.0,0.0,0.0,0,0.0,1000,48.828125,True,True,0,0,0,True,True,accepted
M7,M7_20mA_20C_0,frame_0084.png,0.7867510914802551,True,,True,0.7867510914802551,0.7867510914802551,False,False,True,0.0,1.0,0.0,0.0,0,0.0,1000,48.828125,True,True,0,0,0,True,True,accepted
M7,M7_20mA_20C_0,frame_0088.png,0.7491686940193176,True,,True,0.7491686940193176,0.7491686940193176,False,False,True,0.0,1.0,0.0,0.0,1,0.00048828125,1001,48.876953125,True,True,1,0,1,True,True,accepted
M7,M7_20mA_20C_0,frame_0089.png,0.7459340691566467,True,,True,0.7459340691566467,0.7459340691566467,False,False,True,0.0,1.0,0.0,0.0,16,0.0078125,996,48.6328125,True,True,1,0,16,True,True,accepted
M7,M7_20mA_20C_0,frame_0093.png,0.7681465148925781,True,,True,0.7681465148925781,0.7681465148925781,False,False,True,0.0,1.0,0.0,0.0,0,0.0,1000,48.828125,True,True,0,0,0,True,True,accepted
M7,M7_20mA_20C_0,frame_0098.png,0.7642125487327576,True,,True,0.7642125487327576,0.7642125487327576,False,False,True,0.0,1.0,0.0,0.0,6,0.0029296875,998,48.73046875,True,True,1,0,6,True,True,accepted
M7,M7_20mA_20C_0,frame_0103.png,0.785703182220459,True,,True,0.785703182220459,0.785703182220459,False,False,True,0.0,1.0,0.0,0.0,0,0.0,1000,48.828125,True,True,0,0,0,True,True,accepted
M7,M7_20mA_20C_0,frame_0112.png,0.7625278234481812,True,,True,0.7625278234481812,0.7625278234481812,False,False,True,0.0,1.0,0.0,0.0,2,0.0009765625,998,48.73046875,True,True,1,0,2,True,True,accepted
M7,M7_20mA_20C_0,frame_0116.png,0.755283534526825,True,,True,0.755283534526825,0.755283534526825,False,False,True,0.0,1.0,0.0,0.0,0,0.0,1000,48.828125,True,True,0,0,0,True,True,accepted
M7,M7_20mA_20C_0,frame_0122.png,0.7582113742828369,True,,True,0.7582113742828369,0.7582113742828369,False,False,True,0.0,1.0,0.0,0.0,0,0.0,1000,48.828125,True,True,0,0,0,True,True,accepted
M7,M7_20mA_20C_0,frame_0139.png,0.6874018311500549,True,,True,0.6874018311500549,0.6874018311500549,False,False,True,0.0,1.0,0.0,0.0,67,0.03271484375,1011,49.365234375,True,True,2,0,67,True,True,accepted
M7,M7_20mA_20C_0,frame_0142.png,0.7778726816177368,True,,True,0.7778726816177368,0.7778726816177368,False,False,True,0.0,1.0,0.0,0.0,0,0.0,1000,48.828125,True,True,0,0,0,True,True,accepted
M7,M7_20mA_20C_0,frame_0146.png,0.7819823622703552,True,,True,0.7819823622703552,0.7819823622703552,False,False,True,0.0,1.0,0.0,0.0,0,0.0,1000,48.828125,True,True,0,0,0,True,True,accepted
M7,M7_20mA_20C_0,frame_0154.png,0.7808725833892822,True,,True,0.7808725833892822,0.7808725833892822,False,False,True,0.0,1.0,0.0,0.0,0,0.0,1000,48.828125,True,True,0,0,0,True,True,accepted
M7,M7_20mA_20C_0,frame_0156.png,0.7857154011726379,True,,True,0.7857154011726379,0.7857154011726379,False,False,True,0.0,1.0,0.0,0.0,0,0.0,1000,48.828125,True,True,0,0,0,True,True,accepted
M7,M7_20mA_20C_0,frame_0161.png,0.7977308034896851,True,,True,0.7977308034896851,0.7977308034896851,False,False,True,0.0,1.0,0.0,0.0,0,0.0,1000,48.828125,True,True,0,0,0,True,True,accepted
M7,M7_20mA_20C_0,frame_0168.png,0.7894149422645569,True,,True,0.7894149422645569,0.7894149422645569,False,False,True,0.0,1.0,0.0,0.0,0,0.0,1000,48.828125,True,True,0,0,0,True,True,accepted
M7,M7_20mA_20C_0,frame_0173.png,0.7884758114814758,True,,True,0.7884758114814758,0.7884758114814758,False,False,True,0.0,1.0,0.0,0.0,0,0.0,1000,48.828125,True,True,0,0,0,True,True,accepted
M7,M7_20mA_20C_0,frame_0174.png,0.7660287022590637,True,,True,0.7660287022590637,0.7660287022590637,False,False,True,0.0,1.0,0.0,0.0,0,0.0,1000,48.828125,True,True,0,0,0,True,True,accepted
M7,M7_20mA_20C_0,frame_0175.png,0.7318003177642822,True,,True,0.7318003177642822,0.7318003177642822,False,False,True,0.0,1.0,0.0,0.0,0,0.0,1000,48.828125,True,True,0,0,0,True,True,accepted
M7,M7_20mA_20C_0,frame_0181.png,0.7491912245750427,True,,True,0.7491912245750427,0.7491912245750427,False,False,True,0.0,1.0,0.0,0.0,24,0.01171875,1004,49.0234375,True,True,1,0,24,True,True,accepted
M7,M7_20mA_20C_0,frame_0186.png,0.7411775588989258,True,,True,0.7411775588989258,0.7411775588989258,False,False,True,0.0,1.0,0.0,0.0,65,0.03173828125,995,48.583984375,True,True,2,0,65,True,True,accepted
M7,M7_20mA_20C_0,frame_0188.png,0.7295425534248352,True,,True,0.7295425534248352,0.7295425534248352,False,False,True,0.0,1.0,0.0,0.0,0,0.0,1000,48.828125,True,True,0,0,0,True,True,accepted
M7,M7_20mA_20C_0,frame_0191.png,0.7912013530731201,True,,True,0.7912013530731201,0.7912013530731201,False,False,True,0.0,1.0,0.0,0.0,0,0.0,1000,48.828125,True,True,0,0,0,True,True,accepted
M7,M7_20mA_20C_0,frame_0196.png,0.7390995025634766,True,,True,0.7390995025634766,0.7390995025634766,False,False,True,0.0,1.0,0.0,0.0,61,0.02978515625,999,48.779296875,True,True,2,0,61,True,True,accepted
M7,M7_20mA_20C_0,frame_0197.png,0.7038277387619019,True,,True,0.7038277387619019,0.7038277387619019,False,False,True,0.0,1.0,0.0,0.0,25,0.01220703125,995,48.583984375,True,True,2,0,25,True,True,accepted
M7,M7_20mA_30C_0,frame_0042.png,0.7778092622756958,True,,True,0.7778092622756958,0.7778092622756958,False,False,True,0.0,1.0,0.0,0.0,2,0.0009765625,998,48.73046875,True,True,1,0,2,True,True,accepted
M7,M7_20mA_30C_0,frame_0047.png,0.7746851444244385,True,,True,0.7746851444244385,0.7746851444244385,False,False,True,0.0,1.0,0.0,0.0,0,0.0,1000,48.828125,True,True,0,0,0,True,True,accepted
M7,M7_20mA_30C_0,frame_0049.png,0.7806888222694397,True,,True,0.7806888222694397,0.7806888222694397,False,False,True,0.0,1.0,0.0,0.0,0,0.0,1000,48.828125,True,True,0,0,0,True,True,accepted
M7,M7_20mA_30C_0,frame_0050.png,0.7781879305839539,True,,True,0.7781879305839539,0.7781879305839539,False,False,True,0.0,1.0,0.0,0.0,0,0.0,1000,48.828125,True,True,0,0,0,True,True,accepted
M7,M7_20mA_30C_0,frame_0055.png,0.7484140396118164,True,,True,0.7484140396118164,0.7484140396118164,False,False,True,0.0,1.0,0.0,0.0,0,0.0,1000,48.828125,True,True,0,0,0,True,True,accepted
M7,M7_20mA_30C_0,frame_0056.png,0.7798367142677307,True,,True,0.7798367142677307,0.7798367142677307,False,False,True,0.0,1.0,0.0,0.0,0,0.0,1000,48.828125,True,True,0,0,0,True,True,accepted
M7,M7_20mA_30C_0,frame_0057.png,0.7279311418533325,True,,True,0.7279311418533325,0.7279311418533325,False,False,True,0.0,1.0,0.0,0.0,0,0.0,1000,48.828125,True,True,0,0,0,True,True,accepted
M7,M7_20mA_30C_0,frame_0059.png,0.7563075423240662,True,,True,0.7563075423240662,0.7563075423240662,False,False,True,0.0,1.0,0.0,0.0,1,0.00048828125,999,48.779296875,True,True,1,0,1,True,True,accepted
M7,M7_20mA_30C_0,frame_0061.png,0.7276031970977783,True,,True,0.7276031970977783,0.7276031970977783,False,False,True,0.0,1.0,0.0,0.0,0,0.0,1000,48.828125,True,True,0,0,0,True,True,accepted
M7,M7_20mA_30C_0,frame_0066.png,0.7772691249847412,True,,True,0.7772691249847412,0.7772691249847412,False,False,True,0.0,1.0,0.0,0.0,0,0.0,1000,48.828125,True,True,0,0,0,True,True,accepted
M7,M7_20mA_30C_0,frame_0070.png,0.732649564743042,True,,True,0.732649564743042,0.732649564743042,False,False,True,0.0,1.0,0.0,0.0,0,0.0,1000,48.828125,True,True,0,0,0,True,True,accepted
M7,M7_20mA_30C_0,frame_0073.png,0.7376196384429932,True,,True,0.7376196384429932,0.7376196384429932,False,False,True,0.0,1.0,0.0,0.0,0,0.0,1000,48.828125,True,True,0,0,0,True,True,accepted
M7,M7_20mA_30C_0,frame_0074.png,0.7793920040130615,True,,True,0.7793920040130615,0.7793920040130615,False,False,True,0.0,1.0,0.0,0.0,0,0.0,1000,48.828125,True,True,0,0,0,True,True,accepted
M7,M7_20mA_30C_0,frame_0076.png,0.780376136302948,True,,True,0.780376136302948,0.780376136302948,False,False,True,0.0,1.0,0.0,0.0,3,0.00146484375,999,48.779296875,True,True,1,0,3,True,True,accepted
M7,M7_20mA_30C_0,frame_0084.png,0.7239081859588623,True,,True,0.7239081859588623,0.7239081859588623,False,False,True,0.0,1.0,0.0,0.0,30,0.0146484375,992,48.4375,True,True,1,0,30,True,True,accepted
M7,M7_20mA_30C_0,frame_0085.png,0.7920277714729309,True,,True,0.7920277714729309,0.7920277714729309,False,False,True,0.0,1.0,0.0,0.0,0,0.0,1000,48.828125,True,True,0,0,0,True,True,accepted
M7,M7_20mA_30C_0,frame_0089.png,0.7866645455360413,True,,True,0.7866645455360413,0.7866645455360413,False,False,True,0.0,1.0,0.0,0.0,0,0.0,1000,48.828125,True,True,0,0,0,True,True,accepted
M7,M7_20mA_30C_0,frame_0097.png,0.7803435325622559,True,,True,0.7803435325622559,0.7803435325622559,False,False,True,0.0,1.0,0.0,0.0,0,0.0,1000,48.828125,True,True,0,0,0,True,True,accepted
M7,M7_20mA_30C_0,frame_0100.png,0.7429250478744507,True,,True,0.7429250478744507,0.7429250478744507,False,False,True,0.0,1.0,0.0,0.0,0,0.0,1000,48.828125,True,True,0,0,0,True,True,accepted
M7,M7_20mA_30C_0,frame_0108.png,0.7988278269767761,True,,True,0.7988278269767761,0.7988278269767761,False,False,True,0.0,1.0,0.0,0.0,0,0.0,1000,48.828125,True,True,0,0,0,True,True,accepted
M7,M7_20mA_30C_0,frame_0113.png,0.7783277034759521,True,,True,0.7783277034759521,0.7783277034759521,False,False,True,0.0,1.0,0.0,0.0,0,0.0,1000,48.828125,True,True,0,0,0,True,True,accepted
M7,M7_20mA_30C_0,frame_0117.png,0.7671844959259033,True,,True,0.7671844959259033,0.7671844959259033,False,False,True,0.0,1.0,0.0,0.0,0,0.0,1000,48.828125,True,True,0,0,0,True,True,accepted
M7,M7_20mA_30C_0,frame_0123.png,0.7400455474853516,True,,True,0.7400455474853516,0.7400455474853516,False,False,True,0.0,1.0,0.0,0.0,0,0.0,1000,48.828125,True,True,0,0,0,True,True,accepted
M7,M7_20mA_30C_0,frame_0124.png,0.7436850070953369,True,,True,0.7436850070953369,0.7436850070953369,False,False,True,0.0,1.0,0.0,0.0,0,0.0,1000,48.828125,True,True,0,0,0,True,True,accepted
M7,M7_20mA_30C_0,frame_0129.png,0.787466824054718,True,,True,0.787466824054718,0.787466824054718,False,False,True,0.0,1.0,0.0,0.0,0,0.0,1000,48.828125,True,True,0,0,0,True,True,accepted
M7,M7_20mA_30C_0,frame_0130.png,0.7521923780441284,True,,True,0.7521923780441284,0.7521923780441284,False,False,True,0.0,1.0,0.0,0.0,0,0.0,1000,48.828125,True,True,0,0,0,True,True,accepted
M7,M7_20mA_30C_0,frame_0131.png,0.7963601350784302,True,,True,0.7963601350784302,0.7963601350784302,False,False,True,0.0,1.0,0.0,0.0,0,0.0,1000,48.828125,True,True,0,0,0,True,True,accepted
M7,M7_20mA_30C_0,frame_0138.png,0.7790555357933044,True,,True,0.7790555357933044,0.7790555357933044,False,False,True,0.0,1.0,0.0,0.0,0,0.0,1000,48.828125,True,True,0,0,0,True,True,accepted
M7,M7_20mA_30C_0,frame_0143.png,0.7639403343200684,True,,True,0.7639403343200684,0.7639403343200684,False,False,True,0.0,1.0,0.0,0.0,11,0.00537109375,1003,48.974609375,True,True,1,0,11,True,True,accepted
M7,M7_20mA_30C_0,frame_0146.png,0.7972952127456665,True,,True,0.7972952127456665,0.7972952127456665,False,False,True,0.0,1.0,0.0,0.0,0,0.0,1000,48.828125,True,True,0,0,0,True,True,accepted
M7,M7_20mA_30C_0,frame_0147.png,0.7763795852661133,True,,True,0.7763795852661133,0.7763795852661133,False,False,True,0.0,1.0,0.0,0.0,0,0.0,1000,48.828125,True,True,0,0,0,True,True,accepted
M7,M7_20mA_30C_0,frame_0153.png,0.7229413390159607,True,,True,0.7229413390159607,0.7229413390159607,False,False,True,0.0,1.0,0.0,0.0,0,0.0,1000,48.828125,True,True,0,0,0,True,True,accepted
M7,M7_20mA_30C_0,frame_0156.png,0.7769580483436584,True,,True,0.7769580483436584,0.7769580483436584,False,False,True,0.0,1.0,0.0,0.0,0,0.0,1000,48.828125,True,True,0,0,0,True,True,accepted
M7,M7_20mA_30C_0,frame_0159.png,0.7724856734275818,True,,True,0.7724856734275818,0.7724856734275818,False,False,True,0.0,1.0,0.0,0.0,0,0.0,1000,48.828125,True,True,0,0,0,True,True,accepted
M7,M7_20mA_30C_0,frame_0162.png,0.7977229356765747,True,,True,0.7977229356765747,0.7977229356765747,False,False,True,0.0,1.0,0.0,0.0,0,0.0,1000,48.828125,True,True,0,0,0,True,True,accepted
M7,M7_20mA_30C_0,frame_0165.png,0.7806874513626099,True,,True,0.7806874513626099,0.7806874513626099,False,False,True,0.0,1.0,0.0,0.0,0,0.0,1000,48.828125,True,True,0,0,0,True,True,accepted
M7,M7_20mA_30C_0,frame_0168.png,0.794990062713623,True,,True,0.794990062713623,0.794990062713623,False,False,True,0.0,1.0,0.0,0.0,0,0.0,1000,48.828125,True,True,0,0,0,True,True,accepted
M7,M7_20mA_30C_0,frame_0176.png,0.7391747832298279,True,,True,0.7391747832298279,0.7391747832298279,False,False,True,0.0,1.0,0.0,0.0,0,0.0,1000,48.828125,True,True,0,0,0,True,True,accepted
M7,M7_20mA_30C_0,frame_0177.png,0.7693868279457092,True,,True,0.7693868279457092,0.7693868279457092,False,False,True,0.0,1.0,0.0,0.0,2,0.0009765625,998,48.73046875,True,True,1,0,2,True,True,accepted
M7,M7_20mA_30C_0,frame_0183.png,0.7635678648948669,True,,True,0.7635678648948669,0.7635678648948669,False,False,True,0.0,1.0,0.0,0.0,0,0.0,1000,48.828125,True,True,0,0,0,True,True,accepted
M7,M7_20mA_30C_0,frame_0184.png,0.7844231724739075,True,,True,0.7844231724739075,0.7844231724739075,False,False,True,0.0,1.0,0.0,0.0,0,0.0,1000,48.828125,True,True,0,0,0,True,True,accepted
M7,M7_20mA_30C_0,frame_0189.png,0.7963533401489258,True,,True,0.7963533401489258,0.7963533401489258,False,False,True,0.0,1.0,0.0,0.0,0,0.0,1000,48.828125,True,True,0,0,0,True,True,accepted
M7,M7_20mA_30C_0,frame_0193.png,0.7583284378051758,True,,True,0.7583284378051758,0.7583284378051758,False,False,True,0.0,1.0,0.0,0.0,0,0.0,1000,48.828125,True,True,0,0,0,True,True,accepted
M7,M7_20mA_30C_0,frame_0196.png,0.7747400403022766,True,,True,0.7747400403022766,0.7747400403022766,False,False,True,0.0,1.0,0.0,0.0,4,0.001953125,1000,48.828125,True,True,1,0,4,True,True,accepted
M7,M7_20mA_30C_0,frame_0198.png,0.7935968041419983,True,,True,0.7935968041419983,0.7935968041419983,False,False,True,0.0,1.0,0.0,0.0,0,0.0,1000,48.828125,True,True,0,0,0,True,True,accepted
M7,M7_20mA_40C_0,frame_0015.png,0.7891972064971924,True,,True,0.7891972064971924,0.7891972064971924,False,False,True,0.0,1.0,0.0,0.0,0,0.0,1000,48.828125,True,True,0,0,0,True,True,accepted
M7,M7_20mA_40C_0,frame_0017.png,0.7212366461753845,True,,True,0.7212366461753845,0.7212366461753845,False,False,True,0.0,1.0,0.0,0.0,5,0.00244140625,999,48.779296875,True,True,1,0,5,True,True,accepted
M7,M7_20mA_40C_0,frame_0020.png,0.7860429883003235,True,,True,0.7860429883003235,0.7860429883003235,False,False,True,0.0,1.0,0.0,0.0,0,0.0,1000,48.828125,True,True,0,0,0,True,True,accepted
M7,M7_20mA_40C_0,frame_0021.png,0.7573840022087097,True,,True,0.7573840022087097,0.7573840022087097,False,False,True,0.0,1.0,0.0,0.0,0,0.0,1000,48.828125,True,True,0,0,0,True,True,accepted
M7,M7_20mA_40C_0,frame_0024.png,0.7361735105514526,True,,True,0.7361735105514526,0.7361735105514526,False,False,True,0.0,1.0,0.0,0.0,2,0.0009765625,1002,48.92578125,True,True,1,0,2,True,True,accepted
M7,M7_20mA_40C_0,frame_0025.png,0.7915106415748596,True,,True,0.7915106415748596,0.7915106415748596,False,False,True,0.0,1.0,0.0,0.0,0,0.0,1000,48.828125,True,True,0,0,0,True,True,accepted
M7,M7_20mA_40C_0,frame_0026.png,0.7909922003746033,True,,True,0.7909922003746033,0.7909922003746033,False,False,True,0.0,1.0,0.0,0.0,0,0.0,1000,48.828125,True,True,0,0,0,True,True,accepted
M7,M7_20mA_40C_0,frame_0032.png,0.7859455347061157,True,,True,0.7859455347061157,0.7859455347061157,False,False,True,0.0,1.0,0.0,0.0,0,0.0,1000,48.828125,True,True,0,0,0,True,True,accepted
M7,M7_20mA_40C_0,frame_0036.png,0.7945249080657959,True,,True,0.7945249080657959,0.7945249080657959,False,False,True,0.0,1.0,0.0,0.0,0,0.0,1000,48.828125,True,True,0,0,0,True,True,accepted
M7,M7_20mA_40C_0,frame_0039.png,0.7817384004592896,True,,True,0.7817384004592896,0.7817384004592896,False,False,True,0.0,1.0,0.0,0.0,0,0.0,1000,48.828125,True,True,0,0,0,True,True,accepted
M7,M7_20mA_40C_0,frame_0049.png,0.7551323771476746,True,,True,0.7551323771476746,0.7551323771476746,False,False,True,0.0,1.0,0.0,0.0,0,0.0,1000,48.828125,True,True,0,0,0,True,True,accepted
M7,M7_20mA_40C_0,frame_0054.png,0.791582465171814,True,,True,0.791582465171814,0.791582465171814,False,False,True,0.0,1.0,0.0,0.0,0,0.0,1000,48.828125,True,True,0,0,0,True,True,accepted
M7,M7_20mA_40C_0,frame_0065.png,0.7908185720443726,True,,True,0.7908185720443726,0.7908185720443726,False,False,True,0.0,1.0,0.0,0.0,0,0.0,1000,48.828125,True,True,0,0,0,True,True,accepted
M7,M7_20mA_40C_0,frame_0066.png,0.7621049880981445,True,,True,0.7621049880981445,0.7621049880981445,False,False,True,0.0,1.0,0.0,0.0,0,0.0,1000,48.828125,True,True,0,0,0,True,True,accepted
M7,M7_20mA_40C_0,frame_0071.png,0.7941808104515076,True,,True,0.7941808104515076,0.7941808104515076,False,False,True,0.0,1.0,0.0,0.0,0,0.0,1000,48.828125,True,True,0,0,0,True,True,accepted
M7,M7_20mA_40C_0,frame_0080.png,0.8023468852043152,True,,True,0.8023468852043152,0.8023468852043152,False,False,True,0.0,1.0,0.0,0.0,0,0.0,1000,48.828125,True,True,0,0,0,True,True,accepted
M7,M7_20mA_40C_0,frame_0096.png,0.7812698483467102,True,,True,0.7812698483467102,0.7812698483467102,False,False,True,0.0,1.0,0.0,0.0,6,0.0029296875,1002,48.92578125,True,True,1,0,6,True,True,accepted
M7,M7_20mA_40C_0,frame_0098.png,0.7867136597633362,True,,True,0.7867136597633362,0.7867136597633362,False,False,True,0.0,1.0,0.0,0.0,0,0.0,1000,48.828125,True,True,0,0,0,True,True,accepted
M7,M7_20mA_40C_0,frame_0118.png,0.7394244074821472,True,,True,0.7394244074821472,0.7394244074821472,False,False,True,0.0,1.0,0.0,0.0,1,0.00048828125,1001,48.876953125,True,True,1,0,1,True,True,accepted
M7,M7_20mA_40C_0,frame_0119.png,0.7888219356536865,True,,True,0.7888219356536865,0.7888219356536865,False,False,True,0.0,1.0,0.0,0.0,0,0.0,1000,48.828125,True,True,0,0,0,True,True,accepted
M7,M7_20mA_40C_0,frame_0120.png,0.7841865420341492,True,,True,0.7841865420341492,0.7841865420341492,False,False,True,0.0,1.0,0.0,0.0,1,0.00048828125,1001,48.876953125,True,True,1,0,1,True,True,accepted
M7,M7_20mA_40C_0,frame_0124.png,0.761989176273346,True,,True,0.761989176273346,0.761989176273346,False,False,True,0.0,1.0,0.0,0.0,0,0.0,1000,48.828125,True,True,0,0,0,True,True,accepted
M7,M7_20mA_40C_0,frame_0131.png,0.7908207774162292,True,,True,0.7908207774162292,0.7908207774162292,False,False,True,0.0,1.0,0.0,0.0,0,0.0,1000,48.828125,True,True,0,0,0,True,True,accepted
M7,M7_20mA_40C_0,frame_0141.png,0.7868664860725403,True,,True,0.7868664860725403,0.7868664860725403,False,False,True,0.0,1.0,0.0,0.0,0,0.0,1000,48.828125,True,True,0,0,0,True,True,accepted
M7,M7_20mA_40C_0,frame_0145.png,0.778154730796814,True,,True,0.778154730796814,0.778154730796814,False,False,True,0.0,1.0,0.0,0.0,1,0.00048828125,999,48.779296875,True,True,1,0,1,True,True,accepted
M7,M7_20mA_40C_0,frame_0146.png,0.7890912294387817,True,,True,0.7890912294387817,0.7890912294387817,False,False,True,0.0,1.0,0.0,0.0,0,0.0,1000,48.828125,True,True,0,0,0,True,True,accepted
M7,M7_20mA_40C_0,frame_0149.png,0.7934804558753967,True,,True,0.7934804558753967,0.7934804558753967,False,False,True,0.0,1.0,0.0,0.0,0,0.0,1000,48.828125,True,True,0,0,0,True,True,accepted
M7,M7_20mA_40C_0,frame_0150.png,0.7870101928710938,True,,True,0.7870101928710938,0.7870101928710938,False,False,True,0.0,1.0,0.0,0.0,0,0.0,1000,48.828125,True,True,0,0,0,True,True,accepted
M7,M7_20mA_40C_0,frame_0152.png,0.786474883556366,True,,True,0.786474883556366,0.786474883556366,False,False,True,0.0,1.0,0.0,0.0,0,0.0,1000,48.828125,True,True,0,0,0,True,True,accepted
M7,M7_20mA_40C_0,frame_0154.png,0.7775444388389587,True,,True,0.7775444388389587,0.7775444388389587,False,False,True,0.0,1.0,0.0,0.0,0,0.0,1000,48.828125,True,True,0,0,0,True,True,accepted
M7,M7_20mA_40C_0,frame_0160.png,0.7979688048362732,True,,True,0.7979688048362732,0.7979688048362732,False,False,True,0.0,1.0,0.0,0.0,0,0.0,1000,48.828125,True,True,0,0,0,True,True,accepted
M7,M7_20mA_40C_0,frame_0165.png,0.7866814732551575,True,,True,0.7866814732551575,0.7866814732551575,False,False,True,0.0,1.0,0.0,0.0,0,0.0,1000,48.828125,True,True,0,0,0,True,True,accepted
M7,M7_20mA_40C_0,frame_0168.png,0.763962984085083,True,,True,0.763962984085083,0.763962984085083,False,False,True,0.0,1.0,0.0,0.0,16,0.0078125,998,48.73046875,True,True,1,0,16,True,True,accepted
M7,M7_20mA_40C_0,frame_0170.png,0.7635323405265808,True,,True,0.7635323405265808,0.7635323405265808,False,False,True,0.0,1.0,0.0,0.0,0,0.0,1000,48.828125,True,True,0,0,0,True,True,accepted
M7,M7_20mA_40C_0,frame_0173.png,0.7794326543807983,True,,True,0.7794326543807983,0.7794326543807983,False,False,True,0.0,1.0,0.0,0.0,0,0.0,1000,48.828125,True,True,0,0,0,True,True,accepted
M7,M7_20mA_40C_0,frame_0174.png,0.7670652270317078,True,,True,0.7670652270317078,0.7670652270317078,False,False,True,0.0,1.0,0.0,0.0,1,0.00048828125,999,48.779296875,True,True,1,0,1,True,True,accepted
M7,M7_20mA_40C_0,frame_0175.png,0.7873872518539429,True,,True,0.7873872518539429,0.7873872518539429,False,False,True,0.0,1.0,0.0,0.0,0,0.0,1000,48.828125,True,True,0,0,0,True,True,accepted
M7,M7_20mA_40C_0,frame_0181.png,0.7937014698982239,True,,True,0.7937014698982239,0.7937014698982239,False,False,True,0.0,1.0,0.0,0.0,0,0.0,1000,48.828125,True,True,0,0,0,True,True,accepted
M7,M7_20mA_40C_0,frame_0186.png,0.7831083536148071,True,,True,0.7831083536148071,0.7831083536148071,False,False,True,0.0,1.0,0.0,0.0,0,0.0,1000,48.828125,True,True,0,0,0,True,True,accepted
M7,M7_20mA_40C_0,frame_0192.png,0.7784755825996399,True,,True,0.7784755825996399,0.7784755825996399,False,False,True,0.0,1.0,0.0,0.0,0,0.0,1000,48.828125,True,True,0,0,0,True,True,accepted
M7,M7_20mA_40C_0,frame_0194.png,0.7559033036231995,True,,True,0.7559033036231995,0.7559033036231995,False,False,True,0.0,1.0,0.0,0.0,0,0.0,1000,48.828125,True,True,0,0,0,True,True,accepted
M7,M7_20mA_40C_0,frame_0196.png,0.789829671382904,True,,True,0.789829671382904,0.789829671382904,False,False,True,0.0,1.0,0.0,0.0,0,0.0,1000,48.828125,True,True,0,0,0,True,True,accepted
M7,M7_20mA_40C_0,frame_0197.png,0.7834497690200806,True,,True,0.7834497690200806,0.7834497690200806,False,False,True,0.0,1.0,0.0,0.0,0,0.0,1000,48.828125,True,True,0,0,0,True,True,accepted
M7,M7_20mA_40C_0,frame_0199.png,0.8009173274040222,True,,True,0.8009173274040222,0.8009173274040222,False,False,True,0.0,1.0,0.0,0.0,1,0.00048828125,1001,48.876953125,True,True,1,0,1,True,True,accepted
M7,M7_20mA_40C_0,frame_0200.png,0.7696893215179443,True,,True,0.7696893215179443,0.7696893215179443,False,False,True,0.0,1.0,0.0,0.0,1,0.00048828125,1001,48.876953125,True,True,1,0,1,True,True,accepted
M7,M7_30mA_20C_0,frame_0016.png,0.7150047421455383,True,,True,0.7150047421455383,0.7150047421455383,False,False,True,0.0,1.0,0.0,0.0,199,0.09716796875,991,48.388671875,True,True,4,0,199,True,True,accepted
M7,M7_30mA_20C_0,frame_0017.png,0.8203020691871643,True,,True,0.8203020691871643,0.8203020691871643,False,False,True,0.0,1.0,0.0,0.0,0,0.0,1000,48.828125,True,True,0,0,0,True,True,accepted
M7,M7_30mA_20C_0,frame_0018.png,0.8205694556236267,True,,True,0.8205694556236267,0.8205694556236267,False,False,True,0.0,1.0,0.0,0.0,2,0.0009765625,1000,48.828125,True,True,1,0,2,True,True,accepted
M7,M7_30mA_20C_0,frame_0019.png,0.8150366544723511,True,,True,0.8150366544723511,0.8150366544723511,False,False,True,0.0,1.0,0.0,0.0,0,0.0,1000,48.828125,True,True,0,0,0,True,True,accepted
M7,M7_30mA_20C_0,frame_0020.png,0.8094420433044434,True,,True,0.8094420433044434,0.8094420433044434,False,False,True,0.0,1.0,0.0,0.0,2,0.0009765625,1000,48.828125,True,True,1,0,2,True,True,accepted
M7,M7_30mA_20C_0,frame_0021.png,0.8184081315994263,True,,True,0.8184081315994263,0.8184081315994263,False,False,True,0.0,1.0,0.0,0.0,2,0.0009765625,1000,48.828125,True,True,1,0,2,True,True,accepted
M7,M7_30mA_20C_0,frame_0023.png,0.7879204750061035,True,,True,0.7879204750061035,0.7879204750061035,False,False,True,0.0,1.0,0.0,0.0,0,0.0,1000,48.828125,True,True,0,0,0,True,True,accepted
M7,M7_30mA_20C_0,frame_0034.png,0.7918679714202881,True,,True,0.7918679714202881,0.7918679714202881,False,False,True,0.0,1.0,0.0,0.0,11,0.00537109375,997,48.681640625,True,True,1,0,11,True,True,accepted
M7,M7_30mA_20C_0,frame_0036.png,0.795715868473053,True,,True,0.795715868473053,0.795715868473053,False,False,True,0.0,1.0,0.0,0.0,11,0.00537109375,997,48.681640625,True,True,1,0,11,True,True,accepted
M7,M7_30mA_20C_0,frame_0048.png,0.803127646446228,True,,True,0.803127646446228,0.803127646446228,False,False,True,0.0,1.0,0.0,0.0,5,0.00244140625,1001,48.876953125,True,True,1,0,5,True,True,accepted
M7,M7_30mA_20C_0,frame_0054.png,0.7926089763641357,True,,True,0.7926089763641357,0.7926089763641357,False,False,True,0.0,1.0,0.0,0.0,11,0.00537109375,997,48.681640625,True,True,1,0,11,True,True,accepted
M7,M7_30mA_20C_0,frame_0061.png,0.8035064935684204,True,,True,0.8035064935684204,0.8035064935684204,False,False,True,0.0,1.0,0.0,0.0,3,0.00146484375,1001,48.876953125,True,True,1,0,3,True,True,accepted
M7,M7_30mA_20C_0,frame_0069.png,0.7772603631019592,True,,True,0.7772603631019592,0.7772603631019592,False,False,True,0.0,1.0,0.0,0.0,16,0.0078125,1000,48.828125,True,True,2,0,16,True,True,accepted
M7,M7_30mA_20C_0,frame_0071.png,0.7978973984718323,True,,True,0.7978973984718323,0.7978973984718323,False,False,True,0.0,1.0,0.0,0.0,0,0.0,1000,48.828125,True,True,0,0,0,True,True,accepted
M7,M7_30mA_20C_0,frame_0072.png,0.7614986300468445,True,,True,0.7614986300468445,0.7614986300468445,False,False,True,0.0,1.0,0.0,0.0,2,0.0009765625,1000,48.828125,True,True,1,0,2,True,True,accepted
M7,M7_30mA_20C_0,frame_0076.png,0.8085787892341614,True,,True,0.8085787892341614,0.8085787892341614,False,False,True,0.0,1.0,0.0,0.0,0,0.0,1000,48.828125,True,True,0,0,0,True,True,accepted
M7,M7_30mA_20C_0,frame_0078.png,0.7920091152191162,True,,True,0.7920091152191162,0.7920091152191162,False,False,True,0.0,1.0,0.0,0.0,0,0.0,1000,48.828125,True,True,0,0,0,True,True,accepted
M7,M7_30mA_20C_0,frame_0080.png,0.7970293760299683,True,,True,0.7970293760299683,0.7970293760299683,False,False,True,0.0,1.0,0.0,0.0,3,0.00146484375,997,48.681640625,True,True,1,0,3,True,True,accepted
M7,M7_30mA_20C_0,frame_0088.png,0.7453771829605103,True,,True,0.7453771829605103,0.7453771829605103,False,False,True,0.0,1.0,0.0,0.0,0,0.0,1000,48.828125,True,True,0,0,0,True,True,accepted
M7,M7_30mA_20C_0,frame_0089.png,0.8008735775947571,True,,True,0.8008735775947571,0.8008735775947571,False,False,True,0.0,1.0,0.0,0.0,4,0.001953125,998,48.73046875,True,True,1,0,4,True,True,accepted
M7,M7_30mA_20C_0,frame_0092.png,0.7453718185424805,True,,True,0.7453718185424805,0.7453718185424805,False,False,True,0.0,1.0,0.0,0.0,0,0.0,1000,48.828125,True,True,0,0,0,True,True,accepted
M7,M7_30mA_20C_0,frame_0096.png,0.7994528412818909,True,,True,0.7994528412818909,0.7994528412818909,False,False,True,0.0,1.0,0.0,0.0,0,0.0,1000,48.828125,True,True,0,0,0,True,True,accepted
M7,M7_30mA_20C_0,frame_0098.png,0.7886810898780823,True,,True,0.7886810898780823,0.7886810898780823,False,False,True,0.0,1.0,0.0,0.0,13,0.00634765625,995,48.583984375,True,True,2,0,13,True,True,accepted
M7,M7_30mA_20C_0,frame_0102.png,0.7695989012718201,True,,True,0.7695989012718201,0.7695989012718201,False,False,True,0.0,1.0,0.0,0.0,1,0.00048828125,1001,48.876953125,True,True,1,0,1,True,True,accepted
M7,M7_30mA_20C_0,frame_0104.png,0.7577950954437256,True,,True,0.7577950954437256,0.7577950954437256,False,False,True,0.0,1.0,0.0,0.0,1,0.00048828125,999,48.779296875,True,True,1,0,1,True,True,accepted
M7,M7_30mA_20C_0,frame_0115.png,0.7717150449752808,True,,True,0.7717150449752808,0.7717150449752808,False,False,True,0.0,1.0,0.0,0.0,9,0.00439453125,995,48.583984375,True,True,1,0,9,True,True,accepted
M7,M7_30mA_20C_0,frame_0116.png,0.7902137041091919,True,,True,0.7902137041091919,0.7902137041091919,False,False,True,0.0,1.0,0.0,0.0,0,0.0,1000,48.828125,True,True,0,0,0,True,True,accepted
M7,M7_30mA_20C_0,frame_0118.png,0.8096382021903992,True,,True,0.8096382021903992,0.8096382021903992,False,False,True,0.0,1.0,0.0,0.0,0,0.0,1000,48.828125,True,True,0,0,0,True,True,accepted
M7,M7_30mA_20C_0,frame_0121.png,0.776242196559906,True,,True,0.776242196559906,0.776242196559906,False,False,True,0.0,1.0,0.0,0.0,0,0.0,1000,48.828125,True,True,0,0,0,True,True,accepted
M7,M7_30mA_20C_0,frame_0123.png,0.8017107844352722,True,,True,0.8017107844352722,0.8017107844352722,False,False,True,0.0,1.0,0.0,0.0,1,0.00048828125,999,48.779296875,True,True,1,0,1,True,True,accepted
M7,M7_30mA_20C_0,frame_0124.png,0.7305875420570374,True,,True,0.7305875420570374,0.7305875420570374,False,False,True,0.0,1.0,0.0,0.0,6,0.0029296875,1000,48.828125,True,True,1,0,6,True,True,accepted
M7,M7_30mA_20C_0,frame_0125.png,0.7175040245056152,True,,True,0.7175040245056152,0.7175040245056152,False,False,True,0.0,1.0,0.0,0.0,9,0.00439453125,997,48.681640625,True,True,1,0,9,True,True,accepted
M7,M7_30mA_20C_0,frame_0131.png,0.8131076693534851,True,,True,0.8131076693534851,0.8131076693534851,False,False,True,0.0,1.0,0.0,0.0,3,0.00146484375,1001,48.876953125,True,True,1,0,3,True,True,accepted
M7,M7_30mA_20C_0,frame_0138.png,0.8095043301582336,True,,True,0.8095043301582336,0.8095043301582336,False,False,True,0.0,1.0,0.0,0.0,2,0.0009765625,1000,48.828125,True,True,1,0,2,True,True,accepted
M7,M7_30mA_20C_0,frame_0150.png,0.7787525057792664,True,,True,0.7787525057792664,0.7787525057792664,False,False,True,0.0,1.0,0.0,0.0,0,0.0,1000,48.828125,True,True,0,0,0,True,True,accepted
M7,M7_30mA_20C_0,frame_0151.png,0.7932946085929871,True,,True,0.7932946085929871,0.7932946085929871,False,False,True,0.0,1.0,0.0,0.0,0,0.0,1000,48.828125,True,True,0,0,0,True,True,accepted
M7,M7_30mA_20C_0,frame_0154.png,0.8074666857719421,True,,True,0.8074666857719421,0.8074666857719421,False,False,True,0.0,1.0,0.0,0.0,2,0.0009765625,1000,48.828125,True,True,1,0,2,True,True,accepted
M7,M7_30mA_20C_0,frame_0155.png,0.8156300783157349,True,,True,0.8156300783157349,0.8156300783157349,False,False,True,0.0,1.0,0.0,0.0,1,0.00048828125,999,48.779296875,True,True,1,0,1,True,True,accepted
M7,M7_30mA_20C_0,frame_0157.png,0.7917299270629883,True,,True,0.7917299270629883,0.7917299270629883,False,False,True,0.0,1.0,0.0,0.0,0,0.0,1000,48.828125,True,True,0,0,0,True,True,accepted
M7,M7_30mA_20C_0,frame_0163.png,0.7991383075714111,True,,True,0.7991383075714111,0.7991383075714111,False,False,True,0.0,1.0,0.0,0.0,1,0.00048828125,999,48.779296875,True,True,1,0,1,True,True,accepted
M7,M7_30mA_20C_0,frame_0168.png,0.8142082095146179,True,,True,0.8142082095146179,0.8142082095146179,False,False,True,0.0,1.0,0.0,0.0,3,0.00146484375,997,48.681640625,True,True,1,0,3,True,True,accepted
M7,M7_30mA_20C_0,frame_0176.png,0.7813884019851685,True,,True,0.7813884019851685,0.7813884019851685,False,False,True,0.0,1.0,0.0,0.0,25,0.01220703125,1001,48.876953125,True,True,2,0,25,True,True,accepted
M7,M7_30mA_20C_0,frame_0178.png,0.7938017249107361,True,,True,0.7938017249107361,0.7938017249107361,False,False,True,0.0,1.0,0.0,0.0,12,0.005859375,998,48.73046875,True,True,2,0,12,True,True,accepted
M7,M7_30mA_20C_0,frame_0180.png,0.8036277890205383,True,,True,0.8036277890205383,0.8036277890205383,False,False,True,0.0,1.0,0.0,0.0,0,0.0,1000,48.828125,True,True,0,0,0,True,True,accepted
M7,M7_30mA_20C_0,frame_0198.png,0.7814781069755554,True,,True,0.7814781069755554,0.7814781069755554,False,False,True,0.0,1.0,0.0,0.0,1,0.00048828125,999,48.779296875,True,True,1,0,1,True,True,accepted
M7,M7_30mA_30C_0,frame_0019.png,0.7914586067199707,True,,True,0.7914586067199707,0.7914586067199707,False,False,True,0.0,1.0,0.0,0.0,2,0.0009765625,1000,48.828125,True,True,1,0,2,True,True,accepted
M7,M7_30mA_30C_0,frame_0025.png,0.7751994132995605,True,,True,0.7751994132995605,0.7751994132995605,False,False,True,0.0,1.0,0.0,0.0,0,0.0,1000,48.828125,True,True,0,0,0,True,True,accepted
M7,M7_30mA_30C_0,frame_0026.png,0.8037956953048706,True,,True,0.8037956953048706,0.8037956953048706,False,False,True,0.0,1.0,0.0,0.0,0,0.0,1000,48.828125,True,True,0,0,0,True,True,accepted
M7,M7_30mA_30C_0,frame_0029.png,0.7437189221382141,True,,True,0.7437189221382141,0.7437189221382141,False,False,True,0.0,1.0,0.0,0.0,0,0.0,1000,48.828125,True,True,0,0,0,True,True,accepted
M7,M7_30mA_30C_0,frame_0032.png,0.7814439535140991,True,,True,0.7814439535140991,0.7814439535140991,False,False,True,0.0,1.0,0.0,0.0,0,0.0,1000,48.828125,True,True,0,0,0,True,True,accepted
M7,M7_30mA_30C_0,frame_0035.png,0.7953767776489258,True,,True,0.7953767776489258,0.7953767776489258,False,False,True,0.0,1.0,0.0,0.0,0,0.0,1000,48.828125,True,True,0,0,0,True,True,accepted
M7,M7_30mA_30C_0,frame_0037.png,0.771103024482727,True,,True,0.771103024482727,0.771103024482727,False,False,True,0.0,1.0,0.0,0.0,19,0.00927734375,1003,48.974609375,True,True,2,0,19,True,True,accepted
M7,M7_30mA_30C_0,frame_0043.png,0.7815157771110535,True,,True,0.7815157771110535,0.7815157771110535,False,False,True,0.0,1.0,0.0,0.0,0,0.0,1000,48.828125,True,True,0,0,0,True,True,accepted
M7,M7_30mA_30C_0,frame_0049.png,0.7857838869094849,True,,True,0.7857838869094849,0.7857838869094849,False,False,True,0.0,1.0,0.0,0.0,0,0.0,1000,48.828125,True,True,0,0,0,True,True,accepted
M7,M7_30mA_30C_0,frame_0055.png,0.7840661406517029,True,,True,0.7840661406517029,0.7840661406517029,False,False,True,0.0,1.0,0.0,0.0,0,0.0,1000,48.828125,True,True,0,0,0,True,True,accepted
M7,M7_30mA_30C_0,frame_0062.png,0.7630862593650818,True,,True,0.7630862593650818,0.7630862593650818,False,False,True,0.0,1.0,0.0,0.0,16,0.0078125,1000,48.828125,True,True,1,0,16,True,True,accepted
M7,M7_30mA_30C_0,frame_0064.png,0.7920058369636536,True,,True,0.7920058369636536,0.7920058369636536,False,False,True,0.0,1.0,0.0,0.0,1,0.00048828125,1001,48.876953125,True,True,1,0,1,True,True,accepted
M7,M7_30mA_30C_0,frame_0068.png,0.7667301893234253,True,,True,0.7667301893234253,0.7667301893234253,False,False,True,0.0,1.0,0.0,0.0,3,0.00146484375,1001,48.876953125,True,True,1,0,3,True,True,accepted
M7,M7_30mA_30C_0,frame_0078.png,0.7815259695053101,True,,True,0.7815259695053101,0.7815259695053101,False,False,True,0.0,1.0,0.0,0.0,0,0.0,1000,48.828125,True,True,0,0,0,True,True,accepted
M7,M7_30mA_30C_0,frame_0085.png,0.7947765588760376,True,,True,0.7947765588760376,0.7947765588760376,False,False,True,0.0,1.0,0.0,0.0,0,0.0,1000,48.828125,True,True,0,0,0,True,True,accepted
M7,M7_30mA_30C_0,frame_0086.png,0.7742269039154053,True,,True,0.7742269039154053,0.7742269039154053,False,False,True,0.0,1.0,0.0,0.0,0,0.0,1000,48.828125,True,True,0,0,0,True,True,accepted
M7,M7_30mA_30C_0,frame_0089.png,0.7743867635726929,True,,True,0.7743867635726929,0.7743867635726929,False,False,True,0.0,1.0,0.0,0.0,0,0.0,1000,48.828125,True,True,0,0,0,True,True,accepted
M7,M7_30mA_30C_0,frame_0098.png,0.7804592847824097,True,,True,0.7804592847824097,0.7804592847824097,False,False,True,0.0,1.0,0.0,0.0,0,0.0,1000,48.828125,True,True,0,0,0,True,True,accepted
M7,M7_30mA_30C_0,frame_0099.png,0.7887731790542603,True,,True,0.7887731790542603,0.7887731790542603,False,False,True,0.0,1.0,0.0,0.0,0,0.0,1000,48.828125,True,True,0,0,0,True,True,accepted
M7,M7_30mA_30C_0,frame_0105.png,0.7878385186195374,True,,True,0.7878385186195374,0.7878385186195374,False,False,True,0.0,1.0,0.0,0.0,0,0.0,1000,48.828125,True,True,0,0,0,True,True,accepted
M7,M7_30mA_30C_0,frame_0112.png,0.8026105165481567,True,,True,0.8026105165481567,0.8026105165481567,False,False,True,0.0,1.0,0.0,0.0,0,0.0,1000,48.828125,True,True,0,0,0,True,True,accepted
M7,M7_30mA_30C_0,frame_0117.png,0.7543367743492126,True,,True,0.7543367743492126,0.7543367743492126,False,False,True,0.0,1.0,0.0,0.0,0,0.0,1000,48.828125,True,True,0,0,0,True,True,accepted
M7,M7_30mA_30C_0,frame_0123.png,0.7910024523735046,True,,True,0.7910024523735046,0.7910024523735046,False,False,True,0.0,1.0,0.0,0.0,0,0.0,1000,48.828125,True,True,0,0,0,True,True,accepted
M7,M7_30mA_30C_0,frame_0129.png,0.7946913242340088,True,,True,0.7946913242340088,0.7946913242340088,False,False,True,0.0,1.0,0.0,0.0,0,0.0,1000,48.828125,True,True,0,0,0,True,True,accepted
M7,M7_30mA_30C_0,frame_0135.png,0.7749720811843872,True,,True,0.7749720811843872,0.7749720811843872,False,False,True,0.0,1.0,0.0,0.0,2,0.0009765625,1000,48.828125,True,True,1,0,2,True,True,accepted
M7,M7_30mA_30C_0,frame_0136.png,0.8012304306030273,True,,True,0.8012304306030273,0.8012304306030273,False,False,True,0.0,1.0,0.0,0.0,0,0.0,1000,48.828125,True,True,0,0,0,True,True,accepted
M7,M7_30mA_30C_0,frame_0137.png,0.7929913401603699,True,,True,0.7929913401603699,0.7929913401603699,False,False,True,0.0,1.0,0.0,0.0,0,0.0,1000,48.828125,True,True,0,0,0,True,True,accepted
M7,M7_30mA_30C_0,frame_0138.png,0.8018867373466492,True,,True,0.8018867373466492,0.8018867373466492,False,False,True,0.0,1.0,0.0,0.0,5,0.00244140625,1001,48.876953125,True,True,1,0,5,True,True,accepted
M7,M7_30mA_30C_0,frame_0140.png,0.7862088084220886,True,,True,0.7862088084220886,0.7862088084220886,False,False,True,0.0,1.0,0.0,0.0,0,0.0,1000,48.828125,True,True,0,0,0,True,True,accepted
M7,M7_30mA_30C_0,frame_0143.png,0.7485636472702026,True,,True,0.7485636472702026,0.7485636472702026,False,False,True,0.0,1.0,0.0,0.0,160,0.078125,1016,49.609375,True,True,3,0,160,True,True,accepted
M7,M7_30mA_30C_0,frame_0149.png,0.728352427482605,True,,True,0.728352427482605,0.728352427482605,False,False,True,0.0,1.0,0.0,0.0,1,0.00048828125,1001,48.876953125,True,True,1,0,1,True,True,accepted
M7,M7_30mA_30C_0,frame_0151.png,0.7715588808059692,True,,True,0.7715588808059692,0.7715588808059692,False,False,True,0.0,1.0,0.0,0.0,0,0.0,1000,48.828125,True,True,0,0,0,True,True,accepted
M7,M7_30mA_30C_0,frame_0153.png,0.7654443979263306,True,,True,0.7654443979263306,0.7654443979263306,False,False,True,0.0,1.0,0.0,0.0,1,0.00048828125,999,48.779296875,True,True,1,0,1,True,True,accepted
M7,M7_30mA_30C_0,frame_0159.png,0.7817189693450928,True,,True,0.7817189693450928,0.7817189693450928,False,False,True,0.0,1.0,0.0,0.0,0,0.0,1000,48.828125,True,True,0,0,0,True,True,accepted
M7,M7_30mA_30C_0,frame_0161.png,0.7957865595817566,True,,True,0.7957865595817566,0.7957865595817566,False,False,True,0.0,1.0,0.0,0.0,2,0.0009765625,1002,48.92578125,True,True,1,0,2,True,True,accepted
M7,M7_30mA_30C_0,frame_0165.png,0.7940131425857544,True,,True,0.7940131425857544,0.7940131425857544,False,False,True,0.0,1.0,0.0,0.0,0,0.0,1000,48.828125,True,True,0,0,0,True,True,accepted
M7,M7_30mA_30C_0,frame_0168.png,0.789401650428772,True,,True,0.789401650428772,0.789401650428772,False,False,True,0.0,1.0,0.0,0.0,0,0.0,1000,48.828125,True,True,0,0,0,True,True,accepted
M7,M7_30mA_30C_0,frame_0170.png,0.8010483384132385,True,,True,0.8010483384132385,0.8010483384132385,False,False,True,0.0,1.0,0.0,0.0,0,0.0,1000,48.828125,True,True,0,0,0,True,True,accepted
M7,M7_30mA_30C_0,frame_0174.png,0.8039689660072327,True,,True,0.8039689660072327,0.8039689660072327,False,False,True,0.0,1.0,0.0,0.0,12,0.005859375,996,48.6328125,True,True,1,0,12,True,True,accepted
M7,M7_30mA_30C_0,frame_0178.png,0.7468459010124207,True,,True,0.7468459010124207,0.7468459010124207,False,False,True,0.0,1.0,0.0,0.0,1,0.00048828125,1001,48.876953125,True,True,1,0,1,True,True,accepted
M7,M7_30mA_30C_0,frame_0183.png,0.7652289271354675,True,,True,0.7652289271354675,0.7652289271354675,False,False,True,0.0,1.0,0.0,0.0,0,0.0,1000,48.828125,True,True,0,0,0,True,True,accepted
M7,M7_30mA_30C_0,frame_0186.png,0.7982630133628845,True,,True,0.7982630133628845,0.7982630133628845,False,False,True,0.0,1.0,0.0,0.0,0,0.0,1000,48.828125,True,True,0,0,0,True,True,accepted
M7,M7_30mA_30C_0,frame_0188.png,0.7466432452201843,True,,True,0.7466432452201843,0.7466432452201843,False,False,True,0.0,1.0,0.0,0.0,13,0.00634765625,1003,48.974609375,True,True,1,0,13,True,True,accepted
M7,M7_30mA_30C_0,frame_0190.png,0.7591143846511841,True,,True,0.7591143846511841,0.7591143846511841,False,False,True,0.0,1.0,0.0,0.0,0,0.0,1000,48.828125,True,True,0,0,0,True,True,accepted
M7,M7_30mA_30C_0,frame_0195.png,0.8030889630317688,True,,True,0.8030889630317688,0.8030889630317688,False,False,True,0.0,1.0,0.0,0.0,0,0.0,1000,48.828125,True,True,0,0,0,True,True,accepted
M7,M7_30mA_40C_0,frame_0027.png,0.7946895956993103,True,,True,0.7946895956993103,0.7946895956993103,False,False,True,0.0,1.0,0.0,0.0,0,0.0,1000,48.828125,True,True,0,0,0,True,True,accepted
M7,M7_30mA_40C_0,frame_0030.png,0.8065483570098877,True,,True,0.8065483570098877,0.8065483570098877,False,False,True,0.0,1.0,0.0,0.0,1,0.00048828125,1001,48.876953125,True,True,1,0,1,True,True,accepted
M7,M7_30mA_40C_0,frame_0037.png,0.8032389283180237,True,,True,0.8032389283180237,0.8032389283180237,False,False,True,0.0,1.0,0.0,0.0,0,0.0,1000,48.828125,True,True,0,0,0,True,True,accepted
M7,M7_30mA_40C_0,frame_0038.png,0.8047440648078918,True,,True,0.8047440648078918,0.8047440648078918,False,False,True,0.0,1.0,0.0,0.0,11,0.00537109375,995,48.583984375,True,True,1,0,11,True,True,accepted
M7,M7_30mA_40C_0,frame_0043.png,0.79083251953125,True,,True,0.79083251953125,0.79083251953125,False,False,True,0.0,1.0,0.0,0.0,1,0.00048828125,1001,48.876953125,True,True,1,0,1,True,True,accepted
M7,M7_30mA_40C_0,frame_0046.png,0.7885913848876953,True,,True,0.7885913848876953,0.7885913848876953,False,False,True,0.0,1.0,0.0,0.0,9,0.00439453125,999,48.779296875,True,True,1,0,9,True,True,accepted
M7,M7_30mA_40C_0,frame_0052.png,0.7884917259216309,True,,True,0.7884917259216309,0.7884917259216309,False,False,True,0.0,1.0,0.0,0.0,9,0.00439453125,1001,48.876953125,True,True,1,0,9,True,True,accepted
M7,M7_30mA_40C_0,frame_0055.png,0.7781519889831543,True,,True,0.7781519889831543,0.7781519889831543,False,False,True,0.0,1.0,0.0,0.0,0,0.0,1000,48.828125,True,True,0,0,0,True,True,accepted
M7,M7_30mA_40C_0,frame_0060.png,0.7445339560508728,True,,True,0.7445339560508728,0.7445339560508728,False,False,True,0.0,1.0,0.0,0.0,0,0.0,1000,48.828125,True,True,0,0,0,True,True,accepted
M7,M7_30mA_40C_0,frame_0061.png,0.7781477570533752,True,,True,0.7781477570533752,0.7781477570533752,False,False,True,0.0,1.0,0.0,0.0,2,0.0009765625,1002,48.92578125,True,True,1,0,2,True,True,accepted
M7,M7_30mA_40C_0,frame_0063.png,0.7887113690376282,True,,True,0.7887113690376282,0.7887113690376282,False,False,True,0.0,1.0,0.0,0.0,2,0.0009765625,1000,48.828125,True,True,1,0,2,True,True,accepted
M7,M7_30mA_40C_0,frame_0065.png,0.7848469614982605,True,,True,0.7848469614982605,0.7848469614982605,False,False,True,0.0,1.0,0.0,0.0,0,0.0,1000,48.828125,True,True,0,0,0,True,True,accepted
M7,M7_30mA_40C_0,frame_0066.png,0.7989530563354492,True,,True,0.7989530563354492,0.7989530563354492,False,False,True,0.0,1.0,0.0,0.0,2,0.0009765625,1002,48.92578125,True,True,1,0,2,True,True,accepted
M7,M7_30mA_40C_0,frame_0072.png,0.7910171747207642,True,,True,0.7910171747207642,0.7910171747207642,False,False,True,0.0,1.0,0.0,0.0,2,0.0009765625,1000,48.828125,True,True,1,0,2,True,True,accepted
M7,M7_30mA_40C_0,frame_0075.png,0.8010382652282715,True,,True,0.8010382652282715,0.8010382652282715,False,False,True,0.0,1.0,0.0,0.0,0,0.0,1000,48.828125,True,True,0,0,0,True,True,accepted
M7,M7_30mA_40C_0,frame_0080.png,0.7769837379455566,True,,True,0.7769837379455566,0.7769837379455566,False,False,True,0.0,1.0,0.0,0.0,0,0.0,1000,48.828125,True,True,0,0,0,True,True,accepted
M7,M7_30mA_40C_0,frame_0082.png,0.7760147452354431,True,,True,0.7760147452354431,0.7760147452354431,False,False,True,0.0,1.0,0.0,0.0,0,0.0,1000,48.828125,True,True,0,0,0,True,True,accepted
M7,M7_30mA_40C_0,frame_0086.png,0.7873294949531555,True,,True,0.7873294949531555,0.7873294949531555,False,False,True,0.0,1.0,0.0,0.0,0,0.0,1000,48.828125,True,True,0,0,0,True,True,accepted
M7,M7_30mA_40C_0,frame_0089.png,0.7722762823104858,True,,True,0.7722762823104858,0.7722762823104858,False,False,True,0.0,1.0,0.0,0.0,20,0.009765625,996,48.6328125,True,True,2,0,20,True,True,accepted
M7,M7_30mA_40C_0,frame_0098.png,0.7876452207565308,True,,True,0.7876452207565308,0.7876452207565308,False,False,True,0.0,1.0,0.0,0.0,0,0.0,1000,48.828125,True,True,0,0,0,True,True,accepted
M7,M7_30mA_40C_0,frame_0100.png,0.7816442251205444,True,,True,0.7816442251205444,0.7816442251205444,False,False,True,0.0,1.0,0.0,0.0,0,0.0,1000,48.828125,True,True,0,0,0,True,True,accepted
M7,M7_30mA_40C_0,frame_0103.png,0.7921297550201416,True,,True,0.7921297550201416,0.7921297550201416,False,False,True,0.0,1.0,0.0,0.0,0,0.0,1000,48.828125,True,True,0,0,0,True,True,accepted
M7,M7_30mA_40C_0,frame_0114.png,0.7786813378334045,True,,True,0.7786813378334045,0.7786813378334045,False,False,True,0.0,1.0,0.0,0.0,0,0.0,1000,48.828125,True,True,0,0,0,True,True,accepted
M7,M7_30mA_40C_0,frame_0119.png,0.7874727845191956,True,,True,0.7874727845191956,0.7874727845191956,False,False,True,0.0,1.0,0.0,0.0,1,0.00048828125,1001,48.876953125,True,True,1,0,1,True,True,accepted
M7,M7_30mA_40C_0,frame_0129.png,0.7760381698608398,True,,True,0.7760381698608398,0.7760381698608398,False,False,True,0.0,1.0,0.0,0.0,0,0.0,1000,48.828125,True,True,0,0,0,True,True,accepted
M7,M7_30mA_40C_0,frame_0130.png,0.8003627061843872,True,,True,0.8003627061843872,0.8003627061843872,False,False,True,0.0,1.0,0.0,0.0,0,0.0,1000,48.828125,True,True,0,0,0,True,True,accepted
M7,M7_30mA_40C_0,frame_0131.png,0.7274775505065918,True,,True,0.7274775505065918,0.7274775505065918,False,False,True,0.0,1.0,0.0,0.0,4,0.001953125,998,48.73046875,True,True,1,0,4,True,True,accepted
M7,M7_30mA_40C_0,frame_0134.png,0.8064071536064148,True,,True,0.8064071536064148,0.8064071536064148,False,False,True,0.0,1.0,0.0,0.0,1,0.00048828125,1001,48.876953125,True,True,1,0,1,True,True,accepted
M7,M7_30mA_40C_0,frame_0138.png,0.7896872758865356,True,,True,0.7896872758865356,0.7896872758865356,False,False,True,0.0,1.0,0.0,0.0,2,0.0009765625,1000,48.828125,True,True,1,0,2,True,True,accepted
M7,M7_30mA_40C_0,frame_0148.png,0.8050782680511475,True,,True,0.8050782680511475,0.8050782680511475,False,False,True,0.0,1.0,0.0,0.0,1,0.00048828125,1001,48.876953125,True,True,1,0,1,True,True,accepted
M7,M7_30mA_40C_0,frame_0150.png,0.7197656631469727,True,,True,0.7197656631469727,0.7197656631469727,False,False,True,0.0,1.0,0.0,0.0,113,0.05517578125,1001,48.876953125,True,True,3,0,113,True,True,accepted
M7,M7_30mA_40C_0,frame_0160.png,0.7900463342666626,True,,True,0.7900463342666626,0.7900463342666626,False,False,True,0.0,1.0,0.0,0.0,0,0.0,1000,48.828125,True,True,0,0,0,True,True,accepted
M7,M7_30mA_40C_0,frame_0162.png,0.7816473841667175,True,,True,0.7816473841667175,0.7816473841667175,False,False,True,0.0,1.0,0.0,0.0,0,0.0,1000,48.828125,True,True,0,0,0,True,True,accepted
M7,M7_30mA_40C_0,frame_0164.png,0.7937127947807312,True,,True,0.7937127947807312,0.7937127947807312,False,False,True,0.0,1.0,0.0,0.0,0,0.0,1000,48.828125,True,True,0,0,0,True,True,accepted
M7,M7_30mA_40C_0,frame_0165.png,0.7839215993881226,True,,True,0.7839215993881226,0.7839215993881226,False,False,True,0.0,1.0,0.0,0.0,0,0.0,1000,48.828125,True,True,0,0,0,True,True,accepted
M7,M7_30mA_40C_0,frame_0166.png,0.7994515895843506,True,,True,0.7994515895843506,0.7994515895843506,False,False,True,0.0,1.0,0.0,0.0,0,0.0,1000,48.828125,True,True,0,0,0,True,True,accepted
M7,M7_30mA_40C_0,frame_0167.png,0.8027883172035217,True,,True,0.8027883172035217,0.8027883172035217,False,False,True,0.0,1.0,0.0,0.0,0,0.0,1000,48.828125,True,True,0,0,0,True,True,accepted
M7,M7_30mA_40C_0,frame_0169.png,0.7793102860450745,True,,True,0.7793102860450745,0.7793102860450745,False,False,True,0.0,1.0,0.0,0.0,0,0.0,1000,48.828125,True,True,0,0,0,True,True,accepted
M7,M7_30mA_40C_0,frame_0172.png,0.7548455595970154,True,,True,0.7548455595970154,0.7548455595970154,False,False,True,0.0,1.0,0.0,0.0,2,0.0009765625,1000,48.828125,True,True,1,0,2,True,True,accepted
M7,M7_30mA_40C_0,frame_0179.png,0.805091142654419,True,,True,0.805091142654419,0.805091142654419,False,False,True,0.0,1.0,0.0,0.0,0,0.0,1000,48.828125,True,True,0,0,0,True,True,accepted
M7,M7_30mA_40C_0,frame_0181.png,0.7937107682228088,True,,True,0.7937107682228088,0.7937107682228088,False,False,True,0.0,1.0,0.0,0.0,0,0.0,1000,48.828125,True,True,0,0,0,True,True,accepted
M7,M7_30mA_40C_0,frame_0184.png,0.7954427599906921,True,,True,0.7954427599906921,0.7954427599906921,False,False,True,0.0,1.0,0.0,0.0,5,0.00244140625,997,48.681640625,True,True,1,0,5,True,True,accepted
M7,M7_30mA_40C_0,frame_0185.png,0.8051916360855103,True,,True,0.8051916360855103,0.8051916360855103,False,False,True,0.0,1.0,0.0,0.0,0,0.0,1000,48.828125,True,True,0,0,0,True,True,accepted
M7,M7_30mA_40C_0,frame_0191.png,0.768868088722229,True,,True,0.768868088722229,0.768868088722229,False,False,True,0.0,1.0,0.0,0.0,0,0.0,1000,48.828125,True,True,0,0,0,True,True,accepted
M7,M7_30mA_40C_0,frame_0199.png,0.7936723232269287,True,,True,0.7936723232269287,0.7936723232269287,False,False,True,0.0,1.0,0.0,0.0,1,0.00048828125,1001,48.876953125,True,True,1,0,1,True,True,accepted
M8,M8_10mA_20C_0,frame_0025.png,0.704785168170929,True,,True,0.704785168170929,0.704785168170929,False,False,True,0.0,1.0,0.0,0.0,0,0.0,1051,51.318359375,True,True,0,0,0,True,True,accepted
M8,M8_10mA_20C_0,frame_0027.png,0.7266089916229248,True,,True,0.7266089916229248,0.7266089916229248,False,False,True,0.0,1.0,0.0,0.0,0,0.0,1051,51.318359375,True,True,0,0,0,True,True,accepted
M8,M8_10mA_20C_0,frame_0028.png,0.6775116920471191,True,,True,0.6775116920471191,0.6775116920471191,False,False,True,0.0,1.0,0.0,0.0,0,0.0,1051,51.318359375,True,True,0,0,0,True,True,accepted
M8,M8_10mA_20C_0,frame_0033.png,0.7011284828186035,True,,True,0.7011284828186035,0.7011284828186035,False,False,True,0.0,1.0,0.0,0.0,2,0.0009765625,1049,51.220703125,True,True,1,0,2,True,True,accepted
M8,M8_10mA_20C_0,frame_0034.png,0.7093919515609741,True,,True,0.7093919515609741,0.7093919515609741,False,False,True,0.0,1.0,0.0,0.0,0,0.0,1051,51.318359375,True,True,0,0,0,True,True,accepted
M8,M8_10mA_20C_0,frame_0039.png,0.7148534059524536,True,,True,0.7148534059524536,0.7148534059524536,False,False,True,0.0,1.0,0.0,0.0,0,0.0,1051,51.318359375,True,True,0,0,0,True,True,accepted
M8,M8_10mA_20C_0,frame_0040.png,0.6904579997062683,True,,True,0.6904579997062683,0.6904579997062683,False,False,True,0.0,1.0,0.0,0.0,6,0.0029296875,1047,51.123046875,True,True,1,0,6,True,True,accepted
M8,M8_10mA_20C_0,frame_0043.png,0.6695784330368042,True,,True,0.6695784330368042,0.6695784330368042,False,False,True,0.0,1.0,0.0,0.0,14,0.0068359375,1045,51.025390625,True,True,1,0,14,True,True,accepted
M8,M8_10mA_20C_0,frame_0045.png,0.6962246298789978,True,,True,0.6962246298789978,0.6962246298789978,False,False,True,0.0,1.0,0.0,0.0,1,0.00048828125,1050,51.26953125,True,True,1,0,1,True,True,accepted
M8,M8_10mA_20C_0,frame_0048.png,0.6871506571769714,True,,True,0.6871506571769714,0.6871506571769714,False,False,True,0.0,1.0,0.0,0.0,2,0.0009765625,1049,51.220703125,True,True,1,0,2,True,True,accepted
M8,M8_10mA_20C_0,frame_0049.png,0.7138765454292297,True,,True,0.7138765454292297,0.7138765454292297,False,False,True,0.0,1.0,0.0,0.0,0,0.0,1051,51.318359375,True,True,0,0,0,True,True,accepted
M8,M8_10mA_20C_0,frame_0050.png,0.6426541209220886,True,,True,0.6426541209220886,0.6426541209220886,False,True,True,0.0,1.0,0.0,0.0,14,0.0068359375,1049,51.220703125,True,True,1,0,14,True,True,accepted
M8,M8_10mA_20C_0,frame_0052.png,0.6677218079566956,True,,True,0.6677218079566956,0.6677218079566956,False,False,True,0.0,1.0,0.0,0.0,3,0.00146484375,1048,51.171875,True,True,1,0,3,True,True,accepted
M8,M8_10mA_20C_0,frame_0059.png,0.7019473314285278,True,,True,0.7019473314285278,0.7019473314285278,False,False,True,0.0,1.0,0.0,0.0,2,0.0009765625,1051,51.318359375,True,True,1,0,2,True,True,accepted
M8,M8_10mA_20C_0,frame_0068.png,0.694079577922821,True,,True,0.694079577922821,0.694079577922821,False,False,True,0.0,1.0,0.0,0.0,0,0.0,1051,51.318359375,True,True,0,0,0,True,True,accepted
M8,M8_10mA_20C_0,frame_0071.png,0.6814618110656738,True,,True,0.6814618110656738,0.6814618110656738,False,False,True,0.0,1.0,0.0,0.0,9,0.00439453125,1050,51.26953125,True,True,1,0,9,True,True,accepted
M8,M8_10mA_20C_0,frame_0084.png,0.719685971736908,True,,True,0.719685971736908,0.719685971736908,False,False,True,0.0,1.0,0.0,0.0,0,0.0,1051,51.318359375,True,True,0,0,0,True,True,accepted
M8,M8_10mA_20C_0,frame_0086.png,0.7168316841125488,True,,True,0.7168316841125488,0.7168316841125488,False,False,True,0.0,1.0,0.0,0.0,1,0.00048828125,1050,51.26953125,True,True,1,0,1,True,True,accepted
M8,M8_10mA_20C_0,frame_0087.png,0.7225502133369446,True,,True,0.7225502133369446,0.7225502133369446,False,False,True,0.0,1.0,0.0,0.0,0,0.0,1051,51.318359375,True,True,0,0,0,True,True,accepted
M8,M8_10mA_20C_0,frame_0092.png,0.7168064117431641,True,,True,0.7168064117431641,0.7168064117431641,False,False,True,0.0,1.0,0.0,0.0,0,0.0,1051,51.318359375,True,True,0,0,0,True,True,accepted
M8,M8_10mA_20C_0,frame_0104.png,0.677520215511322,True,,True,0.677520215511322,0.677520215511322,False,False,True,0.0,1.0,0.0,0.0,1,0.00048828125,1050,51.26953125,True,True,1,0,1,True,True,accepted
M8,M8_10mA_20C_0,frame_0106.png,0.7246819734573364,True,,True,0.7246819734573364,0.7246819734573364,False,False,True,0.0,1.0,0.0,0.0,0,0.0,1051,51.318359375,True,True,0,0,0,True,True,accepted
M8,M8_10mA_20C_0,frame_0110.png,0.6866700649261475,True,,True,0.6866700649261475,0.6866700649261475,False,False,True,0.0,1.0,0.0,0.0,4,0.001953125,1049,51.220703125,True,True,1,0,4,True,True,accepted
M8,M8_10mA_20C_0,frame_0115.png,0.6889118552207947,True,,True,0.6889118552207947,0.6889118552207947,False,False,True,0.0,1.0,0.0,0.0,7,0.00341796875,1050,51.26953125,True,True,1,0,7,True,True,accepted
M8,M8_10mA_20C_0,frame_0118.png,0.6687076091766357,True,,True,0.6687076091766357,0.6687076091766357,False,False,True,0.0,1.0,0.0,0.0,5,0.00244140625,1048,51.171875,True,True,1,0,5,True,True,accepted
M8,M8_10mA_20C_0,frame_0122.png,0.7034121155738831,True,,True,0.7034121155738831,0.7034121155738831,False,False,True,0.0,1.0,0.0,0.0,1,0.00048828125,1050,51.26953125,True,True,1,0,1,True,True,accepted
M8,M8_10mA_20C_0,frame_0124.png,0.7042092680931091,True,,True,0.7042092680931091,0.7042092680931091,False,False,True,0.0,1.0,0.0,0.0,2,0.0009765625,1049,51.220703125,True,True,1,0,2,True,True,accepted
M8,M8_10mA_20C_0,frame_0126.png,0.7144784927368164,True,,True,0.7144784927368164,0.7144784927368164,False,False,True,0.0,1.0,0.0,0.0,1,0.00048828125,1050,51.26953125,True,True,1,0,1,True,True,accepted
M8,M8_10mA_20C_0,frame_0129.png,0.7089940905570984,True,,True,0.7089940905570984,0.7089940905570984,False,False,True,0.0,1.0,0.0,0.0,2,0.0009765625,1049,51.220703125,True,True,1,0,2,True,True,accepted
M8,M8_10mA_20C_0,frame_0133.png,0.6494272351264954,True,,True,0.6494272351264954,0.6494272351264954,False,True,True,0.0,1.0,0.0,0.0,1,0.00048828125,1050,51.26953125,True,True,1,0,1,True,True,accepted
M8,M8_10mA_20C_0,frame_0139.png,0.6965352892875671,True,,True,0.6965352892875671,0.6965352892875671,False,False,True,0.0,1.0,0.0,0.0,2,0.0009765625,1049,51.220703125,True,True,1,0,2,True,True,accepted
M8,M8_10mA_20C_0,frame_0143.png,0.7204578518867493,True,,True,0.7204578518867493,0.7204578518867493,False,False,True,0.0,1.0,0.0,0.0,0,0.0,1051,51.318359375,True,True,0,0,0,True,True,accepted
M8,M8_10mA_20C_0,frame_0146.png,0.6887097954750061,True,,True,0.6887097954750061,0.6887097954750061,False,False,True,0.0,1.0,0.0,0.0,2,0.0009765625,1053,51.416015625,True,True,1,0,2,True,True,accepted
M8,M8_10mA_20C_0,frame_0156.png,0.6847832202911377,True,,True,0.6847832202911377,0.6847832202911377,False,False,True,0.0,1.0,0.0,0.0,0,0.0,1051,51.318359375,True,True,0,0,0,True,True,accepted
M8,M8_10mA_20C_0,frame_0158.png,0.7003898024559021,True,,True,0.7003898024559021,0.7003898024559021,False,False,True,0.0,1.0,0.0,0.0,8,0.00390625,1049,51.220703125,True,True,1,0,8,True,True,accepted
M8,M8_10mA_20C_0,frame_0159.png,0.6834128499031067,True,,True,0.6834128499031067,0.6834128499031067,False,False,True,0.0,1.0,0.0,0.0,1,0.00048828125,1050,51.26953125,True,True,1,0,1,True,True,accepted
M8,M8_10mA_20C_0,frame_0161.png,0.692611038684845,True,,True,0.692611038684845,0.692611038684845,False,False,True,0.0,1.0,0.0,0.0,1,0.00048828125,1050,51.26953125,True,True,1,0,1,True,True,accepted
M8,M8_10mA_20C_0,frame_0166.png,0.6537306904792786,True,,True,0.6537306904792786,0.6537306904792786,False,True,True,0.0,1.0,0.0,0.0,13,0.00634765625,1042,50.87890625,True,True,1,0,13,True,True,accepted
M8,M8_10mA_20C_0,frame_0168.png,0.7157496213912964,True,,True,0.7157496213912964,0.7157496213912964,False,False,True,0.0,1.0,0.0,0.0,0,0.0,1051,51.318359375,True,True,0,0,0,True,True,accepted
M8,M8_10mA_20C_0,frame_0172.png,0.7060056924819946,True,,True,0.7060056924819946,0.7060056924819946,False,False,True,0.0,1.0,0.0,0.0,3,0.00146484375,1050,51.26953125,True,True,1,0,3,True,True,accepted
M8,M8_10mA_20C_0,frame_0173.png,0.6721668243408203,True,,True,0.6721668243408203,0.6721668243408203,False,False,True,0.0,1.0,0.0,0.0,3,0.00146484375,1048,51.171875,True,True,1,0,3,True,True,accepted
M8,M8_10mA_20C_0,frame_0175.png,0.7124130725860596,True,,True,0.7124130725860596,0.7124130725860596,False,False,True,0.0,1.0,0.0,0.0,1,0.00048828125,1050,51.26953125,True,True,1,0,1,True,True,accepted
M8,M8_10mA_20C_0,frame_0180.png,0.7183346748352051,True,,True,0.7183346748352051,0.7183346748352051,False,False,True,0.0,1.0,0.0,0.0,0,0.0,1051,51.318359375,True,True,0,0,0,True,True,accepted
M8,M8_10mA_20C_0,frame_0190.png,0.6707034707069397,True,,True,0.6707034707069397,0.6707034707069397,False,False,True,0.0,1.0,0.0,0.0,1,0.00048828125,1050,51.26953125,True,True,1,0,1,True,True,accepted
M8,M8_10mA_20C_0,frame_0199.png,0.7121963500976562,True,,True,0.6568951606750488,0.7121963500976562,True,True,True,-6.0,0.975,0.0,0.0,2,0.0009765625,1051,51.318359375,True,True,1,0,2,True,True,accepted
M8,M8_10mA_30C_0,frame_0028.png,0.7501977682113647,True,,True,0.7501977682113647,0.7501977682113647,False,False,True,0.0,1.0,0.0,0.0,0,0.0,1051,51.318359375,True,True,0,0,0,True,True,accepted
M8,M8_10mA_30C_0,frame_0029.png,0.7304996848106384,True,,True,0.7304996848106384,0.7304996848106384,False,False,True,0.0,1.0,0.0,0.0,0,0.0,1051,51.318359375,True,True,0,0,0,True,True,accepted
M8,M8_10mA_30C_0,frame_0030.png,0.7518439292907715,True,,True,0.7518439292907715,0.7518439292907715,False,False,True,0.0,1.0,0.0,0.0,7,0.00341796875,1056,51.5625,True,True,1,0,7,True,True,accepted
M8,M8_10mA_30C_0,frame_0034.png,0.7514438629150391,True,,True,0.7514438629150391,0.7514438629150391,False,False,True,0.0,1.0,0.0,0.0,0,0.0,1051,51.318359375,True,True,0,0,0,True,True,accepted
M8,M8_10mA_30C_0,frame_0043.png,0.7304588556289673,True,,True,0.7304588556289673,0.7304588556289673,False,False,True,0.0,1.0,0.0,0.0,0,0.0,1051,51.318359375,True,True,0,0,0,True,True,accepted
M8,M8_10mA_30C_0,frame_0058.png,0.7122837901115417,True,,True,0.7122837901115417,0.7122837901115417,False,False,True,0.0,1.0,0.0,0.0,2,0.0009765625,1053,51.416015625,True,True,1,0,2,True,True,accepted
M8,M8_10mA_30C_0,frame_0062.png,0.756558895111084,True,,True,0.756558895111084,0.756558895111084,False,False,True,0.0,1.0,0.0,0.0,0,0.0,1051,51.318359375,True,True,0,0,0,True,True,accepted
M8,M8_10mA_30C_0,frame_0064.png,0.6698984503746033,True,,True,0.6698984503746033,0.6698984503746033,False,False,True,0.0,1.0,0.0,0.0,0,0.0,1051,51.318359375,True,True,0,0,0,True,True,accepted
M8,M8_10mA_30C_0,frame_0070.png,0.7374594211578369,True,,True,0.7374594211578369,0.7374594211578369,False,False,True,0.0,1.0,0.0,0.0,1,0.00048828125,1052,51.3671875,True,True,1,0,1,True,True,accepted
M8,M8_10mA_30C_0,frame_0073.png,0.7557699084281921,True,,True,0.7557699084281921,0.7557699084281921,False,False,True,0.0,1.0,0.0,0.0,0,0.0,1051,51.318359375,True,True,0,0,0,True,True,accepted
M8,M8_10mA_30C_0,frame_0081.png,0.7163689732551575,True,,True,0.7163689732551575,0.7163689732551575,False,False,True,0.0,1.0,0.0,0.0,0,0.0,1051,51.318359375,True,True,0,0,0,True,True,accepted
M8,M8_10mA_30C_0,frame_0082.png,0.7472283840179443,True,,True,0.7472283840179443,0.7472283840179443,False,False,True,0.0,1.0,0.0,0.0,0,0.0,1051,51.318359375,True,True,0,0,0,True,True,accepted
M8,M8_10mA_30C_0,frame_0084.png,0.7423864006996155,True,,True,0.7423864006996155,0.7423864006996155,False,False,True,0.0,1.0,0.0,0.0,0,0.0,1051,51.318359375,True,True,0,0,0,True,True,accepted
M8,M8_10mA_30C_0,frame_0086.png,0.6974039077758789,True,,True,0.6974039077758789,0.6974039077758789,False,False,True,0.0,1.0,0.0,0.0,0,0.0,1051,51.318359375,True,True,0,0,0,True,True,accepted
M8,M8_10mA_30C_0,frame_0094.png,0.7522212862968445,True,,True,0.7522212862968445,0.7522212862968445,False,False,True,0.0,1.0,0.0,0.0,3,0.00146484375,1054,51.46484375,True,True,1,0,3,True,True,accepted
M8,M8_10mA_30C_0,frame_0097.png,0.741386890411377,True,,True,0.741386890411377,0.741386890411377,False,False,True,0.0,1.0,0.0,0.0,0,0.0,1051,51.318359375,True,True,0,0,0,True,True,accepted
M8,M8_10mA_30C_0,frame_0098.png,0.7009521126747131,True,,True,0.7009521126747131,0.7009521126747131,False,False,True,0.0,1.0,0.0,0.0,25,0.01220703125,1056,51.5625,True,True,1,0,25,True,True,accepted
M8,M8_10mA_30C_0,frame_0113.png,0.7225891947746277,True,,True,0.7225891947746277,0.7225891947746277,False,False,True,0.0,1.0,0.0,0.0,20,0.009765625,1059,51.708984375,True,True,2,0,20,True,True,accepted
M8,M8_10mA_30C_0,frame_0115.png,0.7432833313941956,True,,True,0.7432833313941956,0.7432833313941956,False,False,True,0.0,1.0,0.0,0.0,3,0.00146484375,1052,51.3671875,True,True,1,0,3,True,True,accepted
M8,M8_10mA_30C_0,frame_0117.png,0.7168529629707336,True,,True,0.7168529629707336,0.7168529629707336,False,False,True,0.0,1.0,0.0,0.0,3,0.00146484375,1052,51.3671875,True,True,1,0,3,True,True,accepted
M8,M8_10mA_30C_0,frame_0128.png,0.7470947504043579,True,,True,0.7470947504043579,0.7470947504043579,False,False,True,0.0,1.0,0.0,0.0,23,0.01123046875,1062,51.85546875,True,True,1,0,23,True,True,accepted
M8,M8_10mA_30C_0,frame_0129.png,0.7214431166648865,True,,True,0.7214431166648865,0.7214431166648865,False,False,True,0.0,1.0,0.0,0.0,0,0.0,1051,51.318359375,True,True,0,0,0,True,True,accepted
M8,M8_10mA_30C_0,frame_0134.png,0.7500013113021851,True,,True,0.7500013113021851,0.7500013113021851,False,False,True,0.0,1.0,0.0,0.0,0,0.0,1051,51.318359375,True,True,0,0,0,True,True,accepted
M8,M8_10mA_30C_0,frame_0135.png,0.7339314222335815,True,,True,0.7339314222335815,0.7339314222335815,False,False,True,0.0,1.0,0.0,0.0,0,0.0,1051,51.318359375,True,True,0,0,0,True,True,accepted
M8,M8_10mA_30C_0,frame_0136.png,0.7495169639587402,True,,True,0.7495169639587402,0.7495169639587402,False,False,True,0.0,1.0,0.0,0.0,0,0.0,1051,51.318359375,True,True,0,0,0,True,True,accepted
M8,M8_10mA_30C_0,frame_0140.png,0.7449250221252441,True,,True,0.7449250221252441,0.7449250221252441,False,False,True,0.0,1.0,0.0,0.0,4,0.001953125,1051,51.318359375,True,True,1,0,4,True,True,accepted
M8,M8_10mA_30C_0,frame_0142.png,0.7119457721710205,True,,True,0.7119457721710205,0.7119457721710205,False,False,True,0.0,1.0,0.0,0.0,0,0.0,1051,51.318359375,True,True,0,0,0,True,True,accepted
M8,M8_10mA_30C_0,frame_0144.png,0.7401167154312134,True,,True,0.7401167154312134,0.7401167154312134,False,False,True,0.0,1.0,0.0,0.0,1,0.00048828125,1052,51.3671875,True,True,1,0,1,True,True,accepted
M8,M8_10mA_30C_0,frame_0145.png,0.7610854506492615,True,,True,0.7610854506492615,0.7610854506492615,False,False,True,0.0,1.0,0.0,0.0,0,0.0,1051,51.318359375,True,True,0,0,0,True,True,accepted
M8,M8_10mA_30C_0,frame_0149.png,0.7086212635040283,True,,True,0.7086212635040283,0.7086212635040283,False,False,True,0.0,1.0,0.0,0.0,3,0.00146484375,1048,51.171875,True,True,1,0,3,True,True,accepted
M8,M8_10mA_30C_0,frame_0151.png,0.7332723140716553,True,,True,0.7332723140716553,0.7332723140716553,False,False,True,0.0,1.0,0.0,0.0,0,0.0,1051,51.318359375,True,True,0,0,0,True,True,accepted
M8,M8_10mA_30C_0,frame_0155.png,0.7490075826644897,True,,True,0.7490075826644897,0.7490075826644897,False,False,True,0.0,1.0,0.0,0.0,1,0.00048828125,1052,51.3671875,True,True,1,0,1,True,True,accepted
M8,M8_10mA_30C_0,frame_0158.png,0.7014001607894897,True,,True,0.7014001607894897,0.7014001607894897,False,False,True,0.0,1.0,0.0,0.0,1,0.00048828125,1050,51.26953125,True,True,1,0,1,True,True,accepted
M8,M8_10mA_30C_0,frame_0162.png,0.7306498885154724,True,,True,0.7306498885154724,0.7306498885154724,False,False,True,0.0,1.0,0.0,0.0,0,0.0,1051,51.318359375,True,True,0,0,0,True,True,accepted
M8,M8_10mA_30C_0,frame_0164.png,0.7445342540740967,True,,True,0.7445342540740967,0.7445342540740967,False,False,True,0.0,1.0,0.0,0.0,0,0.0,1051,51.318359375,True,True,0,0,0,True,True,accepted
M8,M8_10mA_30C_0,frame_0166.png,0.7479192018508911,True,,True,0.7479192018508911,0.7479192018508911,False,False,True,0.0,1.0,0.0,0.0,0,0.0,1051,51.318359375,True,True,0,0,0,True,True,accepted
M8,M8_10mA_30C_0,frame_0167.png,0.7570533156394958,True,,True,0.7570533156394958,0.7570533156394958,False,False,True,0.0,1.0,0.0,0.0,42,0.0205078125,1063,51.904296875,True,True,2,0,42,True,True,accepted
M8,M8_10mA_30C_0,frame_0169.png,0.7319533228874207,True,,True,0.7319533228874207,0.7319533228874207,False,False,True,0.0,1.0,0.0,0.0,1,0.00048828125,1052,51.3671875,True,True,1,0,1,True,True,accepted
M8,M8_10mA_30C_0,frame_0173.png,0.738795816898346,True,,True,0.738795816898346,0.738795816898346,False,False,True,0.0,1.0,0.0,0.0,9,0.00439453125,1056,51.5625,True,True,1,0,9,True,True,accepted
M8,M8_10mA_30C_0,frame_0174.png,0.7028086185455322,True,,True,0.7028086185455322,0.7028086185455322,False,False,True,0.0,1.0,0.0,0.0,1,0.00048828125,1052,51.3671875,True,True,1,0,1,True,True,accepted
M8,M8_10mA_30C_0,frame_0176.png,0.7579257488250732,True,,True,0.7579257488250732,0.7579257488250732,False,False,True,0.0,1.0,0.0,0.0,0,0.0,1051,51.318359375,True,True,0,0,0,True,True,accepted
M8,M8_10mA_30C_0,frame_0187.png,0.7414588928222656,True,,True,0.7414588928222656,0.7414588928222656,False,False,True,0.0,1.0,0.0,0.0,0,0.0,1051,51.318359375,True,True,0,0,0,True,True,accepted
M8,M8_10mA_30C_0,frame_0188.png,0.7494831085205078,True,,True,0.7494831085205078,0.7494831085205078,False,False,True,0.0,1.0,0.0,0.0,0,0.0,1051,51.318359375,True,True,0,0,0,True,True,accepted
M8,M8_10mA_30C_0,frame_0191.png,0.6999607086181641,True,,True,0.6999607086181641,0.6999607086181641,False,False,True,0.0,1.0,0.0,0.0,9,0.00439453125,1052,51.3671875,True,True,1,0,9,True,True,accepted
M8,M8_10mA_30C_0,frame_0195.png,0.7370572686195374,True,,True,0.7370572686195374,0.7370572686195374,False,False,True,0.0,1.0,0.0,0.0,0,0.0,1051,51.318359375,True,True,0,0,0,True,True,accepted
M8,M8_10mA_40C_0,frame_0015.png,0.7313467264175415,True,,True,0.7313467264175415,0.7313467264175415,False,False,True,0.0,1.0,0.0,0.0,0,0.0,1051,51.318359375,True,True,0,0,0,True,True,accepted
M8,M8_10mA_40C_0,frame_0016.png,0.750315248966217,True,,True,0.750315248966217,0.750315248966217,False,False,True,0.0,1.0,0.0,0.0,2,0.0009765625,1049,51.220703125,True,True,1,0,2,True,True,accepted
M8,M8_10mA_40C_0,frame_0021.png,0.7434048652648926,True,,True,0.7434048652648926,0.7434048652648926,False,False,True,0.0,1.0,0.0,0.0,0,0.0,1051,51.318359375,True,True,0,0,0,True,True,accepted
M8,M8_10mA_40C_0,frame_0024.png,0.7465804219245911,True,,True,0.7465804219245911,0.7465804219245911,False,False,True,0.0,1.0,0.0,0.0,0,0.0,1051,51.318359375,True,True,0,0,0,True,True,accepted
M8,M8_10mA_40C_0,frame_0042.png,0.7406189441680908,True,,True,0.7406189441680908,0.7406189441680908,False,False,True,0.0,1.0,0.0,0.0,0,0.0,1051,51.318359375,True,True,0,0,0,True,True,accepted
M8,M8_10mA_40C_0,frame_0044.png,0.7257808446884155,True,,True,0.7257808446884155,0.7257808446884155,False,False,True,0.0,1.0,0.0,0.0,0,0.0,1051,51.318359375,True,True,0,0,0,True,True,accepted
M8,M8_10mA_40C_0,frame_0047.png,0.714903712272644,True,,True,0.714903712272644,0.714903712272644,False,False,True,0.0,1.0,0.0,0.0,0,0.0,1051,51.318359375,True,True,0,0,0,True,True,accepted
M8,M8_10mA_40C_0,frame_0049.png,0.7408730387687683,True,,True,0.7408730387687683,0.7408730387687683,False,False,True,0.0,1.0,0.0,0.0,0,0.0,1051,51.318359375,True,True,0,0,0,True,True,accepted
M8,M8_10mA_40C_0,frame_0050.png,0.7249815464019775,True,,True,0.7249815464019775,0.7249815464019775,False,False,True,0.0,1.0,0.0,0.0,2,0.0009765625,1049,51.220703125,True,True,1,0,2,True,True,accepted
M8,M8_10mA_40C_0,frame_0051.png,0.6904708743095398,True,,True,0.6904708743095398,0.6904708743095398,False,False,True,0.0,1.0,0.0,0.0,0,0.0,1051,51.318359375,True,True,0,0,0,True,True,accepted
M8,M8_10mA_40C_0,frame_0052.png,0.7098057270050049,True,,True,0.7098057270050049,0.7098057270050049,False,False,True,0.0,1.0,0.0,0.0,0,0.0,1051,51.318359375,True,True,0,0,0,True,True,accepted
M8,M8_10mA_40C_0,frame_0057.png,0.7403520941734314,True,,True,0.7403520941734314,0.7403520941734314,False,False,True,0.0,1.0,0.0,0.0,0,0.0,1051,51.318359375,True,True,0,0,0,True,True,accepted
M8,M8_10mA_40C_0,frame_0063.png,0.7430175542831421,True,,True,0.7430175542831421,0.7430175542831421,False,False,True,0.0,1.0,0.0,0.0,0,0.0,1051,51.318359375,True,True,0,0,0,True,True,accepted
M8,M8_10mA_40C_0,frame_0070.png,0.7335303425788879,True,,True,0.7335303425788879,0.7335303425788879,False,False,True,0.0,1.0,0.0,0.0,0,0.0,1051,51.318359375,True,True,0,0,0,True,True,accepted
M8,M8_10mA_40C_0,frame_0071.png,0.7517764568328857,True,,True,0.7517764568328857,0.7517764568328857,False,False,True,0.0,1.0,0.0,0.0,0,0.0,1051,51.318359375,True,True,0,0,0,True,True,accepted
M8,M8_10mA_40C_0,frame_0078.png,0.7258389592170715,True,,True,0.7258389592170715,0.7258389592170715,False,False,True,0.0,1.0,0.0,0.0,0,0.0,1051,51.318359375,True,True,0,0,0,True,True,accepted
M8,M8_10mA_40C_0,frame_0081.png,0.7231810688972473,True,,True,0.7231810688972473,0.7231810688972473,False,False,True,0.0,1.0,0.0,0.0,0,0.0,1051,51.318359375,True,True,0,0,0,True,True,accepted
M8,M8_10mA_40C_0,frame_0084.png,0.7527930736541748,True,,True,0.7527930736541748,0.7527930736541748,False,False,True,0.0,1.0,0.0,0.0,0,0.0,1051,51.318359375,True,True,0,0,0,True,True,accepted
M8,M8_10mA_40C_0,frame_0086.png,0.7375105023384094,True,,True,0.7375105023384094,0.7375105023384094,False,False,True,0.0,1.0,0.0,0.0,0,0.0,1051,51.318359375,True,True,0,0,0,True,True,accepted
M8,M8_10mA_40C_0,frame_0089.png,0.7301093935966492,True,,True,0.7301093935966492,0.7301093935966492,False,False,True,0.0,1.0,0.0,0.0,0,0.0,1051,51.318359375,True,True,0,0,0,True,True,accepted
M8,M8_10mA_40C_0,frame_0092.png,0.7502400279045105,True,,True,0.7502400279045105,0.7502400279045105,False,False,True,0.0,1.0,0.0,0.0,0,0.0,1051,51.318359375,True,True,0,0,0,True,True,accepted
M8,M8_10mA_40C_0,frame_0094.png,0.7120841145515442,True,,True,0.7120841145515442,0.7120841145515442,False,False,True,0.0,1.0,0.0,0.0,0,0.0,1051,51.318359375,True,True,0,0,0,True,True,accepted
M8,M8_10mA_40C_0,frame_0096.png,0.7306500673294067,True,,True,0.7306500673294067,0.7306500673294067,False,False,True,0.0,1.0,0.0,0.0,1,0.00048828125,1050,51.26953125,True,True,1,0,1,True,True,accepted
M8,M8_10mA_40C_0,frame_0098.png,0.7246010899543762,True,,True,0.7246010899543762,0.7246010899543762,False,False,True,0.0,1.0,0.0,0.0,0,0.0,1051,51.318359375,True,True,0,0,0,True,True,accepted
M8,M8_10mA_40C_0,frame_0099.png,0.744339108467102,True,,True,0.744339108467102,0.744339108467102,False,False,True,0.0,1.0,0.0,0.0,12,0.005859375,1051,51.318359375,True,True,1,0,12,True,True,accepted
M8,M8_10mA_40C_0,frame_0102.png,0.7196344137191772,True,,True,0.7196344137191772,0.7196344137191772,False,False,True,0.0,1.0,0.0,0.0,1,0.00048828125,1050,51.26953125,True,True,1,0,1,True,True,accepted
M8,M8_10mA_40C_0,frame_0110.png,0.7485411763191223,True,,True,0.7485411763191223,0.7485411763191223,False,False,True,0.0,1.0,0.0,0.0,0,0.0,1051,51.318359375,True,True,0,0,0,True,True,accepted
M8,M8_10mA_40C_0,frame_0117.png,0.7453957796096802,True,,True,0.7453957796096802,0.7453957796096802,False,False,True,0.0,1.0,0.0,0.0,0,0.0,1051,51.318359375,True,True,0,0,0,True,True,accepted
M8,M8_10mA_40C_0,frame_0119.png,0.7516295313835144,True,,True,0.7516295313835144,0.7516295313835144,False,False,True,0.0,1.0,0.0,0.0,0,0.0,1051,51.318359375,True,True,0,0,0,True,True,accepted
M8,M8_10mA_40C_0,frame_0123.png,0.69821697473526,True,,True,0.69821697473526,0.69821697473526,False,False,True,0.0,1.0,0.0,0.0,3,0.00146484375,1048,51.171875,True,True,1,0,3,True,True,accepted
M8,M8_10mA_40C_0,frame_0133.png,0.7270854115486145,True,,True,0.7270854115486145,0.7270854115486145,False,False,True,0.0,1.0,0.0,0.0,0,0.0,1051,51.318359375,True,True,0,0,0,True,True,accepted
M8,M8_10mA_40C_0,frame_0135.png,0.7538773417472839,True,,True,0.7538773417472839,0.7538773417472839,False,False,True,0.0,1.0,0.0,0.0,0,0.0,1051,51.318359375,True,True,0,0,0,True,True,accepted
M8,M8_10mA_40C_0,frame_0137.png,0.7240172624588013,True,,True,0.7240172624588013,0.7240172624588013,False,False,True,0.0,1.0,0.0,0.0,0,0.0,1051,51.318359375,True,True,0,0,0,True,True,accepted
M8,M8_10mA_40C_0,frame_0138.png,0.722522497177124,True,,True,0.722522497177124,0.722522497177124,False,False,True,0.0,1.0,0.0,0.0,0,0.0,1051,51.318359375,True,True,0,0,0,True,True,accepted
M8,M8_10mA_40C_0,frame_0145.png,0.7013651728630066,True,,True,0.7013651728630066,0.7013651728630066,False,False,True,0.0,1.0,0.0,0.0,0,0.0,1051,51.318359375,True,True,0,0,0,True,True,accepted
M8,M8_10mA_40C_0,frame_0153.png,0.72774738073349,True,,True,0.72774738073349,0.72774738073349,False,False,True,0.0,1.0,0.0,0.0,0,0.0,1051,51.318359375,True,True,0,0,0,True,True,accepted
M8,M8_10mA_40C_0,frame_0154.png,0.69389408826828,True,,True,0.69389408826828,0.69389408826828,False,False,True,0.0,1.0,0.0,0.0,0,0.0,1051,51.318359375,True,True,0,0,0,True,True,accepted
M8,M8_10mA_40C_0,frame_0158.png,0.7527148723602295,True,,True,0.7527148723602295,0.7527148723602295,False,False,True,0.0,1.0,0.0,0.0,0,0.0,1051,51.318359375,True,True,0,0,0,True,True,accepted
M8,M8_10mA_40C_0,frame_0164.png,0.7231729626655579,True,,True,0.7231729626655579,0.7231729626655579,False,False,True,0.0,1.0,0.0,0.0,0,0.0,1051,51.318359375,True,True,0,0,0,True,True,accepted
M8,M8_10mA_40C_0,frame_0172.png,0.7367241382598877,True,,True,0.7367241382598877,0.7367241382598877,False,False,True,0.0,1.0,0.0,0.0,2,0.0009765625,1049,51.220703125,True,True,1,0,2,True,True,accepted
M8,M8_10mA_40C_0,frame_0173.png,0.7319542169570923,True,,True,0.7319542169570923,0.7319542169570923,False,False,True,0.0,1.0,0.0,0.0,0,0.0,1051,51.318359375,True,True,0,0,0,True,True,accepted
M8,M8_10mA_40C_0,frame_0177.png,0.7306283116340637,True,,True,0.6453922986984253,0.7306283116340637,True,True,True,-6.0,1.0,0.0,0.0,0,0.0,1051,51.318359375,True,True,0,0,0,True,True,accepted
M8,M8_10mA_40C_0,frame_0180.png,0.733315110206604,True,,True,0.733315110206604,0.733315110206604,False,False,True,0.0,1.0,0.0,0.0,0,0.0,1051,51.318359375,True,True,0,0,0,True,True,accepted
M8,M8_10mA_40C_0,frame_0184.png,0.7423475980758667,True,,True,0.7423475980758667,0.7423475980758667,False,False,True,0.0,1.0,0.0,0.0,2,0.0009765625,1053,51.416015625,True,True,1,0,2,True,True,accepted
M8,M8_10mA_40C_0,frame_0196.png,0.7265953421592712,True,,True,0.7265953421592712,0.7265953421592712,False,False,True,0.0,1.0,0.0,0.0,0,0.0,1051,51.318359375,True,True,0,0,0,True,True,accepted
M8,M8_20mA_20C_0,frame_0013.png,0.7266302704811096,True,,True,0.7266302704811096,0.7266302704811096,False,False,True,0.0,1.0,0.0,0.0,2,0.0009765625,1049,51.220703125,True,True,1,0,2,True,True,accepted
M8,M8_20mA_20C_0,frame_0014.png,0.733405590057373,True,,True,0.733405590057373,0.733405590057373,False,False,True,0.0,1.0,0.0,0.0,0,0.0,1051,51.318359375,True,True,0,0,0,True,True,accepted
M8,M8_20mA_20C_0,frame_0017.png,0.7279892563819885,True,,True,0.7279892563819885,0.7279892563819885,False,False,True,0.0,1.0,0.0,0.0,2,0.0009765625,1051,51.318359375,True,True,1,0,2,True,True,accepted
M8,M8_20mA_20C_0,frame_0018.png,0.709550678730011,True,,True,0.709550678730011,0.709550678730011,False,False,True,0.0,1.0,0.0,0.0,0,0.0,1051,51.318359375,True,True,0,0,0,True,True,accepted
M8,M8_20mA_20C_0,frame_0020.png,0.7226598262786865,True,,True,0.7226598262786865,0.7226598262786865,False,False,True,0.0,1.0,0.0,0.0,3,0.00146484375,1050,51.26953125,True,True,1,0,3,True,True,accepted
M8,M8_20mA_20C_0,frame_0023.png,0.7442711591720581,True,,True,0.7442711591720581,0.7442711591720581,False,False,True,0.0,1.0,0.0,0.0,0,0.0,1051,51.318359375,True,True,0,0,0,True,True,accepted
M8,M8_20mA_20C_0,frame_0025.png,0.7521770000457764,True,,True,0.7521770000457764,0.7521770000457764,False,False,True,0.0,1.0,0.0,0.0,0,0.0,1051,51.318359375,True,True,0,0,0,True,True,accepted
M8,M8_20mA_20C_0,frame_0026.png,0.7365816831588745,True,,True,0.7365816831588745,0.7365816831588745,False,False,True,0.0,1.0,0.0,0.0,1,0.00048828125,1052,51.3671875,True,True,1,0,1,True,True,accepted
M8,M8_20mA_20C_0,frame_0033.png,0.7493500113487244,True,,True,0.7493500113487244,0.7493500113487244,False,False,True,0.0,1.0,0.0,0.0,0,0.0,1051,51.318359375,True,True,0,0,0,True,True,accepted
M8,M8_20mA_20C_0,frame_0034.png,0.7181127071380615,True,,True,0.5617939829826355,0.7181127071380615,True,True,True,-9.0,1.05,0.0,0.0,0,0.0,1051,51.318359375,True,True,0,0,0,True,True,accepted
M8,M8_20mA_20C_0,frame_0043.png,0.7408775687217712,True,,True,0.7408775687217712,0.7408775687217712,False,False,True,0.0,1.0,0.0,0.0,1,0.00048828125,1052,51.3671875,True,True,1,0,1,True,True,accepted
M8,M8_20mA_20C_0,frame_0045.png,0.7229419946670532,True,,True,0.7229419946670532,0.7229419946670532,False,False,True,0.0,1.0,0.0,0.0,0,0.0,1051,51.318359375,True,True,0,0,0,True,True,accepted
M8,M8_20mA_20C_0,frame_0052.png,0.7168235182762146,True,,True,0.7168235182762146,0.7168235182762146,False,False,True,0.0,1.0,0.0,0.0,5,0.00244140625,1048,51.171875,True,True,1,0,5,True,True,accepted
M8,M8_20mA_20C_0,frame_0058.png,0.6958602070808411,True,,True,0.6958602070808411,0.6958602070808411,False,False,True,0.0,1.0,0.0,0.0,2,0.0009765625,1051,51.318359375,True,True,1,0,2,True,True,accepted
M8,M8_20mA_20C_0,frame_0059.png,0.7000443339347839,True,,True,0.7000443339347839,0.7000443339347839,False,False,True,0.0,1.0,0.0,0.0,0,0.0,1051,51.318359375,True,True,0,0,0,True,True,accepted
M8,M8_20mA_20C_0,frame_0065.png,0.7325295805931091,True,,True,0.7325295805931091,0.7325295805931091,False,False,True,0.0,1.0,0.0,0.0,0,0.0,1051,51.318359375,True,True,0,0,0,True,True,accepted
M8,M8_20mA_20C_0,frame_0072.png,0.7136428952217102,True,,True,0.7136428952217102,0.7136428952217102,False,False,True,0.0,1.0,0.0,0.0,2,0.0009765625,1049,51.220703125,True,True,1,0,2,True,True,accepted
M8,M8_20mA_20C_0,frame_0073.png,0.6867157220840454,True,,True,0.6867157220840454,0.6867157220840454,False,False,True,0.0,1.0,0.0,0.0,3,0.00146484375,1050,51.26953125,True,True,1,0,3,True,True,accepted
M8,M8_20mA_20C_0,frame_0074.png,0.7330343127250671,True,,True,0.7330343127250671,0.7330343127250671,False,False,True,0.0,1.0,0.0,0.0,1,0.00048828125,1050,51.26953125,True,True,1,0,1,True,True,accepted
M8,M8_20mA_20C_0,frame_0081.png,0.6832440495491028,True,,True,0.6832440495491028,0.6832440495491028,False,False,True,0.0,1.0,0.0,0.0,15,0.00732421875,1044,50.9765625,True,True,2,0,15,True,True,accepted
M8,M8_20mA_20C_0,frame_0087.png,0.7226855754852295,True,,True,0.7226855754852295,0.7226855754852295,False,False,True,0.0,1.0,0.0,0.0,3,0.00146484375,1052,51.3671875,True,True,1,0,3,True,True,accepted
M8,M8_20mA_20C_0,frame_0089.png,0.7384058237075806,True,,True,0.7384058237075806,0.7384058237075806,False,False,True,0.0,1.0,0.0,0.0,0,0.0,1051,51.318359375,True,True,0,0,0,True,True,accepted
M8,M8_20mA_20C_0,frame_0101.png,0.6976159811019897,True,,True,0.6976159811019897,0.6976159811019897,False,False,True,0.0,1.0,0.0,0.0,18,0.0087890625,1049,51.220703125,True,True,2,0,18,True,True,accepted
M8,M8_20mA_20C_0,frame_0102.png,0.7242786288261414,True,,True,0.7242786288261414,0.7242786288261414,False,False,True,0.0,1.0,0.0,0.0,0,0.0,1051,51.318359375,True,True,0,0,0,True,True,accepted
M8,M8_20mA_20C_0,frame_0109.png,0.7254184484481812,True,,True,0.7254184484481812,0.7254184484481812,False,False,True,0.0,1.0,0.0,0.0,2,0.0009765625,1053,51.416015625,True,True,1,0,2,True,True,accepted
M8,M8_20mA_20C_0,frame_0112.png,0.7130764722824097,True,,True,0.7130764722824097,0.7130764722824097,False,False,True,0.0,1.0,0.0,0.0,6,0.0029296875,1047,51.123046875,True,True,1,0,6,True,True,accepted
M8,M8_20mA_20C_0,frame_0118.png,0.7215191721916199,True,,True,0.7215191721916199,0.7215191721916199,False,False,True,0.0,1.0,0.0,0.0,4,0.001953125,1047,51.123046875,True,True,1,0,4,True,True,accepted
M8,M8_20mA_20C_0,frame_0120.png,0.7315798401832581,True,,True,0.7315798401832581,0.7315798401832581,False,False,True,0.0,1.0,0.0,0.0,0,0.0,1051,51.318359375,True,True,0,0,0,True,True,accepted
M8,M8_20mA_20C_0,frame_0122.png,0.7530285716056824,True,,True,0.7530285716056824,0.7530285716056824,False,False,True,0.0,1.0,0.0,0.0,0,0.0,1051,51.318359375,True,True,0,0,0,True,True,accepted
M8,M8_20mA_20C_0,frame_0127.png,0.7343364357948303,True,,True,0.7343364357948303,0.7343364357948303,False,False,True,0.0,1.0,0.0,0.0,0,0.0,1051,51.318359375,True,True,0,0,0,True,True,accepted
M8,M8_20mA_20C_0,frame_0131.png,0.7348939180374146,True,,True,0.7348939180374146,0.7348939180374146,False,False,True,0.0,1.0,0.0,0.0,1,0.00048828125,1050,51.26953125,True,True,1,0,1,True,True,accepted
M8,M8_20mA_20C_0,frame_0137.png,0.7112122178077698,True,,True,0.7112122178077698,0.7112122178077698,False,False,True,0.0,1.0,0.0,0.0,6,0.0029296875,1049,51.220703125,True,True,1,0,6,True,True,accepted
M8,M8_20mA_20C_0,frame_0153.png,0.7381414175033569,True,,True,0.7381414175033569,0.7381414175033569,False,False,True,0.0,1.0,0.0,0.0,0,0.0,1051,51.318359375,True,True,0,0,0,True,True,accepted
M8,M8_20mA_20C_0,frame_0154.png,0.7017707824707031,True,,True,0.7017707824707031,0.7017707824707031,False,False,True,0.0,1.0,0.0,0.0,0,0.0,1051,51.318359375,True,True,0,0,0,True,True,accepted
M8,M8_20mA_20C_0,frame_0156.png,0.7280375957489014,True,,True,0.7280375957489014,0.7280375957489014,False,False,True,0.0,1.0,0.0,0.0,0,0.0,1051,51.318359375,True,True,0,0,0,True,True,accepted
M8,M8_20mA_20C_0,frame_0157.png,0.7201046943664551,True,,True,0.7201046943664551,0.7201046943664551,False,False,True,0.0,1.0,0.0,0.0,1,0.00048828125,1050,51.26953125,True,True,1,0,1,True,True,accepted
M8,M8_20mA_20C_0,frame_0158.png,0.7108476161956787,True,,True,0.7108476161956787,0.7108476161956787,False,False,True,0.0,1.0,0.0,0.0,2,0.0009765625,1049,51.220703125,True,True,1,0,2,True,True,accepted
M8,M8_20mA_20C_0,frame_0160.png,0.7388383746147156,True,,True,0.7388383746147156,0.7388383746147156,False,False,True,0.0,1.0,0.0,0.0,0,0.0,1051,51.318359375,True,True,0,0,0,True,True,accepted
M8,M8_20mA_20C_0,frame_0163.png,0.7514265775680542,True,,True,0.7514265775680542,0.7514265775680542,False,False,True,0.0,1.0,0.0,0.0,0,0.0,1051,51.318359375,True,True,0,0,0,True,True,accepted
M8,M8_20mA_20C_0,frame_0167.png,0.7204644083976746,True,,True,0.7204644083976746,0.7204644083976746,False,False,True,0.0,1.0,0.0,0.0,1,0.00048828125,1050,51.26953125,True,True,1,0,1,True,True,accepted
M8,M8_20mA_20C_0,frame_0176.png,0.7368357181549072,True,,True,0.7368357181549072,0.7368357181549072,False,False,True,0.0,1.0,0.0,0.0,0,0.0,1051,51.318359375,True,True,0,0,0,True,True,accepted
M8,M8_20mA_20C_0,frame_0183.png,0.7301498055458069,True,,True,0.7301498055458069,0.7301498055458069,False,False,True,0.0,1.0,0.0,0.0,1,0.00048828125,1050,51.26953125,True,True,1,0,1,True,True,accepted
M8,M8_20mA_20C_0,frame_0185.png,0.7148247361183167,True,,True,0.7148247361183167,0.7148247361183167,False,False,True,0.0,1.0,0.0,0.0,0,0.0,1051,51.318359375,True,True,0,0,0,True,True,accepted
M8,M8_20mA_20C_0,frame_0192.png,0.7309463024139404,True,,True,0.7309463024139404,0.7309463024139404,False,False,True,0.0,1.0,0.0,0.0,0,0.0,1051,51.318359375,True,True,0,0,0,True,True,accepted
M8,M8_20mA_20C_0,frame_0198.png,0.7110975384712219,True,,True,0.7110975384712219,0.7110975384712219,False,False,True,0.0,1.0,0.0,0.0,0,0.0,1051,51.318359375,True,True,0,0,0,True,True,accepted
M8,M8_20mA_30C_0,frame_0037.png,0.7405667304992676,True,,True,0.7405667304992676,0.7405667304992676,False,False,True,0.0,1.0,0.0,0.0,0,0.0,1051,51.318359375,True,True,0,0,0,True,True,accepted
M8,M8_20mA_30C_0,frame_0039.png,0.7711693048477173,True,,True,0.7711693048477173,0.7711693048477173,False,False,True,0.0,1.0,0.0,0.0,0,0.0,1051,51.318359375,True,True,0,0,0,True,True,accepted
M8,M8_20mA_30C_0,frame_0042.png,0.7655231356620789,True,,True,0.7655231356620789,0.7655231356620789,False,False,True,0.0,1.0,0.0,0.0,0,0.0,1051,51.318359375,True,True,0,0,0,True,True,accepted
M8,M8_20mA_30C_0,frame_0046.png,0.7590891122817993,True,,True,0.7590891122817993,0.7590891122817993,False,False,True,0.0,1.0,0.0,0.0,0,0.0,1051,51.318359375,True,True,0,0,0,True,True,accepted
M8,M8_20mA_30C_0,frame_0049.png,0.7681484222412109,True,,True,0.7681484222412109,0.7681484222412109,False,False,True,0.0,1.0,0.0,0.0,0,0.0,1051,51.318359375,True,True,0,0,0,True,True,accepted
M8,M8_20mA_30C_0,frame_0051.png,0.751393735408783,True,,True,0.751393735408783,0.751393735408783,False,False,True,0.0,1.0,0.0,0.0,1,0.00048828125,1052,51.3671875,True,True,1,0,1,True,True,accepted
M8,M8_20mA_30C_0,frame_0064.png,0.7655255198478699,True,,True,0.7655255198478699,0.7655255198478699,False,False,True,0.0,1.0,0.0,0.0,0,0.0,1051,51.318359375,True,True,0,0,0,True,True,accepted
M8,M8_20mA_30C_0,frame_0072.png,0.7352227568626404,True,,True,0.7352227568626404,0.7352227568626404,False,False,True,0.0,1.0,0.0,0.0,0,0.0,1051,51.318359375,True,True,0,0,0,True,True,accepted
M8,M8_20mA_30C_0,frame_0074.png,0.7667602896690369,True,,True,0.7667602896690369,0.7667602896690369,False,False,True,0.0,1.0,0.0,0.0,0,0.0,1051,51.318359375,True,True,0,0,0,True,True,accepted
M8,M8_20mA_30C_0,frame_0077.png,0.7495901584625244,True,,True,0.7495901584625244,0.7495901584625244,False,False,True,0.0,1.0,0.0,0.0,0,0.0,1051,51.318359375,True,True,0,0,0,True,True,accepted
M8,M8_20mA_30C_0,frame_0079.png,0.7773847579956055,True,,True,0.7773847579956055,0.7773847579956055,False,False,True,0.0,1.0,0.0,0.0,0,0.0,1051,51.318359375,True,True,0,0,0,True,True,accepted
M8,M8_20mA_30C_0,frame_0081.png,0.7179169058799744,True,,True,0.7179169058799744,0.7179169058799744,False,False,True,0.0,1.0,0.0,0.0,0,0.0,1051,51.318359375,True,True,0,0,0,True,True,accepted
M8,M8_20mA_30C_0,frame_0090.png,0.7760652899742126,True,,True,0.7760652899742126,0.7760652899742126,False,False,True,0.0,1.0,0.0,0.0,0,0.0,1051,51.318359375,True,True,0,0,0,True,True,accepted
M8,M8_20mA_30C_0,frame_0092.png,0.7570604085922241,True,,True,0.7570604085922241,0.7570604085922241,False,False,True,0.0,1.0,0.0,0.0,0,0.0,1051,51.318359375,True,True,0,0,0,True,True,accepted
M8,M8_20mA_30C_0,frame_0093.png,0.7733951210975647,True,,True,0.7733951210975647,0.7733951210975647,False,False,True,0.0,1.0,0.0,0.0,0,0.0,1051,51.318359375,True,True,0,0,0,True,True,accepted
M8,M8_20mA_30C_0,frame_0095.png,0.7484069466590881,True,,True,0.7484069466590881,0.7484069466590881,False,False,True,0.0,1.0,0.0,0.0,0,0.0,1051,51.318359375,True,True,0,0,0,True,True,accepted
M8,M8_20mA_30C_0,frame_0096.png,0.7723003029823303,True,,True,0.7723003029823303,0.7723003029823303,False,False,True,0.0,1.0,0.0,0.0,0,0.0,1051,51.318359375,True,True,0,0,0,True,True,accepted
M8,M8_20mA_30C_0,frame_0100.png,0.7612650394439697,True,,True,0.7612650394439697,0.7612650394439697,False,False,True,0.0,1.0,0.0,0.0,0,0.0,1051,51.318359375,True,True,0,0,0,True,True,accepted
M8,M8_20mA_30C_0,frame_0104.png,0.7545821070671082,True,,True,0.7545821070671082,0.7545821070671082,False,False,True,0.0,1.0,0.0,0.0,0,0.0,1051,51.318359375,True,True,0,0,0,True,True,accepted
M8,M8_20mA_30C_0,frame_0106.png,0.7680918574333191,True,,True,0.7680918574333191,0.7680918574333191,False,False,True,0.0,1.0,0.0,0.0,0,0.0,1051,51.318359375,True,True,0,0,0,True,True,accepted
M8,M8_20mA_30C_0,frame_0107.png,0.7734370231628418,True,,True,0.7734370231628418,0.7734370231628418,False,False,True,0.0,1.0,0.0,0.0,0,0.0,1051,51.318359375,True,True,0,0,0,True,True,accepted
M8,M8_20mA_30C_0,frame_0112.png,0.7337755560874939,True,,True,0.7337755560874939,0.7337755560874939,False,False,True,0.0,1.0,0.0,0.0,0,0.0,1051,51.318359375,True,True,0,0,0,True,True,accepted
M8,M8_20mA_30C_0,frame_0114.png,0.7536492347717285,True,,True,0.7536492347717285,0.7536492347717285,False,False,True,0.0,1.0,0.0,0.0,0,0.0,1051,51.318359375,True,True,0,0,0,True,True,accepted
M8,M8_20mA_30C_0,frame_0115.png,0.7772022485733032,True,,True,0.7772022485733032,0.7772022485733032,False,False,True,0.0,1.0,0.0,0.0,0,0.0,1051,51.318359375,True,True,0,0,0,True,True,accepted
M8,M8_20mA_30C_0,frame_0119.png,0.7508487701416016,True,,True,0.7508487701416016,0.7508487701416016,False,False,True,0.0,1.0,0.0,0.0,0,0.0,1051,51.318359375,True,True,0,0,0,True,True,accepted
M8,M8_20mA_30C_0,frame_0122.png,0.6894686222076416,True,,True,0.6894686222076416,0.6894686222076416,False,False,True,0.0,1.0,0.0,0.0,1,0.00048828125,1052,51.3671875,True,True,1,0,1,True,True,accepted
M8,M8_20mA_30C_0,frame_0125.png,0.7564615607261658,True,,True,0.7564615607261658,0.7564615607261658,False,False,True,0.0,1.0,0.0,0.0,0,0.0,1051,51.318359375,True,True,0,0,0,True,True,accepted
M8,M8_20mA_30C_0,frame_0131.png,0.7664355039596558,True,,True,0.7664355039596558,0.7664355039596558,False,False,True,0.0,1.0,0.0,0.0,0,0.0,1051,51.318359375,True,True,0,0,0,True,True,accepted
M8,M8_20mA_30C_0,frame_0132.png,0.7503049969673157,True,,True,0.7503049969673157,0.7503049969673157,False,False,True,0.0,1.0,0.0,0.0,0,0.0,1051,51.318359375,True,True,0,0,0,True,True,accepted
M8,M8_20mA_30C_0,frame_0134.png,0.7621840238571167,True,,True,0.7621840238571167,0.7621840238571167,False,False,True,0.0,1.0,0.0,0.0,1,0.00048828125,1052,51.3671875,True,True,1,0,1,True,True,accepted
M8,M8_20mA_30C_0,frame_0136.png,0.7757948040962219,True,,True,0.7757948040962219,0.7757948040962219,False,False,True,0.0,1.0,0.0,0.0,0,0.0,1051,51.318359375,True,True,0,0,0,True,True,accepted
M8,M8_20mA_30C_0,frame_0142.png,0.7263368964195251,True,,True,0.7263368964195251,0.7263368964195251,False,False,True,0.0,1.0,0.0,0.0,0,0.0,1051,51.318359375,True,True,0,0,0,True,True,accepted
M8,M8_20mA_30C_0,frame_0147.png,0.7620532512664795,True,,True,0.7620532512664795,0.7620532512664795,False,False,True,0.0,1.0,0.0,0.0,0,0.0,1051,51.318359375,True,True,0,0,0,True,True,accepted
M8,M8_20mA_30C_0,frame_0156.png,0.7346580624580383,True,,True,0.7346580624580383,0.7346580624580383,False,False,True,0.0,1.0,0.0,0.0,0,0.0,1051,51.318359375,True,True,0,0,0,True,True,accepted
M8,M8_20mA_30C_0,frame_0158.png,0.7755022048950195,True,,True,0.7755022048950195,0.7755022048950195,False,False,True,0.0,1.0,0.0,0.0,0,0.0,1051,51.318359375,True,True,0,0,0,True,True,accepted
M8,M8_20mA_30C_0,frame_0164.png,0.7551074624061584,True,,True,0.7551074624061584,0.7551074624061584,False,False,True,0.0,1.0,0.0,0.0,0,0.0,1051,51.318359375,True,True,0,0,0,True,True,accepted
M8,M8_20mA_30C_0,frame_0167.png,0.764587938785553,True,,True,0.764587938785553,0.764587938785553,False,False,True,0.0,1.0,0.0,0.0,1,0.00048828125,1052,51.3671875,True,True,1,0,1,True,True,accepted
M8,M8_20mA_30C_0,frame_0170.png,0.7567742466926575,True,,True,0.7567742466926575,0.7567742466926575,False,False,True,0.0,1.0,0.0,0.0,0,0.0,1051,51.318359375,True,True,0,0,0,True,True,accepted
M8,M8_20mA_30C_0,frame_0174.png,0.7111168503761292,True,,True,0.7111168503761292,0.7111168503761292,False,False,True,0.0,1.0,0.0,0.0,0,0.0,1051,51.318359375,True,True,0,0,0,True,True,accepted
M8,M8_20mA_30C_0,frame_0185.png,0.7583290338516235,True,,True,0.7583290338516235,0.7583290338516235,False,False,True,0.0,1.0,0.0,0.0,0,0.0,1051,51.318359375,True,True,0,0,0,True,True,accepted
M8,M8_20mA_30C_0,frame_0192.png,0.7772025465965271,True,,True,0.7772025465965271,0.7772025465965271,False,False,True,0.0,1.0,0.0,0.0,0,0.0,1051,51.318359375,True,True,0,0,0,True,True,accepted
M8,M8_20mA_30C_0,frame_0194.png,0.7767566442489624,True,,True,0.7767566442489624,0.7767566442489624,False,False,True,0.0,1.0,0.0,0.0,0,0.0,1051,51.318359375,True,True,0,0,0,True,True,accepted
M8,M8_20mA_30C_0,frame_0196.png,0.7294928431510925,True,,True,0.7294928431510925,0.7294928431510925,False,False,True,0.0,1.0,0.0,0.0,0,0.0,1051,51.318359375,True,True,0,0,0,True,True,accepted
M8,M8_20mA_30C_0,frame_0197.png,0.7728939056396484,True,,True,0.7728939056396484,0.7728939056396484,False,False,True,0.0,1.0,0.0,0.0,0,0.0,1051,51.318359375,True,True,0,0,0,True,True,accepted
M8,M8_20mA_30C_0,frame_0199.png,0.7355060577392578,True,,True,0.7355060577392578,0.7355060577392578,False,False,True,0.0,1.0,0.0,0.0,0,0.0,1051,51.318359375,True,True,0,0,0,True,True,accepted
M8,M8_20mA_40C_0,frame_0023.png,0.7413272261619568,True,,True,0.7413272261619568,0.7413272261619568,False,False,True,0.0,1.0,0.0,0.0,0,0.0,1051,51.318359375,True,True,0,0,0,True,True,accepted
M8,M8_20mA_40C_0,frame_0029.png,0.7736449837684631,True,,True,0.7736449837684631,0.7736449837684631,False,False,True,0.0,1.0,0.0,0.0,0,0.0,1051,51.318359375,True,True,0,0,0,True,True,accepted
M8,M8_20mA_40C_0,frame_0039.png,0.7714892029762268,True,,True,0.7714892029762268,0.7714892029762268,False,False,True,0.0,1.0,0.0,0.0,0,0.0,1051,51.318359375,True,True,0,0,0,True,True,accepted
M8,M8_20mA_40C_0,frame_0041.png,0.7340390086174011,True,,True,0.7340390086174011,0.7340390086174011,False,False,True,0.0,1.0,0.0,0.0,0,0.0,1051,51.318359375,True,True,0,0,0,True,True,accepted
M8,M8_20mA_40C_0,frame_0043.png,0.7204477787017822,True,,True,0.7204477787017822,0.7204477787017822,False,False,True,0.0,1.0,0.0,0.0,0,0.0,1051,51.318359375,True,True,0,0,0,True,True,accepted
M8,M8_20mA_40C_0,frame_0044.png,0.7727524638175964,True,,True,0.7727524638175964,0.7727524638175964,False,False,True,0.0,1.0,0.0,0.0,0,0.0,1051,51.318359375,True,True,0,0,0,True,True,accepted
M8,M8_20mA_40C_0,frame_0045.png,0.7652230858802795,True,,True,0.7652230858802795,0.7652230858802795,False,False,True,0.0,1.0,0.0,0.0,0,0.0,1051,51.318359375,True,True,0,0,0,True,True,accepted
M8,M8_20mA_40C_0,frame_0048.png,0.7668437957763672,True,,True,0.7668437957763672,0.7668437957763672,False,False,True,0.0,1.0,0.0,0.0,0,0.0,1051,51.318359375,True,True,0,0,0,True,True,accepted
M8,M8_20mA_40C_0,frame_0054.png,0.7696667909622192,True,,True,0.7696667909622192,0.7696667909622192,False,False,True,0.0,1.0,0.0,0.0,0,0.0,1051,51.318359375,True,True,0,0,0,True,True,accepted
M8,M8_20mA_40C_0,frame_0059.png,0.7743047475814819,True,,True,0.7743047475814819,0.7743047475814819,False,False,True,0.0,1.0,0.0,0.0,0,0.0,1051,51.318359375,True,True,0,0,0,True,True,accepted
M8,M8_20mA_40C_0,frame_0065.png,0.7755380272865295,True,,True,0.7755380272865295,0.7755380272865295,False,False,True,0.0,1.0,0.0,0.0,0,0.0,1051,51.318359375,True,True,0,0,0,True,True,accepted
M8,M8_20mA_40C_0,frame_0070.png,0.7565163373947144,True,,True,0.7565163373947144,0.7565163373947144,False,False,True,0.0,1.0,0.0,0.0,0,0.0,1051,51.318359375,True,True,0,0,0,True,True,accepted
M8,M8_20mA_40C_0,frame_0074.png,0.7756933569908142,True,,True,0.7756933569908142,0.7756933569908142,False,False,True,0.0,1.0,0.0,0.0,0,0.0,1051,51.318359375,True,True,0,0,0,True,True,accepted
M8,M8_20mA_40C_0,frame_0077.png,0.7566086649894714,True,,True,0.7566086649894714,0.7566086649894714,False,False,True,0.0,1.0,0.0,0.0,0,0.0,1051,51.318359375,True,True,0,0,0,True,True,accepted
M8,M8_20mA_40C_0,frame_0082.png,0.7283121943473816,True,,True,0.7283121943473816,0.7283121943473816,False,False,True,0.0,1.0,0.0,0.0,0,0.0,1051,51.318359375,True,True,0,0,0,True,True,accepted
M8,M8_20mA_40C_0,frame_0083.png,0.753829300403595,True,,True,0.753829300403595,0.753829300403595,False,False,True,0.0,1.0,0.0,0.0,0,0.0,1051,51.318359375,True,True,0,0,0,True,True,accepted
M8,M8_20mA_40C_0,frame_0084.png,0.766248881816864,True,,True,0.766248881816864,0.766248881816864,False,False,True,0.0,1.0,0.0,0.0,0,0.0,1051,51.318359375,True,True,0,0,0,True,True,accepted
M8,M8_20mA_40C_0,frame_0086.png,0.7310776114463806,True,,True,0.7310776114463806,0.7310776114463806,False,False,True,0.0,1.0,0.0,0.0,0,0.0,1051,51.318359375,True,True,0,0,0,True,True,accepted
M8,M8_20mA_40C_0,frame_0088.png,0.7697545289993286,True,,True,0.7697545289993286,0.7697545289993286,False,False,True,0.0,1.0,0.0,0.0,0,0.0,1051,51.318359375,True,True,0,0,0,True,True,accepted
M8,M8_20mA_40C_0,frame_0090.png,0.7585906982421875,True,,True,0.7585906982421875,0.7585906982421875,False,False,True,0.0,1.0,0.0,0.0,0,0.0,1051,51.318359375,True,True,0,0,0,True,True,accepted
M8,M8_20mA_40C_0,frame_0102.png,0.7706818580627441,True,,True,0.7706818580627441,0.7706818580627441,False,False,True,0.0,1.0,0.0,0.0,0,0.0,1051,51.318359375,True,True,0,0,0,True,True,accepted
M8,M8_20mA_40C_0,frame_0103.png,0.7720266580581665,True,,True,0.7720266580581665,0.7720266580581665,False,False,True,0.0,1.0,0.0,0.0,0,0.0,1051,51.318359375,True,True,0,0,0,True,True,accepted
M8,M8_20mA_40C_0,frame_0111.png,0.7770311236381531,True,,True,0.7770311236381531,0.7770311236381531,False,False,True,0.0,1.0,0.0,0.0,0,0.0,1051,51.318359375,True,True,0,0,0,True,True,accepted
M8,M8_20mA_40C_0,frame_0113.png,0.769146740436554,True,,True,0.769146740436554,0.769146740436554,False,False,True,0.0,1.0,0.0,0.0,0,0.0,1051,51.318359375,True,True,0,0,0,True,True,accepted
M8,M8_20mA_40C_0,frame_0116.png,0.7722657918930054,True,,True,0.7722657918930054,0.7722657918930054,False,False,True,0.0,1.0,0.0,0.0,0,0.0,1051,51.318359375,True,True,0,0,0,True,True,accepted
M8,M8_20mA_40C_0,frame_0119.png,0.7747387886047363,True,,True,0.7747387886047363,0.7747387886047363,False,False,True,0.0,1.0,0.0,0.0,0,0.0,1051,51.318359375,True,True,0,0,0,True,True,accepted
M8,M8_20mA_40C_0,frame_0121.png,0.7430457472801208,True,,True,0.7430457472801208,0.7430457472801208,False,False,True,0.0,1.0,0.0,0.0,0,0.0,1051,51.318359375,True,True,0,0,0,True,True,accepted
M8,M8_20mA_40C_0,frame_0122.png,0.7612985968589783,True,,True,0.7612985968589783,0.7612985968589783,False,False,True,0.0,1.0,0.0,0.0,0,0.0,1051,51.318359375,True,True,0,0,0,True,True,accepted
M8,M8_20mA_40C_0,frame_0126.png,0.748518705368042,True,,True,0.748518705368042,0.748518705368042,False,False,True,0.0,1.0,0.0,0.0,1,0.00048828125,1052,51.3671875,True,True,1,0,1,True,True,accepted
M8,M8_20mA_40C_0,frame_0138.png,0.7709379196166992,True,,True,0.7709379196166992,0.7709379196166992,False,False,True,0.0,1.0,0.0,0.0,0,0.0,1051,51.318359375,True,True,0,0,0,True,True,accepted
M8,M8_20mA_40C_0,frame_0142.png,0.7386733293533325,True,,True,0.7386733293533325,0.7386733293533325,False,False,True,0.0,1.0,0.0,0.0,0,0.0,1051,51.318359375,True,True,0,0,0,True,True,accepted
M8,M8_20mA_40C_0,frame_0143.png,0.7432833909988403,True,,True,0.7432833909988403,0.7432833909988403,False,False,True,0.0,1.0,0.0,0.0,0,0.0,1051,51.318359375,True,True,0,0,0,True,True,accepted
M8,M8_20mA_40C_0,frame_0145.png,0.7318546175956726,True,,True,0.7318546175956726,0.7318546175956726,False,False,True,0.0,1.0,0.0,0.0,0,0.0,1051,51.318359375,True,True,0,0,0,True,True,accepted
M8,M8_20mA_40C_0,frame_0146.png,0.7746062874794006,True,,True,0.7746062874794006,0.7746062874794006,False,False,True,0.0,1.0,0.0,0.0,1,0.00048828125,1050,51.26953125,True,True,1,0,1,True,True,accepted
M8,M8_20mA_40C_0,frame_0151.png,0.7192051410675049,True,,True,0.7192051410675049,0.7192051410675049,False,False,True,0.0,1.0,0.0,0.0,3,0.00146484375,1048,51.171875,True,True,1,0,3,True,True,accepted
M8,M8_20mA_40C_0,frame_0154.png,0.7640464901924133,True,,True,0.7640464901924133,0.7640464901924133,False,False,True,0.0,1.0,0.0,0.0,0,0.0,1051,51.318359375,True,True,0,0,0,True,True,accepted
M8,M8_20mA_40C_0,frame_0155.png,0.7659351825714111,True,,True,0.7659351825714111,0.7659351825714111,False,False,True,0.0,1.0,0.0,0.0,0,0.0,1051,51.318359375,True,True,0,0,0,True,True,accepted
M8,M8_20mA_40C_0,frame_0160.png,0.7664766907691956,True,,True,0.7664766907691956,0.7664766907691956,False,False,True,0.0,1.0,0.0,0.0,0,0.0,1051,51.318359375,True,True,0,0,0,True,True,accepted
M8,M8_20mA_40C_0,frame_0166.png,0.7708050012588501,True,,True,0.7708050012588501,0.7708050012588501,False,False,True,0.0,1.0,0.0,0.0,0,0.0,1051,51.318359375,True,True,0,0,0,True,True,accepted
M8,M8_20mA_40C_0,frame_0172.png,0.7713862657546997,True,,True,0.7713862657546997,0.7713862657546997,False,False,True,0.0,1.0,0.0,0.0,0,0.0,1051,51.318359375,True,True,0,0,0,True,True,accepted
M8,M8_20mA_40C_0,frame_0176.png,0.756531834602356,True,,True,0.756531834602356,0.756531834602356,False,False,True,0.0,1.0,0.0,0.0,0,0.0,1051,51.318359375,True,True,0,0,0,True,True,accepted
M8,M8_20mA_40C_0,frame_0177.png,0.7516903281211853,True,,True,0.7516903281211853,0.7516903281211853,False,False,True,0.0,1.0,0.0,0.0,0,0.0,1051,51.318359375,True,True,0,0,0,True,True,accepted
M8,M8_20mA_40C_0,frame_0178.png,0.7578303813934326,True,,True,0.7578303813934326,0.7578303813934326,False,False,True,0.0,1.0,0.0,0.0,0,0.0,1051,51.318359375,True,True,0,0,0,True,True,accepted
M8,M8_20mA_40C_0,frame_0183.png,0.7428784966468811,True,,True,0.7428784966468811,0.7428784966468811,False,False,True,0.0,1.0,0.0,0.0,0,0.0,1051,51.318359375,True,True,0,0,0,True,True,accepted
M8,M8_20mA_40C_0,frame_0193.png,0.7326155304908752,True,,True,0.7326155304908752,0.7326155304908752,False,False,True,0.0,1.0,0.0,0.0,0,0.0,1051,51.318359375,True,True,0,0,0,True,True,accepted
M8,M8_30mA_20C_0,frame_0045.png,0.7635360956192017,True,,True,0.7635360956192017,0.7635360956192017,False,False,True,0.0,1.0,0.0,0.0,0,0.0,1051,51.318359375,True,True,0,0,0,True,True,accepted
M8,M8_30mA_20C_0,frame_0054.png,0.7181551456451416,True,,True,0.7181551456451416,0.7181551456451416,False,False,True,0.0,1.0,0.0,0.0,0,0.0,1051,51.318359375,True,True,0,0,0,True,True,accepted
M8,M8_30mA_20C_0,frame_0055.png,0.7677823305130005,True,,True,0.7677823305130005,0.7677823305130005,False,False,True,0.0,1.0,0.0,0.0,0,0.0,1051,51.318359375,True,True,0,0,0,True,True,accepted
M8,M8_30mA_20C_0,frame_0062.png,0.7466739416122437,True,,True,0.7466739416122437,0.7466739416122437,False,False,True,0.0,1.0,0.0,0.0,0,0.0,1051,51.318359375,True,True,0,0,0,True,True,accepted
M8,M8_30mA_20C_0,frame_0068.png,0.7376973032951355,True,,True,0.7376973032951355,0.7376973032951355,False,False,True,0.0,1.0,0.0,0.0,0,0.0,1051,51.318359375,True,True,0,0,0,True,True,accepted
M8,M8_30mA_20C_0,frame_0069.png,0.7693775296211243,True,,True,0.7693775296211243,0.7693775296211243,False,False,True,0.0,1.0,0.0,0.0,0,0.0,1051,51.318359375,True,True,0,0,0,True,True,accepted
M8,M8_30mA_20C_0,frame_0073.png,0.748609721660614,True,,True,0.748609721660614,0.748609721660614,False,False,True,0.0,1.0,0.0,0.0,3,0.00146484375,1048,51.171875,True,True,1,0,3,True,True,accepted
M8,M8_30mA_20C_0,frame_0078.png,0.7264212965965271,True,,True,0.7264212965965271,0.7264212965965271,False,False,True,0.0,1.0,0.0,0.0,3,0.00146484375,1050,51.26953125,True,True,1,0,3,True,True,accepted
M8,M8_30mA_20C_0,frame_0080.png,0.7572116255760193,True,,True,0.7572116255760193,0.7572116255760193,False,False,True,0.0,1.0,0.0,0.0,0,0.0,1051,51.318359375,True,True,0,0,0,True,True,accepted
M8,M8_30mA_20C_0,frame_0082.png,0.7565057277679443,True,,True,0.7565057277679443,0.7565057277679443,False,False,True,0.0,1.0,0.0,0.0,2,0.0009765625,1051,51.318359375,True,True,1,0,2,True,True,accepted
M8,M8_30mA_20C_0,frame_0087.png,0.7671629786491394,True,,True,0.7671629786491394,0.7671629786491394,False,False,True,0.0,1.0,0.0,0.0,0,0.0,1051,51.318359375,True,True,0,0,0,True,True,accepted
M8,M8_30mA_20C_0,frame_0088.png,0.7575961947441101,True,,True,0.7575961947441101,0.7575961947441101,False,False,True,0.0,1.0,0.0,0.0,1,0.00048828125,1052,51.3671875,True,True,1,0,1,True,True,accepted
M8,M8_30mA_20C_0,frame_0091.png,0.7707896828651428,True,,True,0.7707896828651428,0.7707896828651428,False,False,True,0.0,1.0,0.0,0.0,0,0.0,1051,51.318359375,True,True,0,0,0,True,True,accepted
M8,M8_30mA_20C_0,frame_0092.png,0.7568729519844055,True,,True,0.7568729519844055,0.7568729519844055,False,False,True,0.0,1.0,0.0,0.0,0,0.0,1051,51.318359375,True,True,0,0,0,True,True,accepted
M8,M8_30mA_20C_0,frame_0093.png,0.7533800601959229,True,,True,0.7533800601959229,0.7533800601959229,False,False,True,0.0,1.0,0.0,0.0,0,0.0,1051,51.318359375,True,True,0,0,0,True,True,accepted
M8,M8_30mA_20C_0,frame_0098.png,0.7489930987358093,True,,True,0.7489930987358093,0.7489930987358093,False,False,True,0.0,1.0,0.0,0.0,0,0.0,1051,51.318359375,True,True,0,0,0,True,True,accepted
M8,M8_30mA_20C_0,frame_0101.png,0.732679009437561,True,,True,0.732679009437561,0.732679009437561,False,False,True,0.0,1.0,0.0,0.0,1,0.00048828125,1050,51.26953125,True,True,1,0,1,True,True,accepted
M8,M8_30mA_20C_0,frame_0104.png,0.7417659759521484,True,,True,0.7417659759521484,0.7417659759521484,False,False,True,0.0,1.0,0.0,0.0,0,0.0,1051,51.318359375,True,True,0,0,0,True,True,accepted
M8,M8_30mA_20C_0,frame_0110.png,0.7501987218856812,True,,True,0.7501987218856812,0.7501987218856812,False,False,True,0.0,1.0,0.0,0.0,0,0.0,1051,51.318359375,True,True,0,0,0,True,True,accepted
M8,M8_30mA_20C_0,frame_0120.png,0.7563723921775818,True,,True,0.7563723921775818,0.7563723921775818,False,False,True,0.0,1.0,0.0,0.0,0,0.0,1051,51.318359375,True,True,0,0,0,True,True,accepted
M8,M8_30mA_20C_0,frame_0122.png,0.7404541373252869,True,,True,0.7404541373252869,0.7404541373252869,False,False,True,0.0,1.0,0.0,0.0,0,0.0,1051,51.318359375,True,True,0,0,0,True,True,accepted
M8,M8_30mA_20C_0,frame_0123.png,0.7627190351486206,True,,True,0.7627190351486206,0.7627190351486206,False,False,True,0.0,1.0,0.0,0.0,0,0.0,1051,51.318359375,True,True,0,0,0,True,True,accepted
M8,M8_30mA_20C_0,frame_0124.png,0.741838276386261,True,,True,0.741838276386261,0.741838276386261,False,False,True,0.0,1.0,0.0,0.0,0,0.0,1051,51.318359375,True,True,0,0,0,True,True,accepted
M8,M8_30mA_20C_0,frame_0130.png,0.7582010626792908,True,,True,0.7582010626792908,0.7582010626792908,False,False,True,0.0,1.0,0.0,0.0,1,0.00048828125,1050,51.26953125,True,True,1,0,1,True,True,accepted
M8,M8_30mA_20C_0,frame_0134.png,0.7395306825637817,True,,True,0.7395306825637817,0.7395306825637817,False,False,True,0.0,1.0,0.0,0.0,0,0.0,1051,51.318359375,True,True,0,0,0,True,True,accepted
M8,M8_30mA_20C_0,frame_0136.png,0.7597987055778503,True,,True,0.7597987055778503,0.7597987055778503,False,False,True,0.0,1.0,0.0,0.0,0,0.0,1051,51.318359375,True,True,0,0,0,True,True,accepted
M8,M8_30mA_20C_0,frame_0138.png,0.7663100957870483,True,,True,0.7663100957870483,0.7663100957870483,False,False,True,0.0,1.0,0.0,0.0,0,0.0,1051,51.318359375,True,True,0,0,0,True,True,accepted
M8,M8_30mA_20C_0,frame_0141.png,0.7180234789848328,True,,True,0.7180234789848328,0.7180234789848328,False,False,True,0.0,1.0,0.0,0.0,7,0.00341796875,1044,50.9765625,True,True,1,0,7,True,True,accepted
M8,M8_30mA_20C_0,frame_0145.png,0.7291477918624878,True,,True,0.7291477918624878,0.7291477918624878,False,False,True,0.0,1.0,0.0,0.0,2,0.0009765625,1049,51.220703125,True,True,1,0,2,True,True,accepted
M8,M8_30mA_20C_0,frame_0146.png,0.7565595507621765,True,,True,0.7565595507621765,0.7565595507621765,False,False,True,0.0,1.0,0.0,0.0,0,0.0,1051,51.318359375,True,True,0,0,0,True,True,accepted
M8,M8_30mA_20C_0,frame_0148.png,0.762601912021637,True,,True,0.762601912021637,0.762601912021637,False,False,True,0.0,1.0,0.0,0.0,0,0.0,1051,51.318359375,True,True,0,0,0,True,True,accepted
M8,M8_30mA_20C_0,frame_0152.png,0.7624921798706055,True,,True,0.7624921798706055,0.7624921798706055,False,False,True,0.0,1.0,0.0,0.0,1,0.00048828125,1050,51.26953125,True,True,1,0,1,True,True,accepted
M8,M8_30mA_20C_0,frame_0156.png,0.7633776664733887,True,,True,0.7633776664733887,0.7633776664733887,False,False,True,0.0,1.0,0.0,0.0,1,0.00048828125,1052,51.3671875,True,True,1,0,1,True,True,accepted
M8,M8_30mA_20C_0,frame_0158.png,0.7591506242752075,True,,True,0.7591506242752075,0.7591506242752075,False,False,True,0.0,1.0,0.0,0.0,0,0.0,1051,51.318359375,True,True,0,0,0,True,True,accepted
M8,M8_30mA_20C_0,frame_0159.png,0.7530294060707092,True,,True,0.7530294060707092,0.7530294060707092,False,False,True,0.0,1.0,0.0,0.0,2,0.0009765625,1049,51.220703125,True,True,1,0,2,True,True,accepted
M8,M8_30mA_20C_0,frame_0161.png,0.7307202219963074,True,,True,0.7307202219963074,0.7307202219963074,False,False,True,0.0,1.0,0.0,0.0,0,0.0,1051,51.318359375,True,True,0,0,0,True,True,accepted
M8,M8_30mA_20C_0,frame_0164.png,0.7244232296943665,True,,True,0.7244232296943665,0.7244232296943665,False,False,True,0.0,1.0,0.0,0.0,0,0.0,1051,51.318359375,True,True,0,0,0,True,True,accepted
M8,M8_30mA_20C_0,frame_0165.png,0.7516161203384399,True,,True,0.7516161203384399,0.7516161203384399,False,False,True,0.0,1.0,0.0,0.0,1,0.00048828125,1050,51.26953125,True,True,1,0,1,True,True,accepted
M8,M8_30mA_20C_0,frame_0166.png,0.7662437558174133,True,,True,0.7662437558174133,0.7662437558174133,False,False,True,0.0,1.0,0.0,0.0,0,0.0,1051,51.318359375,True,True,0,0,0,True,True,accepted
M8,M8_30mA_20C_0,frame_0168.png,0.7460321187973022,True,,True,0.7460321187973022,0.7460321187973022,False,False,True,0.0,1.0,0.0,0.0,0,0.0,1051,51.318359375,True,True,0,0,0,True,True,accepted
M8,M8_30mA_20C_0,frame_0174.png,0.7532134056091309,True,,True,0.7532134056091309,0.7532134056091309,False,False,True,0.0,1.0,0.0,0.0,0,0.0,1051,51.318359375,True,True,0,0,0,True,True,accepted
M8,M8_30mA_20C_0,frame_0180.png,0.7698835730552673,True,,True,0.7698835730552673,0.7698835730552673,False,False,True,0.0,1.0,0.0,0.0,0,0.0,1051,51.318359375,True,True,0,0,0,True,True,accepted
M8,M8_30mA_20C_0,frame_0188.png,0.769594669342041,True,,True,0.769594669342041,0.769594669342041,False,False,True,0.0,1.0,0.0,0.0,0,0.0,1051,51.318359375,True,True,0,0,0,True,True,accepted
M8,M8_30mA_20C_0,frame_0190.png,0.7589872479438782,True,,True,0.7589872479438782,0.7589872479438782,False,False,True,0.0,1.0,0.0,0.0,0,0.0,1051,51.318359375,True,True,0,0,0,True,True,accepted
M8,M8_30mA_20C_0,frame_0191.png,0.7601420283317566,True,,True,0.7601420283317566,0.7601420283317566,False,False,True,0.0,1.0,0.0,0.0,1,0.00048828125,1050,51.26953125,True,True,1,0,1,True,True,accepted
M8,M8_30mA_30C_0,frame_0019.png,0.7736432552337646,True,,True,0.7736432552337646,0.7736432552337646,False,False,True,0.0,1.0,0.0,0.0,2,0.0009765625,1051,51.318359375,True,True,1,0,2,True,True,accepted
M8,M8_30mA_30C_0,frame_0020.png,0.7594072818756104,True,,True,0.7594072818756104,0.7594072818756104,False,False,True,0.0,1.0,0.0,0.0,0,0.0,1051,51.318359375,True,True,0,0,0,True,True,accepted
M8,M8_30mA_30C_0,frame_0022.png,0.765777051448822,True,,True,0.765777051448822,0.765777051448822,False,False,True,0.0,1.0,0.0,0.0,1,0.00048828125,1050,51.26953125,True,True,1,0,1,True,True,accepted
M8,M8_30mA_30C_0,frame_0030.png,0.7662246823310852,True,,True,0.7662246823310852,0.7662246823310852,False,False,True,0.0,1.0,0.0,0.0,1,0.00048828125,1050,51.26953125,True,True,1,0,1,True,True,accepted
M8,M8_30mA_30C_0,frame_0039.png,0.762046754360199,True,,True,0.762046754360199,0.762046754360199,False,False,True,0.0,1.0,0.0,0.0,2,0.0009765625,1053,51.416015625,True,True,1,0,2,True,True,accepted
M8,M8_30mA_30C_0,frame_0040.png,0.7482346892356873,True,,True,0.7482346892356873,0.7482346892356873,False,False,True,0.0,1.0,0.0,0.0,2,0.0009765625,1049,51.220703125,True,True,1,0,2,True,True,accepted
M8,M8_30mA_30C_0,frame_0042.png,0.7277355194091797,True,,True,0.7277355194091797,0.7277355194091797,False,False,True,0.0,1.0,0.0,0.0,0,0.0,1051,51.318359375,True,True,0,0,0,True,True,accepted
M8,M8_30mA_30C_0,frame_0045.png,0.7587911486625671,True,,True,0.7587911486625671,0.7587911486625671,False,False,True,0.0,1.0,0.0,0.0,1,0.00048828125,1052,51.3671875,True,True,1,0,1,True,True,accepted
M8,M8_30mA_30C_0,frame_0046.png,0.7662877440452576,True,,True,0.7662877440452576,0.7662877440452576,False,False,True,0.0,1.0,0.0,0.0,0,0.0,1051,51.318359375,True,True,0,0,0,True,True,accepted
M8,M8_30mA_30C_0,frame_0052.png,0.7414147853851318,True,,True,0.7414147853851318,0.7414147853851318,False,False,True,0.0,1.0,0.0,0.0,0,0.0,1051,51.318359375,True,True,0,0,0,True,True,accepted
M8,M8_30mA_30C_0,frame_0056.png,0.7708853483200073,True,,True,0.7708853483200073,0.7708853483200073,False,False,True,0.0,1.0,0.0,0.0,0,0.0,1051,51.318359375,True,True,0,0,0,True,True,accepted
M8,M8_30mA_30C_0,frame_0058.png,0.7588632106781006,True,,True,0.7588632106781006,0.7588632106781006,False,False,True,0.0,1.0,0.0,0.0,0,0.0,1051,51.318359375,True,True,0,0,0,True,True,accepted
M8,M8_30mA_30C_0,frame_0059.png,0.7729732394218445,True,,True,0.7729732394218445,0.7729732394218445,False,False,True,0.0,1.0,0.0,0.0,1,0.00048828125,1052,51.3671875,True,True,1,0,1,True,True,accepted
M8,M8_30mA_30C_0,frame_0062.png,0.7441296577453613,True,,True,0.7441296577453613,0.7441296577453613,False,False,True,0.0,1.0,0.0,0.0,2,0.0009765625,1049,51.220703125,True,True,1,0,2,True,True,accepted
M8,M8_30mA_30C_0,frame_0067.png,0.71867436170578,True,,True,0.71867436170578,0.71867436170578,False,False,True,0.0,1.0,0.0,0.0,0,0.0,1051,51.318359375,True,True,0,0,0,True,True,accepted
M8,M8_30mA_30C_0,frame_0068.png,0.7036303877830505,True,,True,0.7036303877830505,0.7036303877830505,False,False,True,0.0,1.0,0.0,0.0,1,0.00048828125,1052,51.3671875,True,True,1,0,1,True,True,accepted
M8,M8_30mA_30C_0,frame_0070.png,0.7342857718467712,True,,True,0.7342857718467712,0.7342857718467712,False,False,True,0.0,1.0,0.0,0.0,2,0.0009765625,1049,51.220703125,True,True,1,0,2,True,True,accepted
M8,M8_30mA_30C_0,frame_0074.png,0.7408591508865356,True,,True,0.7408591508865356,0.7408591508865356,False,False,True,0.0,1.0,0.0,0.0,2,0.0009765625,1049,51.220703125,True,True,1,0,2,True,True,accepted
M8,M8_30mA_30C_0,frame_0077.png,0.7515110373497009,True,,True,0.7515110373497009,0.7515110373497009,False,False,True,0.0,1.0,0.0,0.0,0,0.0,1051,51.318359375,True,True,0,0,0,True,True,accepted
M8,M8_30mA_30C_0,frame_0078.png,0.7548701763153076,True,,True,0.7548701763153076,0.7548701763153076,False,False,True,0.0,1.0,0.0,0.0,0,0.0,1051,51.318359375,True,True,0,0,0,True,True,accepted
M8,M8_30mA_30C_0,frame_0079.png,0.7389823794364929,True,,True,0.7389823794364929,0.7389823794364929,False,False,True,0.0,1.0,0.0,0.0,1,0.00048828125,1050,51.26953125,True,True,1,0,1,True,True,accepted
M8,M8_30mA_30C_0,frame_0081.png,0.7522047162055969,True,,True,0.7522047162055969,0.7522047162055969,False,False,True,0.0,1.0,0.0,0.0,4,0.001953125,1051,51.318359375,True,True,1,0,4,True,True,accepted
M8,M8_30mA_30C_0,frame_0085.png,0.7581169605255127,True,,True,0.7581169605255127,0.7581169605255127,False,False,True,0.0,1.0,0.0,0.0,0,0.0,1051,51.318359375,True,True,0,0,0,True,True,accepted
M8,M8_30mA_30C_0,frame_0086.png,0.7211672067642212,True,,True,0.7211672067642212,0.7211672067642212,False,False,True,0.0,1.0,0.0,0.0,0,0.0,1051,51.318359375,True,True,0,0,0,True,True,accepted
M8,M8_30mA_30C_0,frame_0099.png,0.7413818836212158,True,,True,0.7413818836212158,0.7413818836212158,False,False,True,0.0,1.0,0.0,0.0,1,0.00048828125,1050,51.26953125,True,True,1,0,1,True,True,accepted
M8,M8_30mA_30C_0,frame_0101.png,0.7504905462265015,True,,True,0.7504905462265015,0.7504905462265015,False,False,True,0.0,1.0,0.0,0.0,4,0.001953125,1051,51.318359375,True,True,1,0,4,True,True,accepted
M8,M8_30mA_30C_0,frame_0102.png,0.7396262288093567,True,,True,0.7396262288093567,0.7396262288093567,False,False,True,0.0,1.0,0.0,0.0,0,0.0,1051,51.318359375,True,True,0,0,0,True,True,accepted
M8,M8_30mA_30C_0,frame_0119.png,0.7498250007629395,True,,True,0.7498250007629395,0.7498250007629395,False,False,True,0.0,1.0,0.0,0.0,0,0.0,1051,51.318359375,True,True,0,0,0,True,True,accepted
M8,M8_30mA_30C_0,frame_0124.png,0.7578291893005371,True,,True,0.7578291893005371,0.7578291893005371,False,False,True,0.0,1.0,0.0,0.0,0,0.0,1051,51.318359375,True,True,0,0,0,True,True,accepted
M8,M8_30mA_30C_0,frame_0126.png,0.7437503933906555,True,,True,0.7437503933906555,0.7437503933906555,False,False,True,0.0,1.0,0.0,0.0,1,0.00048828125,1050,51.26953125,True,True,1,0,1,True,True,accepted
M8,M8_30mA_30C_0,frame_0128.png,0.7390776872634888,True,,True,0.7390776872634888,0.7390776872634888,False,False,True,0.0,1.0,0.0,0.0,1,0.00048828125,1050,51.26953125,True,True,1,0,1,True,True,accepted
M8,M8_30mA_30C_0,frame_0130.png,0.7662645578384399,True,,True,0.7662645578384399,0.7662645578384399,False,False,True,0.0,1.0,0.0,0.0,1,0.00048828125,1050,51.26953125,True,True,1,0,1,True,True,accepted
M8,M8_30mA_30C_0,frame_0133.png,0.7563095092773438,True,,True,0.7563095092773438,0.7563095092773438,False,False,True,0.0,1.0,0.0,0.0,0,0.0,1051,51.318359375,True,True,0,0,0,True,True,accepted
M8,M8_30mA_30C_0,frame_0135.png,0.7557756900787354,True,,True,0.7557756900787354,0.7557756900787354,False,False,True,0.0,1.0,0.0,0.0,2,0.0009765625,1049,51.220703125,True,True,1,0,2,True,True,accepted
M8,M8_30mA_30C_0,frame_0145.png,0.7359874844551086,True,,True,0.7359874844551086,0.7359874844551086,False,False,True,0.0,1.0,0.0,0.0,8,0.00390625,1049,51.220703125,True,True,1,0,8,True,True,accepted
M8,M8_30mA_30C_0,frame_0147.png,0.7640917301177979,True,,True,0.7640917301177979,0.7640917301177979,False,False,True,0.0,1.0,0.0,0.0,4,0.001953125,1049,51.220703125,True,True,1,0,4,True,True,accepted
M8,M8_30mA_30C_0,frame_0148.png,0.7390733957290649,True,,True,0.7390733957290649,0.7390733957290649,False,False,True,0.0,1.0,0.0,0.0,3,0.00146484375,1048,51.171875,True,True,1,0,3,True,True,accepted
M8,M8_30mA_30C_0,frame_0160.png,0.7392940521240234,True,,True,0.7392940521240234,0.7392940521240234,False,False,True,0.0,1.0,0.0,0.0,3,0.00146484375,1048,51.171875,True,True,1,0,3,True,True,accepted
M8,M8_30mA_30C_0,frame_0162.png,0.7493939995765686,True,,True,0.7493939995765686,0.7493939995765686,False,False,True,0.0,1.0,0.0,0.0,3,0.00146484375,1048,51.171875,True,True,1,0,3,True,True,accepted
M8,M8_30mA_30C_0,frame_0163.png,0.7179687023162842,True,,True,0.7179687023162842,0.7179687023162842,False,False,True,0.0,1.0,0.0,0.0,2,0.0009765625,1049,51.220703125,True,True,1,0,2,True,True,accepted
M8,M8_30mA_30C_0,frame_0173.png,0.7263224124908447,True,,True,0.7263224124908447,0.7263224124908447,False,False,True,0.0,1.0,0.0,0.0,0,0.0,1051,51.318359375,True,True,0,0,0,True,True,accepted
M8,M8_30mA_30C_0,frame_0181.png,0.7693480253219604,True,,True,0.7693480253219604,0.7693480253219604,False,False,True,0.0,1.0,0.0,0.0,0,0.0,1051,51.318359375,True,True,0,0,0,True,True,accepted
M8,M8_30mA_30C_0,frame_0187.png,0.7127905488014221,True,,True,0.7127905488014221,0.7127905488014221,False,False,True,0.0,1.0,0.0,0.0,20,0.009765625,1049,51.220703125,True,True,1,0,20,True,True,accepted
M8,M8_30mA_30C_0,frame_0193.png,0.7554389238357544,True,,True,0.7554389238357544,0.7554389238357544,False,False,True,0.0,1.0,0.0,0.0,0,0.0,1051,51.318359375,True,True,0,0,0,True,True,accepted
M8,M8_30mA_30C_0,frame_0200.png,0.7607454061508179,True,,True,0.7607454061508179,0.7607454061508179,False,False,True,0.0,1.0,0.0,0.0,0,0.0,1051,51.318359375,True,True,0,0,0,True,True,accepted
M8,M8_30mA_40C_0,frame_0030.png,0.7629070281982422,True,,True,0.7629070281982422,0.7629070281982422,False,False,True,0.0,1.0,0.0,0.0,39,0.01904296875,1058,51.66015625,True,True,1,0,39,True,True,accepted
M8,M8_30mA_40C_0,frame_0031.png,0.7695406675338745,True,,True,0.7695406675338745,0.7695406675338745,False,False,True,0.0,1.0,0.0,0.0,1,0.00048828125,1052,51.3671875,True,True,1,0,1,True,True,accepted
M8,M8_30mA_40C_0,frame_0034.png,0.7679272890090942,True,,True,0.7679272890090942,0.7679272890090942,False,False,True,0.0,1.0,0.0,0.0,5,0.00244140625,1050,51.26953125,True,True,1,0,5,True,True,accepted
M8,M8_30mA_40C_0,frame_0035.png,0.7676512598991394,True,,True,0.7676512598991394,0.7676512598991394,False,False,True,0.0,1.0,0.0,0.0,0,0.0,1051,51.318359375,True,True,0,0,0,True,True,accepted
M8,M8_30mA_40C_0,frame_0050.png,0.7840070724487305,True,,True,0.7840070724487305,0.7840070724487305,False,False,True,0.0,1.0,0.0,0.0,4,0.001953125,1053,51.416015625,True,True,1,0,4,True,True,accepted
M8,M8_30mA_40C_0,frame_0055.png,0.7160669565200806,True,,True,0.7160669565200806,0.7160669565200806,False,False,True,0.0,1.0,0.0,0.0,1,0.00048828125,1052,51.3671875,True,True,1,0,1,True,True,accepted
M8,M8_30mA_40C_0,frame_0056.png,0.7462877035140991,True,,True,0.7462877035140991,0.7462877035140991,False,False,True,0.0,1.0,0.0,0.0,18,0.0087890625,1055,51.513671875,True,True,2,0,18,True,True,accepted
M8,M8_30mA_40C_0,frame_0059.png,0.7211345434188843,True,,True,0.7211345434188843,0.7211345434188843,False,False,True,0.0,1.0,0.0,0.0,0,0.0,1051,51.318359375,True,True,0,0,0,True,True,accepted
M8,M8_30mA_40C_0,frame_0060.png,0.7818160653114319,True,,True,0.7818160653114319,0.7818160653114319,False,False,True,0.0,1.0,0.0,0.0,1,0.00048828125,1052,51.3671875,True,True,1,0,1,True,True,accepted
M8,M8_30mA_40C_0,frame_0062.png,0.7691545486450195,True,,True,0.7691545486450195,0.7691545486450195,False,False,True,0.0,1.0,0.0,0.0,1,0.00048828125,1050,51.26953125,True,True,1,0,1,True,True,accepted
M8,M8_30mA_40C_0,frame_0063.png,0.6685284972190857,True,,True,0.6685284972190857,0.6685284972190857,False,False,True,0.0,1.0,0.0,0.0,339,0.16552734375,1074,52.44140625,True,True,12,0,339,True,True,accepted
M8,M8_30mA_40C_0,frame_0064.png,0.7839595675468445,True,,True,0.7839595675468445,0.7839595675468445,False,False,True,0.0,1.0,0.0,0.0,0,0.0,1051,51.318359375,True,True,0,0,0,True,True,accepted
M8,M8_30mA_40C_0,frame_0067.png,0.7183788418769836,True,,True,0.7183788418769836,0.7183788418769836,False,False,True,0.0,1.0,0.0,0.0,0,0.0,1051,51.318359375,True,True,0,0,0,True,True,accepted
M8,M8_30mA_40C_0,frame_0078.png,0.742253303527832,True,,True,0.742253303527832,0.742253303527832,False,False,True,0.0,1.0,0.0,0.0,4,0.001953125,1053,51.416015625,True,True,1,0,4,True,True,accepted
M8,M8_30mA_40C_0,frame_0083.png,0.7638593912124634,True,,True,0.7638593912124634,0.7638593912124634,False,False,True,0.0,1.0,0.0,0.0,8,0.00390625,1051,51.318359375,True,True,1,0,8,True,True,accepted
M8,M8_30mA_40C_0,frame_0086.png,0.7697511315345764,True,,True,0.7697511315345764,0.7697511315345764,False,False,True,0.0,1.0,0.0,0.0,0,0.0,1051,51.318359375,True,True,0,0,0,True,True,accepted
M8,M8_30mA_40C_0,frame_0091.png,0.7419636845588684,True,,True,0.7419636845588684,0.7419636845588684,False,False,True,0.0,1.0,0.0,0.0,1,0.00048828125,1052,51.3671875,True,True,1,0,1,True,True,accepted
M8,M8_30mA_40C_0,frame_0097.png,0.7795546054840088,True,,True,0.7795546054840088,0.7795546054840088,False,False,True,0.0,1.0,0.0,0.0,6,0.0029296875,1053,51.416015625,True,True,1,0,6,True,True,accepted
M8,M8_30mA_40C_0,frame_0100.png,0.7682688236236572,True,,True,0.7682688236236572,0.7682688236236572,False,False,True,0.0,1.0,0.0,0.0,0,0.0,1051,51.318359375,True,True,0,0,0,True,True,accepted
M8,M8_30mA_40C_0,frame_0103.png,0.7225790023803711,True,,True,0.7225790023803711,0.7225790023803711,False,False,True,0.0,1.0,0.0,0.0,33,0.01611328125,1062,51.85546875,True,True,2,0,33,True,True,accepted
M8,M8_30mA_40C_0,frame_0104.png,0.7749159336090088,True,,True,0.7749159336090088,0.7749159336090088,False,False,True,0.0,1.0,0.0,0.0,6,0.0029296875,1053,51.416015625,True,True,1,0,6,True,True,accepted
M8,M8_30mA_40C_0,frame_0105.png,0.756449282169342,True,,True,0.756449282169342,0.756449282169342,False,False,True,0.0,1.0,0.0,0.0,13,0.00634765625,1056,51.5625,True,True,1,0,13,True,True,accepted
M8,M8_30mA_40C_0,frame_0110.png,0.7536547183990479,True,,True,0.7536547183990479,0.7536547183990479,False,False,True,0.0,1.0,0.0,0.0,10,0.0048828125,1051,51.318359375,True,True,1,0,10,True,True,accepted
M8,M8_30mA_40C_0,frame_0116.png,0.7641425728797913,True,,True,0.7641425728797913,0.7641425728797913,False,False,True,0.0,1.0,0.0,0.0,3,0.00146484375,1050,51.26953125,True,True,1,0,3,True,True,accepted
M8,M8_30mA_40C_0,frame_0117.png,0.7491849064826965,True,,True,0.7491849064826965,0.7491849064826965,False,False,True,0.0,1.0,0.0,0.0,0,0.0,1051,51.318359375,True,True,0,0,0,True,True,accepted
M8,M8_30mA_40C_0,frame_0118.png,0.7777888178825378,True,,True,0.7777888178825378,0.7777888178825378,False,False,True,0.0,1.0,0.0,0.0,0,0.0,1051,51.318359375,True,True,0,0,0,True,True,accepted
M8,M8_30mA_40C_0,frame_0120.png,0.769477903842926,True,,True,0.769477903842926,0.769477903842926,False,False,True,0.0,1.0,0.0,0.0,1,0.00048828125,1052,51.3671875,True,True,1,0,1,True,True,accepted
M8,M8_30mA_40C_0,frame_0122.png,0.7654786109924316,True,,True,0.7654786109924316,0.7654786109924316,False,False,True,0.0,1.0,0.0,0.0,8,0.00390625,1053,51.416015625,True,True,1,0,8,True,True,accepted
M8,M8_30mA_40C_0,frame_0123.png,0.7596192359924316,True,,True,0.7596192359924316,0.7596192359924316,False,False,True,0.0,1.0,0.0,0.0,75,0.03662109375,1062,51.85546875,True,True,2,0,75,True,True,accepted
M8,M8_30mA_40C_0,frame_0125.png,0.7790884971618652,True,,True,0.7790884971618652,0.7790884971618652,False,False,True,0.0,1.0,0.0,0.0,0,0.0,1051,51.318359375,True,True,0,0,0,True,True,accepted
M8,M8_30mA_40C_0,frame_0131.png,0.763599157333374,True,,True,0.763599157333374,0.763599157333374,False,False,True,0.0,1.0,0.0,0.0,6,0.0029296875,1051,51.318359375,True,True,1,0,6,True,True,accepted
M8,M8_30mA_40C_0,frame_0139.png,0.764785647392273,True,,True,0.764785647392273,0.764785647392273,False,False,True,0.0,1.0,0.0,0.0,3,0.00146484375,1050,51.26953125,True,True,1,0,3,True,True,accepted
M8,M8_30mA_40C_0,frame_0144.png,0.7383096218109131,True,,True,0.7383096218109131,0.7383096218109131,False,False,True,0.0,1.0,0.0,0.0,28,0.013671875,1055,51.513671875,True,True,2,0,28,True,True,accepted
M8,M8_30mA_40C_0,frame_0152.png,0.7689754962921143,True,,True,0.7689754962921143,0.7689754962921143,False,False,True,0.0,1.0,0.0,0.0,5,0.00244140625,1050,51.26953125,True,True,1,0,5,True,True,accepted
M8,M8_30mA_40C_0,frame_0160.png,0.7735062837600708,True,,True,0.7735062837600708,0.7735062837600708,False,False,True,0.0,1.0,0.0,0.0,2,0.0009765625,1053,51.416015625,True,True,1,0,2,True,True,accepted
M8,M8_30mA_40C_0,frame_0161.png,0.7767066955566406,True,,True,0.7767066955566406,0.7767066955566406,False,False,True,0.0,1.0,0.0,0.0,1,0.00048828125,1052,51.3671875,True,True,1,0,1,True,True,accepted
M8,M8_30mA_40C_0,frame_0180.png,0.7673159837722778,True,,True,0.7673159837722778,0.7673159837722778,False,False,True,0.0,1.0,0.0,0.0,9,0.00439453125,1052,51.3671875,True,True,1,0,9,True,True,accepted
M8,M8_30mA_40C_0,frame_0184.png,0.7707347273826599,True,,True,0.7707347273826599,0.7707347273826599,False,False,True,0.0,1.0,0.0,0.0,7,0.00341796875,1054,51.46484375,True,True,1,0,7,True,True,accepted
M8,M8_30mA_40C_0,frame_0187.png,0.765627920627594,True,,True,0.765627920627594,0.765627920627594,False,False,True,0.0,1.0,0.0,0.0,4,0.001953125,1055,51.513671875,True,True,1,0,4,True,True,accepted
M8,M8_30mA_40C_0,frame_0190.png,0.7643821239471436,True,,True,0.7643821239471436,0.7643821239471436,False,False,True,0.0,1.0,0.0,0.0,3,0.00146484375,1052,51.3671875,True,True,1,0,3,True,True,accepted
M8,M8_30mA_40C_0,frame_0192.png,0.7692444920539856,True,,True,0.7692444920539856,0.7692444920539856,False,False,True,0.0,1.0,0.0,0.0,6,0.0029296875,1055,51.513671875,True,True,1,0,6,True,True,accepted
M8,M8_30mA_40C_0,frame_0194.png,0.7591412663459778,True,,True,0.7591412663459778,0.7591412663459778,False,False,True,0.0,1.0,0.0,0.0,12,0.005859375,1047,51.123046875,True,True,1,0,12,True,True,accepted
M8,M8_30mA_40C_0,frame_0196.png,0.7766845226287842,True,,True,0.7766845226287842,0.7766845226287842,False,False,True,0.0,1.0,0.0,0.0,13,0.00634765625,1058,51.66015625,True,True,1,0,13,True,True,accepted
M8,M8_30mA_40C_0,frame_0197.png,0.7321714758872986,True,,True,0.7321714758872986,0.7321714758872986,False,False,True,0.0,1.0,0.0,0.0,32,0.015625,1055,51.513671875,True,True,2,0,32,True,True,accepted
M8,M8_30mA_40C_0,frame_0198.png,0.7868090867996216,True,,True,0.7868090867996216,0.7868090867996216,False,False,True,0.0,1.0,0.0,0.0,0,0.0,1051,51.318359375,True,True,0,0,0,True,True,accepted
M9,M9_10mA_20C_0,frame_0023.png,0.8424836993217468,True,,True,0.8424836993217468,0.8424836993217468,False,False,True,0.0,1.0,0.0,0.0,88,0.04296875,1054,51.46484375,True,True,2,0,88,True,True,accepted
M9,M9_10mA_20C_0,frame_0028.png,0.8620293140411377,True,,True,0.8620293140411377,0.8620293140411377,False,False,True,0.0,1.0,0.0,0.0,46,0.0224609375,1056,51.5625,True,True,2,0,46,True,True,accepted
M9,M9_10mA_20C_0,frame_0033.png,0.8098321557044983,True,,True,0.8098321557044983,0.8098321557044983,False,False,True,0.0,1.0,0.0,0.0,60,0.029296875,1054,51.46484375,True,True,2,0,60,True,True,accepted
M9,M9_10mA_20C_0,frame_0037.png,0.8373640775680542,True,,True,0.8373640775680542,0.8373640775680542,False,False,True,0.0,1.0,0.0,0.0,117,0.05712890625,1051,51.318359375,True,True,3,0,117,True,True,accepted
M9,M9_10mA_20C_0,frame_0039.png,0.7578029036521912,True,,True,0.7578029036521912,0.7578029036521912,False,False,True,0.0,1.0,0.0,0.0,255,0.12451171875,1063,51.904296875,True,True,6,0,255,True,True,accepted
M9,M9_10mA_20C_0,frame_0042.png,0.8319580554962158,True,,True,0.8319580554962158,0.8319580554962158,False,False,True,0.0,1.0,0.0,0.0,118,0.0576171875,1052,51.3671875,True,True,3,0,118,True,True,accepted
M9,M9_10mA_20C_0,frame_0043.png,0.8342680335044861,True,,True,0.8342680335044861,0.8342680335044861,False,False,True,0.0,1.0,0.0,0.0,118,0.0576171875,1062,51.85546875,True,True,3,0,118,True,True,accepted
M9,M9_10mA_20C_0,frame_0047.png,0.8496441841125488,True,,True,0.8496441841125488,0.8496441841125488,False,False,True,0.0,1.0,0.0,0.0,90,0.0439453125,1054,51.46484375,True,True,3,0,90,True,True,accepted
M9,M9_10mA_20C_0,frame_0062.png,0.8628689646720886,True,,True,0.8628689646720886,0.8628689646720886,False,False,True,0.0,1.0,0.0,0.0,27,0.01318359375,1059,51.708984375,True,True,1,0,27,True,True,accepted
M9,M9_10mA_20C_0,frame_0063.png,0.8366914987564087,True,,True,0.8366914987564087,0.8366914987564087,False,False,True,0.0,1.0,0.0,0.0,63,0.03076171875,1061,51.806640625,True,True,2,0,63,True,True,accepted
M9,M9_10mA_20C_0,frame_0064.png,0.820376455783844,True,,True,0.820376455783844,0.820376455783844,False,False,True,0.0,1.0,0.0,0.0,219,0.10693359375,1057,51.611328125,True,True,5,0,219,True,True,accepted
M9,M9_10mA_20C_0,frame_0066.png,0.8329048752784729,True,,True,0.8329048752784729,0.8329048752784729,False,False,True,0.0,1.0,0.0,0.0,74,0.0361328125,1054,51.46484375,True,True,2,0,74,True,True,accepted
M9,M9_10mA_20C_0,frame_0068.png,0.8590928316116333,True,,True,0.8590928316116333,0.8590928316116333,False,False,True,0.0,1.0,0.0,0.0,18,0.0087890625,1052,51.3671875,True,True,2,0,18,True,True,accepted
M9,M9_10mA_20C_0,frame_0071.png,0.8709667921066284,True,,True,0.8709667921066284,0.8709667921066284,False,False,True,0.0,1.0,0.0,0.0,45,0.02197265625,1059,51.708984375,True,True,2,0,45,True,True,accepted
M9,M9_10mA_20C_0,frame_0073.png,0.8677785992622375,True,,True,0.8677785992622375,0.8677785992622375,False,False,True,0.0,1.0,0.0,0.0,22,0.0107421875,1064,51.953125,True,True,1,0,22,True,True,accepted
M9,M9_10mA_20C_0,frame_0074.png,0.8054590225219727,True,,True,0.8054590225219727,0.8054590225219727,False,False,True,0.0,1.0,0.0,0.0,95,0.04638671875,1053,51.416015625,True,True,3,0,95,True,True,accepted
M9,M9_10mA_20C_0,frame_0077.png,0.8256293535232544,True,,True,0.8256293535232544,0.8256293535232544,False,False,True,0.0,1.0,0.0,0.0,184,0.08984375,1056,51.5625,True,True,4,0,184,True,True,accepted
M9,M9_10mA_20C_0,frame_0080.png,0.8361726999282837,True,,True,0.8361726999282837,0.8361726999282837,False,False,True,0.0,1.0,0.0,0.0,149,0.07275390625,1051,51.318359375,True,True,4,0,149,True,True,accepted
M9,M9_10mA_20C_0,frame_0090.png,0.8361535668373108,True,,True,0.8361535668373108,0.8361535668373108,False,False,True,0.0,1.0,0.0,0.0,143,0.06982421875,1055,51.513671875,True,True,3,0,143,True,True,accepted
M9,M9_10mA_20C_0,frame_0097.png,0.8464464545249939,True,,True,0.8464464545249939,0.8464464545249939,False,False,True,0.0,1.0,0.0,0.0,41,0.02001953125,1059,51.708984375,True,True,2,0,41,True,True,accepted
M9,M9_10mA_20C_0,frame_0098.png,0.8406462073326111,True,,True,0.8406462073326111,0.8406462073326111,False,False,True,0.0,1.0,0.0,0.0,74,0.0361328125,1058,51.66015625,True,True,2,0,74,True,True,accepted
M9,M9_10mA_20C_0,frame_0099.png,0.8435254096984863,True,,True,0.8435254096984863,0.8435254096984863,False,False,True,0.0,1.0,0.0,0.0,73,0.03564453125,1055,51.513671875,True,True,2,0,73,True,True,accepted
M9,M9_10mA_20C_0,frame_0112.png,0.8623958826065063,True,,True,0.8623958826065063,0.8623958826065063,False,False,True,0.0,1.0,0.0,0.0,28,0.013671875,1058,51.66015625,True,True,1,0,28,True,True,accepted
M9,M9_10mA_20C_0,frame_0113.png,0.8775235414505005,True,,True,0.8775235414505005,0.8775235414505005,False,False,True,0.0,1.0,0.0,0.0,54,0.0263671875,1066,52.05078125,True,True,2,0,54,True,True,accepted
M9,M9_10mA_20C_0,frame_0117.png,0.8228863477706909,True,,True,0.8228863477706909,0.8228863477706909,False,False,True,0.0,1.0,0.0,0.0,177,0.08642578125,1053,51.416015625,True,True,4,0,177,True,True,accepted
M9,M9_10mA_20C_0,frame_0118.png,0.8494208455085754,True,,True,0.8494208455085754,0.8494208455085754,False,False,True,0.0,1.0,0.0,0.0,70,0.0341796875,1058,51.66015625,True,True,2,0,70,True,True,accepted
M9,M9_10mA_20C_0,frame_0121.png,0.8249742388725281,True,,True,0.8249742388725281,0.8249742388725281,False,False,True,0.0,1.0,0.0,0.0,183,0.08935546875,1061,51.806640625,True,True,5,0,183,True,True,accepted
M9,M9_10mA_20C_0,frame_0124.png,0.8368721008300781,True,,True,0.8368721008300781,0.8368721008300781,False,False,True,0.0,1.0,0.0,0.0,34,0.0166015625,1058,51.66015625,True,True,1,0,34,True,True,accepted
M9,M9_10mA_20C_0,frame_0132.png,0.8562489151954651,True,,True,0.8562489151954651,0.8562489151954651,False,False,True,0.0,1.0,0.0,0.0,79,0.03857421875,1053,51.416015625,True,True,2,0,79,True,True,accepted
M9,M9_10mA_20C_0,frame_0138.png,0.8467813730239868,True,,True,0.8467813730239868,0.8467813730239868,False,False,True,0.0,1.0,0.0,0.0,34,0.0166015625,1050,51.26953125,True,True,2,0,34,True,True,accepted
M9,M9_10mA_20C_0,frame_0140.png,0.8298328518867493,True,,True,0.8298328518867493,0.8298328518867493,False,False,True,0.0,1.0,0.0,0.0,142,0.0693359375,1062,51.85546875,True,True,3,0,142,True,True,accepted
M9,M9_10mA_20C_0,frame_0141.png,0.7950608134269714,True,,True,0.7950608134269714,0.7950608134269714,False,False,True,0.0,1.0,0.0,0.0,77,0.03759765625,1043,50.927734375,True,True,2,0,77,True,True,accepted
M9,M9_10mA_20C_0,frame_0144.png,0.8117482662200928,True,,True,0.8117482662200928,0.8117482662200928,False,False,True,0.0,1.0,0.0,0.0,195,0.09521484375,1045,51.025390625,True,True,4,0,195,True,True,accepted
M9,M9_10mA_20C_0,frame_0146.png,0.8065579533576965,True,,True,0.8065579533576965,0.8065579533576965,False,False,True,0.0,1.0,0.0,0.0,142,0.0693359375,1054,51.46484375,True,True,3,0,142,True,True,accepted
M9,M9_10mA_20C_0,frame_0155.png,0.8628408312797546,True,,True,0.8628408312797546,0.8628408312797546,False,False,True,0.0,1.0,0.0,0.0,53,0.02587890625,1063,51.904296875,True,True,2,0,53,True,True,accepted
M9,M9_10mA_20C_0,frame_0158.png,0.877596914768219,True,,True,0.877596914768219,0.877596914768219,False,False,True,0.0,1.0,0.0,0.0,45,0.02197265625,1067,52.099609375,True,True,2,0,45,True,True,accepted
M9,M9_10mA_20C_0,frame_0160.png,0.8391461372375488,True,,True,0.8391461372375488,0.8391461372375488,False,False,True,0.0,1.0,0.0,0.0,135,0.06591796875,1061,51.806640625,True,True,3,0,135,True,True,accepted
M9,M9_10mA_20C_0,frame_0162.png,0.8415786623954773,True,,True,0.8415786623954773,0.8415786623954773,False,False,True,0.0,1.0,0.0,0.0,61,0.02978515625,1053,51.416015625,True,True,2,0,61,True,True,accepted
M9,M9_10mA_20C_0,frame_0166.png,0.8522477746009827,True,,True,0.8522477746009827,0.8522477746009827,False,False,True,0.0,1.0,0.0,0.0,40,0.01953125,1054,51.46484375,True,True,2,0,40,True,True,accepted
M9,M9_10mA_20C_0,frame_0176.png,0.8250812888145447,True,,True,0.8250812888145447,0.8250812888145447,False,False,True,0.0,1.0,0.0,0.0,120,0.05859375,1052,51.3671875,True,True,3,0,120,True,True,accepted
M9,M9_10mA_20C_0,frame_0177.png,0.8125539422035217,True,,True,0.8125539422035217,0.8125539422035217,False,False,True,0.0,1.0,0.0,0.0,127,0.06201171875,1065,52.001953125,True,True,3,0,127,True,True,accepted
M9,M9_10mA_20C_0,frame_0178.png,0.8321056365966797,True,,True,0.8321056365966797,0.8321056365966797,False,False,True,0.0,1.0,0.0,0.0,47,0.02294921875,1053,51.416015625,True,True,2,0,47,True,True,accepted
M9,M9_10mA_20C_0,frame_0182.png,0.8506768345832825,True,,True,0.8506768345832825,0.8506768345832825,False,False,True,0.0,1.0,0.0,0.0,79,0.03857421875,1055,51.513671875,True,True,2,0,79,True,True,accepted
M9,M9_10mA_20C_0,frame_0183.png,0.81923508644104,True,,True,0.81923508644104,0.81923508644104,False,False,True,0.0,1.0,0.0,0.0,165,0.08056640625,1053,51.416015625,True,True,4,0,165,True,True,accepted
M9,M9_10mA_20C_0,frame_0199.png,0.8194471001625061,True,,True,0.8194471001625061,0.8194471001625061,False,False,True,0.0,1.0,0.0,0.0,167,0.08154296875,1055,51.513671875,True,True,4,0,167,True,True,accepted
M9,M9_10mA_30C_0,frame_0021.png,0.739339292049408,True,,True,0.739339292049408,0.739339292049408,False,False,True,0.0,1.0,0.0,0.0,1,0.00048828125,1055,51.513671875,True,True,1,0,1,True,True,accepted
M9,M9_10mA_30C_0,frame_0022.png,0.7547051310539246,True,,True,0.7547051310539246,0.7547051310539246,False,False,True,0.0,1.0,0.0,0.0,0,0.0,1056,51.5625,True,True,0,0,0,True,True,accepted
M9,M9_10mA_30C_0,frame_0029.png,0.7174929976463318,True,,True,0.7174929976463318,0.7174929976463318,False,False,True,0.0,1.0,0.0,0.0,1,0.00048828125,1055,51.513671875,True,True,1,0,1,True,True,accepted
M9,M9_10mA_30C_0,frame_0032.png,0.7199909687042236,True,,True,0.7199909687042236,0.7199909687042236,False,False,True,0.0,1.0,0.0,0.0,2,0.0009765625,1056,51.5625,True,True,1,0,2,True,True,accepted
M9,M9_10mA_30C_0,frame_0036.png,0.7542628049850464,True,,True,0.7542628049850464,0.7542628049850464,False,False,True,0.0,1.0,0.0,0.0,0,0.0,1056,51.5625,True,True,0,0,0,True,True,accepted
M9,M9_10mA_30C_0,frame_0039.png,0.7480195760726929,True,,True,0.7480195760726929,0.7480195760726929,False,False,True,0.0,1.0,0.0,0.0,1,0.00048828125,1055,51.513671875,True,True,1,0,1,True,True,accepted
M9,M9_10mA_30C_0,frame_0050.png,0.7391653060913086,True,,True,0.7391653060913086,0.7391653060913086,False,False,True,0.0,1.0,0.0,0.0,0,0.0,1056,51.5625,True,True,0,0,0,True,True,accepted
M9,M9_10mA_30C_0,frame_0054.png,0.7653520107269287,True,,True,0.7653520107269287,0.7653520107269287,False,False,True,0.0,1.0,0.0,0.0,0,0.0,1056,51.5625,True,True,0,0,0,True,True,accepted
M9,M9_10mA_30C_0,frame_0057.png,0.7659285664558411,True,,True,0.7659285664558411,0.7659285664558411,False,False,True,0.0,1.0,0.0,0.0,0,0.0,1056,51.5625,True,True,0,0,0,True,True,accepted
M9,M9_10mA_30C_0,frame_0062.png,0.7228354215621948,True,,True,0.7228354215621948,0.7228354215621948,False,False,True,0.0,1.0,0.0,0.0,1,0.00048828125,1055,51.513671875,True,True,1,0,1,True,True,accepted
M9,M9_10mA_30C_0,frame_0067.png,0.7482373118400574,True,,True,0.7482373118400574,0.7482373118400574,False,False,True,0.0,1.0,0.0,0.0,0,0.0,1056,51.5625,True,True,0,0,0,True,True,accepted
M9,M9_10mA_30C_0,frame_0068.png,0.7583740949630737,True,,True,0.7583740949630737,0.7583740949630737,False,False,True,0.0,1.0,0.0,0.0,0,0.0,1056,51.5625,True,True,0,0,0,True,True,accepted
M9,M9_10mA_30C_0,frame_0075.png,0.69949871301651,True,,True,0.69949871301651,0.69949871301651,False,False,True,0.0,1.0,0.0,0.0,96,0.046875,1050,51.26953125,True,True,2,0,96,True,True,accepted
M9,M9_10mA_30C_0,frame_0078.png,0.6980383992195129,True,,True,0.6980383992195129,0.6980383992195129,False,False,True,0.0,1.0,0.0,0.0,33,0.01611328125,1065,52.001953125,True,True,2,0,33,True,True,accepted
M9,M9_10mA_30C_0,frame_0079.png,0.750523030757904,True,,True,0.750523030757904,0.750523030757904,False,False,True,0.0,1.0,0.0,0.0,1,0.00048828125,1055,51.513671875,True,True,1,0,1,True,True,accepted
M9,M9_10mA_30C_0,frame_0081.png,0.7457114458084106,True,,True,0.7457114458084106,0.7457114458084106,False,False,True,0.0,1.0,0.0,0.0,0,0.0,1056,51.5625,True,True,0,0,0,True,True,accepted
M9,M9_10mA_30C_0,frame_0082.png,0.7619353532791138,True,,True,0.7619353532791138,0.7619353532791138,False,False,True,0.0,1.0,0.0,0.0,0,0.0,1056,51.5625,True,True,0,0,0,True,True,accepted
M9,M9_10mA_30C_0,frame_0088.png,0.7498421669006348,True,,True,0.7498421669006348,0.7498421669006348,False,False,True,0.0,1.0,0.0,0.0,0,0.0,1056,51.5625,True,True,0,0,0,True,True,accepted
M9,M9_10mA_30C_0,frame_0099.png,0.7673566937446594,True,,True,0.7673566937446594,0.7673566937446594,False,False,True,0.0,1.0,0.0,0.0,0,0.0,1056,51.5625,True,True,0,0,0,True,True,accepted
M9,M9_10mA_30C_0,frame_0105.png,0.7332314848899841,True,,True,0.7332314848899841,0.7332314848899841,False,False,True,0.0,1.0,0.0,0.0,1,0.00048828125,1055,51.513671875,True,True,1,0,1,True,True,accepted
M9,M9_10mA_30C_0,frame_0106.png,0.7625474333763123,True,,True,0.7625474333763123,0.7625474333763123,False,False,True,0.0,1.0,0.0,0.0,0,0.0,1056,51.5625,True,True,0,0,0,True,True,accepted
M9,M9_10mA_30C_0,frame_0110.png,0.7324970364570618,True,,True,0.7324970364570618,0.7324970364570618,False,False,True,0.0,1.0,0.0,0.0,1,0.00048828125,1055,51.513671875,True,True,1,0,1,True,True,accepted
M9,M9_10mA_30C_0,frame_0112.png,0.7401027083396912,True,,True,0.7401027083396912,0.7401027083396912,False,False,True,0.0,1.0,0.0,0.0,0,0.0,1056,51.5625,True,True,0,0,0,True,True,accepted
M9,M9_10mA_30C_0,frame_0115.png,0.7556353807449341,True,,True,0.7556353807449341,0.7556353807449341,False,False,True,0.0,1.0,0.0,0.0,0,0.0,1056,51.5625,True,True,0,0,0,True,True,accepted
M9,M9_10mA_30C_0,frame_0119.png,0.7354583144187927,True,,True,0.7354583144187927,0.7354583144187927,False,False,True,0.0,1.0,0.0,0.0,1,0.00048828125,1055,51.513671875,True,True,1,0,1,True,True,accepted
M9,M9_10mA_30C_0,frame_0122.png,0.728391706943512,True,,True,0.728391706943512,0.728391706943512,False,False,True,0.0,1.0,0.0,0.0,15,0.00732421875,1057,51.611328125,True,True,2,0,15,True,True,accepted
M9,M9_10mA_30C_0,frame_0129.png,0.7373753190040588,True,,True,0.7373753190040588,0.7373753190040588,False,False,True,0.0,1.0,0.0,0.0,1,0.00048828125,1055,51.513671875,True,True,1,0,1,True,True,accepted
M9,M9_10mA_30C_0,frame_0134.png,0.7394728660583496,True,,True,0.7394728660583496,0.7394728660583496,False,False,True,0.0,1.0,0.0,0.0,1,0.00048828125,1055,51.513671875,True,True,1,0,1,True,True,accepted
M9,M9_10mA_30C_0,frame_0135.png,0.7164807319641113,True,,True,0.7164807319641113,0.7164807319641113,False,False,True,0.0,1.0,0.0,0.0,6,0.0029296875,1054,51.46484375,True,True,1,0,6,True,True,accepted
M9,M9_10mA_30C_0,frame_0147.png,0.7634762525558472,True,,True,0.7634762525558472,0.7634762525558472,False,False,True,0.0,1.0,0.0,0.0,0,0.0,1056,51.5625,True,True,0,0,0,True,True,accepted
M9,M9_10mA_30C_0,frame_0151.png,0.7502222061157227,True,,True,0.7502222061157227,0.7502222061157227,False,False,True,0.0,1.0,0.0,0.0,0,0.0,1056,51.5625,True,True,0,0,0,True,True,accepted
M9,M9_10mA_30C_0,frame_0152.png,0.7558413147926331,True,,True,0.7558413147926331,0.7558413147926331,False,False,True,0.0,1.0,0.0,0.0,0,0.0,1056,51.5625,True,True,0,0,0,True,True,accepted
M9,M9_10mA_30C_0,frame_0154.png,0.7505205869674683,True,,True,0.7505205869674683,0.7505205869674683,False,False,True,0.0,1.0,0.0,0.0,2,0.0009765625,1054,51.46484375,True,True,1,0,2,True,True,accepted
M9,M9_10mA_30C_0,frame_0160.png,0.7380279898643494,True,,True,0.7380279898643494,0.7380279898643494,False,False,True,0.0,1.0,0.0,0.0,0,0.0,1056,51.5625,True,True,0,0,0,True,True,accepted
M9,M9_10mA_30C_0,frame_0168.png,0.7379549741744995,True,,True,0.7379549741744995,0.7379549741744995,False,False,True,0.0,1.0,0.0,0.0,1,0.00048828125,1055,51.513671875,True,True,1,0,1,True,True,accepted
M9,M9_10mA_30C_0,frame_0171.png,0.749970555305481,True,,True,0.749970555305481,0.749970555305481,False,False,True,0.0,1.0,0.0,0.0,0,0.0,1056,51.5625,True,True,0,0,0,True,True,accepted
M9,M9_10mA_30C_0,frame_0173.png,0.7126414775848389,True,,True,0.7126414775848389,0.7126414775848389,False,False,True,0.0,1.0,0.0,0.0,1,0.00048828125,1055,51.513671875,True,True,1,0,1,True,True,accepted
M9,M9_10mA_30C_0,frame_0178.png,0.743811309337616,True,,True,0.743811309337616,0.743811309337616,False,False,True,0.0,1.0,0.0,0.0,0,0.0,1056,51.5625,True,True,0,0,0,True,True,accepted
M9,M9_10mA_30C_0,frame_0182.png,0.7552524209022522,True,,True,0.7552524209022522,0.7552524209022522,False,False,True,0.0,1.0,0.0,0.0,0,0.0,1056,51.5625,True,True,0,0,0,True,True,accepted
M9,M9_10mA_30C_0,frame_0184.png,0.7687790989875793,True,,True,0.7687790989875793,0.7687790989875793,False,False,True,0.0,1.0,0.0,0.0,0,0.0,1056,51.5625,True,True,0,0,0,True,True,accepted
M9,M9_10mA_30C_0,frame_0185.png,0.7603050470352173,True,,True,0.7603050470352173,0.7603050470352173,False,False,True,0.0,1.0,0.0,0.0,0,0.0,1056,51.5625,True,True,0,0,0,True,True,accepted
M9,M9_10mA_30C_0,frame_0186.png,0.7486913204193115,True,,True,0.7486913204193115,0.7486913204193115,False,False,True,0.0,1.0,0.0,0.0,0,0.0,1056,51.5625,True,True,0,0,0,True,True,accepted
M9,M9_10mA_30C_0,frame_0189.png,0.6906225085258484,True,,True,0.6906225085258484,0.6906225085258484,False,False,True,0.0,1.0,0.0,0.0,3,0.00146484375,1053,51.416015625,True,True,1,0,3,True,True,accepted
M9,M9_10mA_30C_0,frame_0193.png,0.7554485201835632,True,,True,0.7554485201835632,0.7554485201835632,False,False,True,0.0,1.0,0.0,0.0,0,0.0,1056,51.5625,True,True,0,0,0,True,True,accepted
M9,M9_10mA_30C_0,frame_0199.png,0.763661801815033,True,,True,0.763661801815033,0.763661801815033,False,False,True,0.0,1.0,0.0,0.0,0,0.0,1056,51.5625,True,True,0,0,0,True,True,accepted
M9,M9_10mA_40C_0,frame_0008.png,0.6452378034591675,True,,True,0.6452378034591675,0.6452378034591675,False,True,True,0.0,1.0,0.0,0.0,107,0.05224609375,1057,51.611328125,True,True,3,0,107,True,True,accepted
M9,M9_10mA_40C_0,frame_0010.png,0.7172046303749084,True,,True,0.7172046303749084,0.7172046303749084,False,False,True,0.0,1.0,0.0,0.0,9,0.00439453125,1055,51.513671875,True,True,1,0,9,True,True,accepted
M9,M9_10mA_40C_0,frame_0015.png,0.7190345525741577,True,,True,0.7190345525741577,0.7190345525741577,False,False,True,0.0,1.0,0.0,0.0,3,0.00146484375,1053,51.416015625,True,True,1,0,3,True,True,accepted
M9,M9_10mA_40C_0,frame_0018.png,0.7448696494102478,True,,True,0.7448696494102478,0.7448696494102478,False,False,True,0.0,1.0,0.0,0.0,0,0.0,1056,51.5625,True,True,0,0,0,True,True,accepted
M9,M9_10mA_40C_0,frame_0019.png,0.7323495745658875,True,,True,0.7323495745658875,0.7323495745658875,False,False,True,0.0,1.0,0.0,0.0,0,0.0,1056,51.5625,True,True,0,0,0,True,True,accepted
M9,M9_10mA_40C_0,frame_0022.png,0.6903776526451111,True,,True,0.6903776526451111,0.6903776526451111,False,False,True,0.0,1.0,0.0,0.0,5,0.00244140625,1059,51.708984375,True,True,1,0,5,True,True,accepted
M9,M9_10mA_40C_0,frame_0026.png,0.7454169392585754,True,,True,0.7454169392585754,0.7454169392585754,False,False,True,0.0,1.0,0.0,0.0,0,0.0,1056,51.5625,True,True,0,0,0,True,True,accepted
M9,M9_10mA_40C_0,frame_0037.png,0.7489065527915955,True,,True,0.7489065527915955,0.7489065527915955,False,False,True,0.0,1.0,0.0,0.0,3,0.00146484375,1057,51.611328125,True,True,1,0,3,True,True,accepted
M9,M9_10mA_40C_0,frame_0042.png,0.7036675810813904,True,,True,0.7036675810813904,0.7036675810813904,False,False,True,0.0,1.0,0.0,0.0,1,0.00048828125,1055,51.513671875,True,True,1,0,1,True,True,accepted
M9,M9_10mA_40C_0,frame_0047.png,0.7546274065971375,True,,True,0.7546274065971375,0.7546274065971375,False,False,True,0.0,1.0,0.0,0.0,0,0.0,1056,51.5625,True,True,0,0,0,True,True,accepted
M9,M9_10mA_40C_0,frame_0051.png,0.7339885234832764,True,,True,0.7339885234832764,0.7339885234832764,False,False,True,0.0,1.0,0.0,0.0,0,0.0,1056,51.5625,True,True,0,0,0,True,True,accepted
M9,M9_10mA_40C_0,frame_0053.png,0.7237610220909119,True,,True,0.7237610220909119,0.7237610220909119,False,False,True,0.0,1.0,0.0,0.0,0,0.0,1056,51.5625,True,True,0,0,0,True,True,accepted
M9,M9_10mA_40C_0,frame_0054.png,0.7339590191841125,True,,True,0.7339590191841125,0.7339590191841125,False,False,True,0.0,1.0,0.0,0.0,3,0.00146484375,1055,51.513671875,True,True,1,0,3,True,True,accepted
M9,M9_10mA_40C_0,frame_0059.png,0.7386956810951233,True,,True,0.7386956810951233,0.7386956810951233,False,False,True,0.0,1.0,0.0,0.0,1,0.00048828125,1055,51.513671875,True,True,1,0,1,True,True,accepted
M9,M9_10mA_40C_0,frame_0077.png,0.7132816314697266,True,,True,0.7132816314697266,0.7132816314697266,False,False,True,0.0,1.0,0.0,0.0,0,0.0,1056,51.5625,True,True,0,0,0,True,True,accepted
M9,M9_10mA_40C_0,frame_0079.png,0.7449392080307007,True,,True,0.7449392080307007,0.7449392080307007,False,False,True,0.0,1.0,0.0,0.0,2,0.0009765625,1056,51.5625,True,True,1,0,2,True,True,accepted
M9,M9_10mA_40C_0,frame_0080.png,0.745651364326477,True,,True,0.745651364326477,0.745651364326477,False,False,True,0.0,1.0,0.0,0.0,0,0.0,1056,51.5625,True,True,0,0,0,True,True,accepted
M9,M9_10mA_40C_0,frame_0082.png,0.7014182209968567,True,,True,0.7014182209968567,0.7014182209968567,False,False,True,0.0,1.0,0.0,0.0,1,0.00048828125,1055,51.513671875,True,True,1,0,1,True,True,accepted
M9,M9_10mA_40C_0,frame_0087.png,0.7297120690345764,True,,True,0.7297120690345764,0.7297120690345764,False,False,True,0.0,1.0,0.0,0.0,0,0.0,1056,51.5625,True,True,0,0,0,True,True,accepted
M9,M9_10mA_40C_0,frame_0089.png,0.746752142906189,True,,True,0.746752142906189,0.746752142906189,False,False,True,0.0,1.0,0.0,0.0,0,0.0,1056,51.5625,True,True,0,0,0,True,True,accepted
M9,M9_10mA_40C_0,frame_0090.png,0.7658888697624207,True,,True,0.7658888697624207,0.7658888697624207,False,False,True,0.0,1.0,0.0,0.0,0,0.0,1056,51.5625,True,True,0,0,0,True,True,accepted
M9,M9_10mA_40C_0,frame_0092.png,0.7330636382102966,True,,True,0.7330636382102966,0.7330636382102966,False,False,True,0.0,1.0,0.0,0.0,8,0.00390625,1054,51.46484375,True,True,1,0,8,True,True,accepted
M9,M9_10mA_40C_0,frame_0099.png,0.718007504940033,True,,True,0.718007504940033,0.718007504940033,False,False,True,0.0,1.0,0.0,0.0,1,0.00048828125,1055,51.513671875,True,True,1,0,1,True,True,accepted
M9,M9_10mA_40C_0,frame_0103.png,0.7075219750404358,True,,True,0.7075219750404358,0.7075219750404358,False,False,True,0.0,1.0,0.0,0.0,0,0.0,1056,51.5625,True,True,0,0,0,True,True,accepted
M9,M9_10mA_40C_0,frame_0111.png,0.7427527904510498,True,,True,0.7427527904510498,0.7427527904510498,False,False,True,0.0,1.0,0.0,0.0,0,0.0,1056,51.5625,True,True,0,0,0,True,True,accepted
M9,M9_10mA_40C_0,frame_0112.png,0.7584546208381653,True,,True,0.7584546208381653,0.7584546208381653,False,False,True,0.0,1.0,0.0,0.0,0,0.0,1056,51.5625,True,True,0,0,0,True,True,accepted
M9,M9_10mA_40C_0,frame_0114.png,0.6812297105789185,True,,True,0.6812297105789185,0.6812297105789185,False,False,True,0.0,1.0,0.0,0.0,5,0.00244140625,1055,51.513671875,True,True,1,0,5,True,True,accepted
M9,M9_10mA_40C_0,frame_0122.png,0.6749533414840698,True,,True,0.6749533414840698,0.6749533414840698,False,False,True,0.0,1.0,0.0,0.0,32,0.015625,1052,51.3671875,True,True,1,0,32,True,True,accepted
M9,M9_10mA_40C_0,frame_0124.png,0.7403265833854675,True,,True,0.7403265833854675,0.7403265833854675,False,False,True,0.0,1.0,0.0,0.0,0,0.0,1056,51.5625,True,True,0,0,0,True,True,accepted
M9,M9_10mA_40C_0,frame_0126.png,0.7475076913833618,True,,True,0.7475076913833618,0.7475076913833618,False,False,True,0.0,1.0,0.0,0.0,0,0.0,1056,51.5625,True,True,0,0,0,True,True,accepted
M9,M9_10mA_40C_0,frame_0132.png,0.7324503660202026,True,,True,0.7324503660202026,0.7324503660202026,False,False,True,0.0,1.0,0.0,0.0,0,0.0,1056,51.5625,True,True,0,0,0,True,True,accepted
M9,M9_10mA_40C_0,frame_0134.png,0.7424778342247009,True,,True,0.7424778342247009,0.7424778342247009,False,False,True,0.0,1.0,0.0,0.0,9,0.00439453125,1057,51.611328125,True,True,1,0,9,True,True,accepted
M9,M9_10mA_40C_0,frame_0142.png,0.7330377697944641,True,,True,0.7330377697944641,0.7330377697944641,False,False,True,0.0,1.0,0.0,0.0,1,0.00048828125,1055,51.513671875,True,True,1,0,1,True,True,accepted
M9,M9_10mA_40C_0,frame_0144.png,0.7130229473114014,True,,True,0.7130229473114014,0.7130229473114014,False,False,True,0.0,1.0,0.0,0.0,0,0.0,1056,51.5625,True,True,0,0,0,True,True,accepted
M9,M9_10mA_40C_0,frame_0152.png,0.6975343227386475,True,,True,0.6975343227386475,0.6975343227386475,False,False,True,0.0,1.0,0.0,0.0,10,0.0048828125,1052,51.3671875,True,True,1,0,10,True,True,accepted
M9,M9_10mA_40C_0,frame_0156.png,0.7038635015487671,True,,True,0.7038635015487671,0.7038635015487671,False,False,True,0.0,1.0,0.0,0.0,4,0.001953125,1054,51.46484375,True,True,1,0,4,True,True,accepted
M9,M9_10mA_40C_0,frame_0167.png,0.7357264161109924,True,,True,0.7357264161109924,0.7357264161109924,False,False,True,0.0,1.0,0.0,0.0,0,0.0,1056,51.5625,True,True,0,0,0,True,True,accepted
M9,M9_10mA_40C_0,frame_0169.png,0.7410712838172913,True,,True,0.7410712838172913,0.7410712838172913,False,False,True,0.0,1.0,0.0,0.0,0,0.0,1056,51.5625,True,True,0,0,0,True,True,accepted
M9,M9_10mA_40C_0,frame_0177.png,0.737809956073761,True,,True,0.737809956073761,0.737809956073761,False,False,True,0.0,1.0,0.0,0.0,2,0.0009765625,1054,51.46484375,True,True,1,0,2,True,True,accepted
M9,M9_10mA_40C_0,frame_0180.png,0.7392237782478333,True,,True,0.7392237782478333,0.7392237782478333,False,False,True,0.0,1.0,0.0,0.0,7,0.00341796875,1059,51.708984375,True,True,1,0,7,True,True,accepted
M9,M9_10mA_40C_0,frame_0184.png,0.7480660080909729,True,,True,0.7480660080909729,0.7480660080909729,False,False,True,0.0,1.0,0.0,0.0,0,0.0,1056,51.5625,True,True,0,0,0,True,True,accepted
M9,M9_10mA_40C_0,frame_0186.png,0.6926560401916504,True,,True,0.6926560401916504,0.6926560401916504,False,False,True,0.0,1.0,0.0,0.0,1,0.00048828125,1055,51.513671875,True,True,1,0,1,True,True,accepted
M9,M9_10mA_40C_0,frame_0187.png,0.7331570982933044,True,,True,0.7331570982933044,0.7331570982933044,False,False,True,0.0,1.0,0.0,0.0,0,0.0,1056,51.5625,True,True,0,0,0,True,True,accepted
M9,M9_10mA_40C_0,frame_0195.png,0.7165054082870483,True,,True,0.7165054082870483,0.7165054082870483,False,False,True,0.0,1.0,0.0,0.0,3,0.00146484375,1053,51.416015625,True,True,1,0,3,True,True,accepted
M9,M9_10mA_40C_0,frame_0197.png,0.681835412979126,True,,True,0.681835412979126,0.681835412979126,False,False,True,0.0,1.0,0.0,0.0,13,0.00634765625,1059,51.708984375,True,True,1,0,13,True,True,accepted
M9,M9_20mA_20C_0,frame_0031.png,0.8120855689048767,True,,True,0.8120855689048767,0.8120855689048767,False,False,True,0.0,1.0,0.0,0.0,11,0.00537109375,1055,51.513671875,True,True,1,0,11,True,True,accepted
M9,M9_20mA_20C_0,frame_0032.png,0.8498628735542297,True,,True,0.8498628735542297,0.8498628735542297,False,False,True,0.0,1.0,0.0,0.0,0,0.0,1056,51.5625,True,True,0,0,0,True,True,accepted
M9,M9_20mA_20C_0,frame_0038.png,0.7778525352478027,True,,True,0.7778525352478027,0.7778525352478027,False,False,True,0.0,1.0,0.0,0.0,45,0.02197265625,1053,51.416015625,True,True,2,0,45,True,True,accepted
M9,M9_20mA_20C_0,frame_0042.png,0.8470866084098816,True,,True,0.8470866084098816,0.8470866084098816,False,False,True,0.0,1.0,0.0,0.0,0,0.0,1056,51.5625,True,True,0,0,0,True,True,accepted
M9,M9_20mA_20C_0,frame_0044.png,0.8347000479698181,True,,True,0.8347000479698181,0.8347000479698181,False,False,True,0.0,1.0,0.0,0.0,0,0.0,1056,51.5625,True,True,0,0,0,True,True,accepted
M9,M9_20mA_20C_0,frame_0045.png,0.8365222811698914,True,,True,0.8365222811698914,0.8365222811698914,False,False,True,0.0,1.0,0.0,0.0,0,0.0,1056,51.5625,True,True,0,0,0,True,True,accepted
M9,M9_20mA_20C_0,frame_0048.png,0.8266516327857971,True,,True,0.8266516327857971,0.8266516327857971,False,False,True,0.0,1.0,0.0,0.0,0,0.0,1056,51.5625,True,True,0,0,0,True,True,accepted
M9,M9_20mA_20C_0,frame_0056.png,0.8478367328643799,True,,True,0.8478367328643799,0.8478367328643799,False,False,True,0.0,1.0,0.0,0.0,0,0.0,1056,51.5625,True,True,0,0,0,True,True,accepted
M9,M9_20mA_20C_0,frame_0057.png,0.8393189907073975,True,,True,0.8393189907073975,0.8393189907073975,False,False,True,0.0,1.0,0.0,0.0,0,0.0,1056,51.5625,True,True,0,0,0,True,True,accepted
M9,M9_20mA_20C_0,frame_0061.png,0.8094011545181274,True,,True,0.8094011545181274,0.8094011545181274,False,False,True,0.0,1.0,0.0,0.0,0,0.0,1056,51.5625,True,True,0,0,0,True,True,accepted
M9,M9_20mA_20C_0,frame_0064.png,0.8426324725151062,True,,True,0.8426324725151062,0.8426324725151062,False,False,True,0.0,1.0,0.0,0.0,0,0.0,1056,51.5625,True,True,0,0,0,True,True,accepted
M9,M9_20mA_20C_0,frame_0071.png,0.846410870552063,True,,True,0.846410870552063,0.846410870552063,False,False,True,0.0,1.0,0.0,0.0,0,0.0,1056,51.5625,True,True,0,0,0,True,True,accepted
M9,M9_20mA_20C_0,frame_0075.png,0.8439082503318787,True,,True,0.8439082503318787,0.8439082503318787,False,False,True,0.0,1.0,0.0,0.0,0,0.0,1056,51.5625,True,True,0,0,0,True,True,accepted
M9,M9_20mA_20C_0,frame_0077.png,0.8445997834205627,True,,True,0.8445997834205627,0.8445997834205627,False,False,True,0.0,1.0,0.0,0.0,0,0.0,1056,51.5625,True,True,0,0,0,True,True,accepted
M9,M9_20mA_20C_0,frame_0083.png,0.8371449708938599,True,,True,0.8371449708938599,0.8371449708938599,False,False,True,0.0,1.0,0.0,0.0,9,0.00439453125,1057,51.611328125,True,True,1,0,9,True,True,accepted
M9,M9_20mA_20C_0,frame_0085.png,0.7884434461593628,True,,True,0.7884434461593628,0.7884434461593628,False,False,True,0.0,1.0,0.0,0.0,35,0.01708984375,1063,51.904296875,True,True,1,0,35,True,True,accepted
M9,M9_20mA_20C_0,frame_0087.png,0.8015570640563965,True,,True,0.8015570640563965,0.8015570640563965,False,False,True,0.0,1.0,0.0,0.0,0,0.0,1056,51.5625,True,True,0,0,0,True,True,accepted
M9,M9_20mA_20C_0,frame_0088.png,0.8189969062805176,True,,True,0.8189969062805176,0.8189969062805176,False,False,True,0.0,1.0,0.0,0.0,0,0.0,1056,51.5625,True,True,0,0,0,True,True,accepted
M9,M9_20mA_20C_0,frame_0091.png,0.8462379574775696,True,,True,0.8462379574775696,0.8462379574775696,False,False,True,0.0,1.0,0.0,0.0,0,0.0,1056,51.5625,True,True,0,0,0,True,True,accepted
M9,M9_20mA_20C_0,frame_0094.png,0.8249235153198242,True,,True,0.8249235153198242,0.8249235153198242,False,False,True,0.0,1.0,0.0,0.0,0,0.0,1056,51.5625,True,True,0,0,0,True,True,accepted
M9,M9_20mA_20C_0,frame_0100.png,0.8126314282417297,True,,True,0.8126314282417297,0.8126314282417297,False,False,True,0.0,1.0,0.0,0.0,0,0.0,1056,51.5625,True,True,0,0,0,True,True,accepted
M9,M9_20mA_20C_0,frame_0105.png,0.8403752446174622,True,,True,0.8403752446174622,0.8403752446174622,False,False,True,0.0,1.0,0.0,0.0,0,0.0,1056,51.5625,True,True,0,0,0,True,True,accepted
M9,M9_20mA_20C_0,frame_0109.png,0.8258763551712036,True,,True,0.8258763551712036,0.8258763551712036,False,False,True,0.0,1.0,0.0,0.0,7,0.00341796875,1061,51.806640625,True,True,1,0,7,True,True,accepted
M9,M9_20mA_20C_0,frame_0111.png,0.827212929725647,True,,True,0.827212929725647,0.827212929725647,False,False,True,0.0,1.0,0.0,0.0,0,0.0,1056,51.5625,True,True,0,0,0,True,True,accepted
M9,M9_20mA_20C_0,frame_0118.png,0.8172652125358582,True,,True,0.8172652125358582,0.8172652125358582,False,False,True,0.0,1.0,0.0,0.0,1,0.00048828125,1057,51.611328125,True,True,1,0,1,True,True,accepted
M9,M9_20mA_20C_0,frame_0122.png,0.8408752083778381,True,,True,0.8408752083778381,0.8408752083778381,False,False,True,0.0,1.0,0.0,0.0,0,0.0,1056,51.5625,True,True,0,0,0,True,True,accepted
M9,M9_20mA_20C_0,frame_0125.png,0.8284646272659302,True,,True,0.8284646272659302,0.8284646272659302,False,False,True,0.0,1.0,0.0,0.0,0,0.0,1056,51.5625,True,True,0,0,0,True,True,accepted
M9,M9_20mA_20C_0,frame_0132.png,0.8183361291885376,True,,True,0.8183361291885376,0.8183361291885376,False,False,True,0.0,1.0,0.0,0.0,0,0.0,1056,51.5625,True,True,0,0,0,True,True,accepted
M9,M9_20mA_20C_0,frame_0134.png,0.7619876861572266,True,,True,0.7619876861572266,0.7619876861572266,False,False,True,0.0,1.0,0.0,0.0,11,0.00537109375,1057,51.611328125,True,True,1,0,11,True,True,accepted
M9,M9_20mA_20C_0,frame_0136.png,0.8455832004547119,True,,True,0.8455832004547119,0.8455832004547119,False,False,True,0.0,1.0,0.0,0.0,0,0.0,1056,51.5625,True,True,0,0,0,True,True,accepted
M9,M9_20mA_20C_0,frame_0138.png,0.8142108917236328,True,,True,0.8142108917236328,0.8142108917236328,False,False,True,0.0,1.0,0.0,0.0,0,0.0,1056,51.5625,True,True,0,0,0,True,True,accepted
M9,M9_20mA_20C_0,frame_0144.png,0.7995312213897705,True,,True,0.7995312213897705,0.7995312213897705,False,False,True,0.0,1.0,0.0,0.0,0,0.0,1056,51.5625,True,True,0,0,0,True,True,accepted
M9,M9_20mA_20C_0,frame_0146.png,0.8154852390289307,True,,True,0.8154852390289307,0.8154852390289307,False,False,True,0.0,1.0,0.0,0.0,0,0.0,1056,51.5625,True,True,0,0,0,True,True,accepted
M9,M9_20mA_20C_0,frame_0150.png,0.8274239897727966,True,,True,0.8274239897727966,0.8274239897727966,False,False,True,0.0,1.0,0.0,0.0,0,0.0,1056,51.5625,True,True,0,0,0,True,True,accepted
M9,M9_20mA_20C_0,frame_0160.png,0.8398935794830322,True,,True,0.8398935794830322,0.8398935794830322,False,False,True,0.0,1.0,0.0,0.0,0,0.0,1056,51.5625,True,True,0,0,0,True,True,accepted
M9,M9_20mA_20C_0,frame_0166.png,0.817832887172699,True,,True,0.817832887172699,0.817832887172699,False,False,True,0.0,1.0,0.0,0.0,0,0.0,1056,51.5625,True,True,0,0,0,True,True,accepted
M9,M9_20mA_20C_0,frame_0168.png,0.8378815054893494,True,,True,0.8378815054893494,0.8378815054893494,False,False,True,0.0,1.0,0.0,0.0,0,0.0,1056,51.5625,True,True,0,0,0,True,True,accepted
M9,M9_20mA_20C_0,frame_0173.png,0.8107114434242249,True,,True,0.8107114434242249,0.8107114434242249,False,False,True,0.0,1.0,0.0,0.0,4,0.001953125,1056,51.5625,True,True,1,0,4,True,True,accepted
M9,M9_20mA_20C_0,frame_0174.png,0.8369384407997131,True,,True,0.8369384407997131,0.8369384407997131,False,False,True,0.0,1.0,0.0,0.0,0,0.0,1056,51.5625,True,True,0,0,0,True,True,accepted
M9,M9_20mA_20C_0,frame_0176.png,0.8070026636123657,True,,True,0.8070026636123657,0.8070026636123657,False,False,True,0.0,1.0,0.0,0.0,0,0.0,1056,51.5625,True,True,0,0,0,True,True,accepted
M9,M9_20mA_20C_0,frame_0189.png,0.8261134624481201,True,,True,0.8261134624481201,0.8261134624481201,False,False,True,0.0,1.0,0.0,0.0,0,0.0,1056,51.5625,True,True,0,0,0,True,True,accepted
M9,M9_20mA_20C_0,frame_0194.png,0.8321555852890015,True,,True,0.8321555852890015,0.8321555852890015,False,False,True,0.0,1.0,0.0,0.0,0,0.0,1056,51.5625,True,True,0,0,0,True,True,accepted
M9,M9_20mA_20C_0,frame_0195.png,0.8421007394790649,True,,True,0.8421007394790649,0.8421007394790649,False,False,True,0.0,1.0,0.0,0.0,0,0.0,1056,51.5625,True,True,0,0,0,True,True,accepted
M9,M9_20mA_20C_0,frame_0197.png,0.8364696502685547,True,,True,0.8364696502685547,0.8364696502685547,False,False,True,0.0,1.0,0.0,0.0,3,0.00146484375,1057,51.611328125,True,True,1,0,3,True,True,accepted
M9,M9_20mA_20C_0,frame_0199.png,0.8020786643028259,True,,True,0.8020786643028259,0.8020786643028259,False,False,True,0.0,1.0,0.0,0.0,8,0.00390625,1060,51.7578125,True,True,1,0,8,True,True,accepted
M9,M9_20mA_30C_0,frame_0023.png,0.7814158201217651,True,,True,0.7814158201217651,0.7814158201217651,False,False,True,0.0,1.0,0.0,0.0,0,0.0,1056,51.5625,True,True,0,0,0,True,True,accepted
M9,M9_20mA_30C_0,frame_0028.png,0.7649542093276978,True,,True,0.7649542093276978,0.7649542093276978,False,False,True,0.0,1.0,0.0,0.0,1,0.00048828125,1055,51.513671875,True,True,1,0,1,True,True,accepted
M9,M9_20mA_30C_0,frame_0029.png,0.7717289328575134,True,,True,0.7717289328575134,0.7717289328575134,False,False,True,0.0,1.0,0.0,0.0,0,0.0,1056,51.5625,True,True,0,0,0,True,True,accepted
M9,M9_20mA_30C_0,frame_0035.png,0.7620121836662292,True,,True,0.7620121836662292,0.7620121836662292,False,False,True,0.0,1.0,0.0,0.0,0,0.0,1056,51.5625,True,True,0,0,0,True,True,accepted
M9,M9_20mA_30C_0,frame_0040.png,0.7828991413116455,True,,True,0.7828991413116455,0.7828991413116455,False,False,True,0.0,1.0,0.0,0.0,3,0.00146484375,1059,51.708984375,True,True,1,0,3,True,True,accepted
M9,M9_20mA_30C_0,frame_0041.png,0.7758342623710632,True,,True,0.7758342623710632,0.7758342623710632,False,False,True,0.0,1.0,0.0,0.0,0,0.0,1056,51.5625,True,True,0,0,0,True,True,accepted
M9,M9_20mA_30C_0,frame_0043.png,0.7390272617340088,True,,True,0.7390272617340088,0.7390272617340088,False,False,True,0.0,1.0,0.0,0.0,0,0.0,1056,51.5625,True,True,0,0,0,True,True,accepted
M9,M9_20mA_30C_0,frame_0046.png,0.7313941717147827,True,,True,0.7313941717147827,0.7313941717147827,False,False,True,0.0,1.0,0.0,0.0,0,0.0,1056,51.5625,True,True,0,0,0,True,True,accepted
M9,M9_20mA_30C_0,frame_0047.png,0.7548940181732178,True,,True,0.7548940181732178,0.7548940181732178,False,False,True,0.0,1.0,0.0,0.0,0,0.0,1056,51.5625,True,True,0,0,0,True,True,accepted
M9,M9_20mA_30C_0,frame_0052.png,0.7629513740539551,True,,True,0.7629513740539551,0.7629513740539551,False,False,True,0.0,1.0,0.0,0.0,0,0.0,1056,51.5625,True,True,0,0,0,True,True,accepted
M9,M9_20mA_30C_0,frame_0064.png,0.7234556078910828,True,,True,0.7234556078910828,0.7234556078910828,False,False,True,0.0,1.0,0.0,0.0,29,0.01416015625,1055,51.513671875,True,True,2,0,29,True,True,accepted
M9,M9_20mA_30C_0,frame_0068.png,0.7666952610015869,True,,True,0.7666952610015869,0.7666952610015869,False,False,True,0.0,1.0,0.0,0.0,0,0.0,1056,51.5625,True,True,0,0,0,True,True,accepted
M9,M9_20mA_30C_0,frame_0073.png,0.7199803590774536,True,,True,0.7199803590774536,0.7199803590774536,False,False,True,0.0,1.0,0.0,0.0,1,0.00048828125,1055,51.513671875,True,True,1,0,1,True,True,accepted
M9,M9_20mA_30C_0,frame_0075.png,0.7396995425224304,True,,True,0.7396995425224304,0.7396995425224304,False,False,True,0.0,1.0,0.0,0.0,4,0.001953125,1056,51.5625,True,True,1,0,4,True,True,accepted
M9,M9_20mA_30C_0,frame_0079.png,0.7369046807289124,True,,True,0.7369046807289124,0.7369046807289124,False,False,True,0.0,1.0,0.0,0.0,0,0.0,1056,51.5625,True,True,0,0,0,True,True,accepted
M9,M9_20mA_30C_0,frame_0085.png,0.7705612778663635,True,,True,0.7705612778663635,0.7705612778663635,False,False,True,0.0,1.0,0.0,0.0,0,0.0,1056,51.5625,True,True,0,0,0,True,True,accepted
M9,M9_20mA_30C_0,frame_0092.png,0.7735416293144226,True,,True,0.7735416293144226,0.7735416293144226,False,False,True,0.0,1.0,0.0,0.0,2,0.0009765625,1056,51.5625,True,True,1,0,2,True,True,accepted
M9,M9_20mA_30C_0,frame_0096.png,0.7702676653862,True,,True,0.7702676653862,0.7702676653862,False,False,True,0.0,1.0,0.0,0.0,0,0.0,1056,51.5625,True,True,0,0,0,True,True,accepted
M9,M9_20mA_30C_0,frame_0100.png,0.7620056867599487,True,,True,0.7620056867599487,0.7620056867599487,False,False,True,0.0,1.0,0.0,0.0,0,0.0,1056,51.5625,True,True,0,0,0,True,True,accepted
M9,M9_20mA_30C_0,frame_0105.png,0.7658158540725708,True,,True,0.7658158540725708,0.7658158540725708,False,False,True,0.0,1.0,0.0,0.0,0,0.0,1056,51.5625,True,True,0,0,0,True,True,accepted
M9,M9_20mA_30C_0,frame_0112.png,0.7702204585075378,True,,True,0.7702204585075378,0.7702204585075378,False,False,True,0.0,1.0,0.0,0.0,0,0.0,1056,51.5625,True,True,0,0,0,True,True,accepted
M9,M9_20mA_30C_0,frame_0114.png,0.7757644057273865,True,,True,0.7757644057273865,0.7757644057273865,False,False,True,0.0,1.0,0.0,0.0,0,0.0,1056,51.5625,True,True,0,0,0,True,True,accepted
M9,M9_20mA_30C_0,frame_0122.png,0.775719940662384,True,,True,0.775719940662384,0.775719940662384,False,False,True,0.0,1.0,0.0,0.0,0,0.0,1056,51.5625,True,True,0,0,0,True,True,accepted
M9,M9_20mA_30C_0,frame_0123.png,0.7167419791221619,True,,True,0.7167419791221619,0.7167419791221619,False,False,True,0.0,1.0,0.0,0.0,0,0.0,1056,51.5625,True,True,0,0,0,True,True,accepted
M9,M9_20mA_30C_0,frame_0133.png,0.7778672575950623,True,,True,0.7778672575950623,0.7778672575950623,False,False,True,0.0,1.0,0.0,0.0,0,0.0,1056,51.5625,True,True,0,0,0,True,True,accepted
M9,M9_20mA_30C_0,frame_0138.png,0.7434030175209045,True,,True,0.7434030175209045,0.7434030175209045,False,False,True,0.0,1.0,0.0,0.0,0,0.0,1056,51.5625,True,True,0,0,0,True,True,accepted
M9,M9_20mA_30C_0,frame_0149.png,0.7627018094062805,True,,True,0.7627018094062805,0.7627018094062805,False,False,True,0.0,1.0,0.0,0.0,0,0.0,1056,51.5625,True,True,0,0,0,True,True,accepted
M9,M9_20mA_30C_0,frame_0152.png,0.7536441087722778,True,,True,0.7536441087722778,0.7536441087722778,False,False,True,0.0,1.0,0.0,0.0,9,0.00439453125,1059,51.708984375,True,True,1,0,9,True,True,accepted
M9,M9_20mA_30C_0,frame_0155.png,0.7367743849754333,True,,True,0.7367743849754333,0.7367743849754333,False,False,True,0.0,1.0,0.0,0.0,0,0.0,1056,51.5625,True,True,0,0,0,True,True,accepted
M9,M9_20mA_30C_0,frame_0157.png,0.780415952205658,True,,True,0.780415952205658,0.780415952205658,False,False,True,0.0,1.0,0.0,0.0,0,0.0,1056,51.5625,True,True,0,0,0,True,True,accepted
M9,M9_20mA_30C_0,frame_0168.png,0.7477583885192871,True,,True,0.7477583885192871,0.7477583885192871,False,False,True,0.0,1.0,0.0,0.0,0,0.0,1056,51.5625,True,True,0,0,0,True,True,accepted
M9,M9_20mA_30C_0,frame_0174.png,0.7649383544921875,True,,True,0.7649383544921875,0.7649383544921875,False,False,True,0.0,1.0,0.0,0.0,1,0.00048828125,1055,51.513671875,True,True,1,0,1,True,True,accepted
M9,M9_20mA_30C_0,frame_0175.png,0.7485381960868835,True,,True,0.7485381960868835,0.7485381960868835,False,False,True,0.0,1.0,0.0,0.0,0,0.0,1056,51.5625,True,True,0,0,0,True,True,accepted
M9,M9_20mA_30C_0,frame_0177.png,0.7671394348144531,True,,True,0.7671394348144531,0.7671394348144531,False,False,True,0.0,1.0,0.0,0.0,0,0.0,1056,51.5625,True,True,0,0,0,True,True,accepted
M9,M9_20mA_30C_0,frame_0179.png,0.7663233876228333,True,,True,0.7663233876228333,0.7663233876228333,False,False,True,0.0,1.0,0.0,0.0,0,0.0,1056,51.5625,True,True,0,0,0,True,True,accepted
M9,M9_20mA_30C_0,frame_0180.png,0.7721457481384277,True,,True,0.7721457481384277,0.7721457481384277,False,False,True,0.0,1.0,0.0,0.0,0,0.0,1056,51.5625,True,True,0,0,0,True,True,accepted
M9,M9_20mA_30C_0,frame_0182.png,0.7561094760894775,True,,True,0.7561094760894775,0.7561094760894775,False,False,True,0.0,1.0,0.0,0.0,0,0.0,1056,51.5625,True,True,0,0,0,True,True,accepted
M9,M9_20mA_30C_0,frame_0183.png,0.7590671181678772,True,,True,0.7590671181678772,0.7590671181678772,False,False,True,0.0,1.0,0.0,0.0,0,0.0,1056,51.5625,True,True,0,0,0,True,True,accepted
M9,M9_20mA_30C_0,frame_0185.png,0.7718814015388489,True,,True,0.7718814015388489,0.7718814015388489,False,False,True,0.0,1.0,0.0,0.0,0,0.0,1056,51.5625,True,True,0,0,0,True,True,accepted
M9,M9_20mA_30C_0,frame_0187.png,0.7793148159980774,True,,True,0.7793148159980774,0.7793148159980774,False,False,True,0.0,1.0,0.0,0.0,0,0.0,1056,51.5625,True,True,0,0,0,True,True,accepted
M9,M9_20mA_30C_0,frame_0188.png,0.7654091119766235,True,,True,0.7654091119766235,0.7654091119766235,False,False,True,0.0,1.0,0.0,0.0,0,0.0,1056,51.5625,True,True,0,0,0,True,True,accepted
M9,M9_20mA_30C_0,frame_0189.png,0.7791023254394531,True,,True,0.7791023254394531,0.7791023254394531,False,False,True,0.0,1.0,0.0,0.0,0,0.0,1056,51.5625,True,True,0,0,0,True,True,accepted
M9,M9_20mA_30C_0,frame_0190.png,0.7888167500495911,True,,True,0.7888167500495911,0.7888167500495911,False,False,True,0.0,1.0,0.0,0.0,0,0.0,1056,51.5625,True,True,0,0,0,True,True,accepted
M9,M9_20mA_30C_0,frame_0197.png,0.7269307971000671,True,,True,0.7269307971000671,0.7269307971000671,False,False,True,0.0,1.0,0.0,0.0,25,0.01220703125,1055,51.513671875,True,True,2,0,25,True,True,accepted
M9,M9_20mA_30C_0,frame_0200.png,0.7739954590797424,True,,True,0.7739954590797424,0.7739954590797424,False,False,True,0.0,1.0,0.0,0.0,0,0.0,1056,51.5625,True,True,0,0,0,True,True,accepted
M9,M9_20mA_40C_0,frame_0009.png,0.7669373154640198,True,,True,0.7669373154640198,0.7669373154640198,False,False,True,0.0,1.0,0.0,0.0,0,0.0,1056,51.5625,True,True,0,0,0,True,True,accepted
M9,M9_20mA_40C_0,frame_0010.png,0.7608879804611206,True,,True,0.7608879804611206,0.7608879804611206,False,False,True,0.0,1.0,0.0,0.0,0,0.0,1056,51.5625,True,True,0,0,0,True,True,accepted
M9,M9_20mA_40C_0,frame_0021.png,0.7584560513496399,True,,True,0.7584560513496399,0.7584560513496399,False,False,True,0.0,1.0,0.0,0.0,0,0.0,1056,51.5625,True,True,0,0,0,True,True,accepted
M9,M9_20mA_40C_0,frame_0022.png,0.6907098293304443,True,,True,0.6907098293304443,0.6907098293304443,False,False,True,0.0,1.0,0.0,0.0,25,0.01220703125,1055,51.513671875,True,True,1,0,25,True,True,accepted
M9,M9_20mA_40C_0,frame_0036.png,0.7498636245727539,True,,True,0.7498636245727539,0.7498636245727539,False,False,True,0.0,1.0,0.0,0.0,0,0.0,1056,51.5625,True,True,0,0,0,True,True,accepted
M9,M9_20mA_40C_0,frame_0037.png,0.7435608506202698,True,,True,0.7435608506202698,0.7435608506202698,False,False,True,0.0,1.0,0.0,0.0,2,0.0009765625,1054,51.46484375,True,True,1,0,2,True,True,accepted
M9,M9_20mA_40C_0,frame_0038.png,0.7663379907608032,True,,True,0.7663379907608032,0.7663379907608032,False,False,True,0.0,1.0,0.0,0.0,0,0.0,1056,51.5625,True,True,0,0,0,True,True,accepted
M9,M9_20mA_40C_0,frame_0050.png,0.7570582032203674,True,,True,0.7570582032203674,0.7570582032203674,False,False,True,0.0,1.0,0.0,0.0,0,0.0,1056,51.5625,True,True,0,0,0,True,True,accepted
M9,M9_20mA_40C_0,frame_0057.png,0.7215561866760254,True,,True,0.7215561866760254,0.7215561866760254,False,False,True,0.0,1.0,0.0,0.0,0,0.0,1056,51.5625,True,True,0,0,0,True,True,accepted
M9,M9_20mA_40C_0,frame_0058.png,0.7687210440635681,True,,True,0.7687210440635681,0.7687210440635681,False,False,True,0.0,1.0,0.0,0.0,0,0.0,1056,51.5625,True,True,0,0,0,True,True,accepted
M9,M9_20mA_40C_0,frame_0061.png,0.7636343836784363,True,,True,0.7636343836784363,0.7636343836784363,False,False,True,0.0,1.0,0.0,0.0,0,0.0,1056,51.5625,True,True,0,0,0,True,True,accepted
M9,M9_20mA_40C_0,frame_0070.png,0.7384947538375854,True,,True,0.7384947538375854,0.7384947538375854,False,False,True,0.0,1.0,0.0,0.0,1,0.00048828125,1055,51.513671875,True,True,1,0,1,True,True,accepted
M9,M9_20mA_40C_0,frame_0071.png,0.736365020275116,True,,True,0.736365020275116,0.736365020275116,False,False,True,0.0,1.0,0.0,0.0,5,0.00244140625,1053,51.416015625,True,True,1,0,5,True,True,accepted
M9,M9_20mA_40C_0,frame_0074.png,0.7470120191574097,True,,True,0.7470120191574097,0.7470120191574097,False,False,True,0.0,1.0,0.0,0.0,1,0.00048828125,1055,51.513671875,True,True,1,0,1,True,True,accepted
M9,M9_20mA_40C_0,frame_0079.png,0.7274351119995117,True,,True,0.7274351119995117,0.7274351119995117,False,False,True,0.0,1.0,0.0,0.0,2,0.0009765625,1056,51.5625,True,True,1,0,2,True,True,accepted
M9,M9_20mA_40C_0,frame_0083.png,0.7194139957427979,True,,True,0.7194139957427979,0.7194139957427979,False,False,True,0.0,1.0,0.0,0.0,0,0.0,1056,51.5625,True,True,0,0,0,True,True,accepted
M9,M9_20mA_40C_0,frame_0090.png,0.7618206739425659,True,,True,0.7618206739425659,0.7618206739425659,False,False,True,0.0,1.0,0.0,0.0,0,0.0,1056,51.5625,True,True,0,0,0,True,True,accepted
M9,M9_20mA_40C_0,frame_0091.png,0.7528197169303894,True,,True,0.7528197169303894,0.7528197169303894,False,False,True,0.0,1.0,0.0,0.0,0,0.0,1056,51.5625,True,True,0,0,0,True,True,accepted
M9,M9_20mA_40C_0,frame_0099.png,0.7622089385986328,True,,True,0.7622089385986328,0.7622089385986328,False,False,True,0.0,1.0,0.0,0.0,0,0.0,1056,51.5625,True,True,0,0,0,True,True,accepted
M9,M9_20mA_40C_0,frame_0102.png,0.7442916631698608,True,,True,0.7442916631698608,0.7442916631698608,False,False,True,0.0,1.0,0.0,0.0,0,0.0,1056,51.5625,True,True,0,0,0,True,True,accepted
M9,M9_20mA_40C_0,frame_0107.png,0.7300516963005066,True,,True,0.7300516963005066,0.7300516963005066,False,False,True,0.0,1.0,0.0,0.0,0,0.0,1056,51.5625,True,True,0,0,0,True,True,accepted
M9,M9_20mA_40C_0,frame_0109.png,0.7037871479988098,True,,True,0.7037871479988098,0.7037871479988098,False,False,True,0.0,1.0,0.0,0.0,1,0.00048828125,1057,51.611328125,True,True,1,0,1,True,True,accepted
M9,M9_20mA_40C_0,frame_0116.png,0.7710175514221191,True,,True,0.7710175514221191,0.7710175514221191,False,False,True,0.0,1.0,0.0,0.0,0,0.0,1056,51.5625,True,True,0,0,0,True,True,accepted
M9,M9_20mA_40C_0,frame_0121.png,0.7458661198616028,True,,True,0.7458661198616028,0.7458661198616028,False,False,True,0.0,1.0,0.0,0.0,0,0.0,1056,51.5625,True,True,0,0,0,True,True,accepted
M9,M9_20mA_40C_0,frame_0122.png,0.7715795040130615,True,,True,0.7715795040130615,0.7715795040130615,False,False,True,0.0,1.0,0.0,0.0,0,0.0,1056,51.5625,True,True,0,0,0,True,True,accepted
M9,M9_20mA_40C_0,frame_0124.png,0.712557315826416,True,,True,0.712557315826416,0.712557315826416,False,False,True,0.0,1.0,0.0,0.0,0,0.0,1056,51.5625,True,True,0,0,0,True,True,accepted
M9,M9_20mA_40C_0,frame_0127.png,0.7517129778862,True,,True,0.7517129778862,0.7517129778862,False,False,True,0.0,1.0,0.0,0.0,0,0.0,1056,51.5625,True,True,0,0,0,True,True,accepted
M9,M9_20mA_40C_0,frame_0130.png,0.7625081539154053,True,,True,0.7625081539154053,0.7625081539154053,False,False,True,0.0,1.0,0.0,0.0,1,0.00048828125,1055,51.513671875,True,True,1,0,1,True,True,accepted
M9,M9_20mA_40C_0,frame_0135.png,0.7221753597259521,True,,True,0.7221753597259521,0.7221753597259521,False,False,True,0.0,1.0,0.0,0.0,1,0.00048828125,1055,51.513671875,True,True,1,0,1,True,True,accepted
M9,M9_20mA_40C_0,frame_0139.png,0.7483325600624084,True,,True,0.7483325600624084,0.7483325600624084,False,False,True,0.0,1.0,0.0,0.0,0,0.0,1056,51.5625,True,True,0,0,0,True,True,accepted
M9,M9_20mA_40C_0,frame_0142.png,0.77139812707901,True,,True,0.77139812707901,0.77139812707901,False,False,True,0.0,1.0,0.0,0.0,0,0.0,1056,51.5625,True,True,0,0,0,True,True,accepted
M9,M9_20mA_40C_0,frame_0149.png,0.7387731075286865,True,,True,0.7387731075286865,0.7387731075286865,False,False,True,0.0,1.0,0.0,0.0,0,0.0,1056,51.5625,True,True,0,0,0,True,True,accepted
M9,M9_20mA_40C_0,frame_0152.png,0.7486223578453064,True,,True,0.7486223578453064,0.7486223578453064,False,False,True,0.0,1.0,0.0,0.0,2,0.0009765625,1054,51.46484375,True,True,1,0,2,True,True,accepted
M9,M9_20mA_40C_0,frame_0155.png,0.7635184526443481,True,,True,0.7635184526443481,0.7635184526443481,False,False,True,0.0,1.0,0.0,0.0,0,0.0,1056,51.5625,True,True,0,0,0,True,True,accepted
M9,M9_20mA_40C_0,frame_0159.png,0.7634677886962891,True,,True,0.7634677886962891,0.7634677886962891,False,False,True,0.0,1.0,0.0,0.0,0,0.0,1056,51.5625,True,True,0,0,0,True,True,accepted
M9,M9_20mA_40C_0,frame_0164.png,0.7611660957336426,True,,True,0.7611660957336426,0.7611660957336426,False,False,True,0.0,1.0,0.0,0.0,0,0.0,1056,51.5625,True,True,0,0,0,True,True,accepted
M9,M9_20mA_40C_0,frame_0170.png,0.736779510974884,True,,True,0.736779510974884,0.736779510974884,False,False,True,0.0,1.0,0.0,0.0,0,0.0,1056,51.5625,True,True,0,0,0,True,True,accepted
M9,M9_20mA_40C_0,frame_0171.png,0.7306232452392578,True,,True,0.7306232452392578,0.7306232452392578,False,False,True,0.0,1.0,0.0,0.0,7,0.00341796875,1053,51.416015625,True,True,1,0,7,True,True,accepted
M9,M9_20mA_40C_0,frame_0179.png,0.7064330577850342,True,,True,0.7064330577850342,0.7064330577850342,False,False,True,0.0,1.0,0.0,0.0,0,0.0,1056,51.5625,True,True,0,0,0,True,True,accepted
M9,M9_20mA_40C_0,frame_0182.png,0.7176382541656494,True,,True,0.7176382541656494,0.7176382541656494,False,False,True,0.0,1.0,0.0,0.0,19,0.00927734375,1059,51.708984375,True,True,1,0,19,True,True,accepted
M9,M9_20mA_40C_0,frame_0184.png,0.7461094856262207,True,,True,0.7461094856262207,0.7461094856262207,False,False,True,0.0,1.0,0.0,0.0,0,0.0,1056,51.5625,True,True,0,0,0,True,True,accepted
M9,M9_20mA_40C_0,frame_0192.png,0.7607706785202026,True,,True,0.7607706785202026,0.7607706785202026,False,False,True,0.0,1.0,0.0,0.0,0,0.0,1056,51.5625,True,True,0,0,0,True,True,accepted
M9,M9_20mA_40C_0,frame_0194.png,0.7519033551216125,True,,True,0.7519033551216125,0.7519033551216125,False,False,True,0.0,1.0,0.0,0.0,0,0.0,1056,51.5625,True,True,0,0,0,True,True,accepted
M9,M9_20mA_40C_0,frame_0197.png,0.7426316142082214,True,,True,0.7426316142082214,0.7426316142082214,False,False,True,0.0,1.0,0.0,0.0,0,0.0,1056,51.5625,True,True,0,0,0,True,True,accepted
M9,M9_20mA_40C_0,frame_0198.png,0.7106004953384399,True,,True,0.7106004953384399,0.7106004953384399,False,False,True,0.0,1.0,0.0,0.0,0,0.0,1056,51.5625,True,True,0,0,0,True,True,accepted
M9,M9_30mA_20C_0,frame_0026.png,0.8134704828262329,True,,True,0.8134704828262329,0.8134704828262329,False,False,True,0.0,1.0,0.0,0.0,0,0.0,1056,51.5625,True,True,0,0,0,True,True,accepted
M9,M9_30mA_20C_0,frame_0029.png,0.8115084171295166,True,,True,0.8115084171295166,0.8115084171295166,False,False,True,0.0,1.0,0.0,0.0,0,0.0,1056,51.5625,True,True,0,0,0,True,True,accepted
M9,M9_30mA_20C_0,frame_0030.png,0.765036940574646,True,,True,0.765036940574646,0.765036940574646,False,False,True,0.0,1.0,0.0,0.0,3,0.00146484375,1055,51.513671875,True,True,1,0,3,True,True,accepted
M9,M9_30mA_20C_0,frame_0032.png,0.814174234867096,True,,True,0.814174234867096,0.814174234867096,False,False,True,0.0,1.0,0.0,0.0,0,0.0,1056,51.5625,True,True,0,0,0,True,True,accepted
M9,M9_30mA_20C_0,frame_0034.png,0.8025131821632385,True,,True,0.8025131821632385,0.8025131821632385,False,False,True,0.0,1.0,0.0,0.0,0,0.0,1056,51.5625,True,True,0,0,0,True,True,accepted
M9,M9_30mA_20C_0,frame_0035.png,0.802288293838501,True,,True,0.802288293838501,0.802288293838501,False,False,True,0.0,1.0,0.0,0.0,0,0.0,1056,51.5625,True,True,0,0,0,True,True,accepted
M9,M9_30mA_20C_0,frame_0039.png,0.759267270565033,True,,True,0.759267270565033,0.759267270565033,False,False,True,0.0,1.0,0.0,0.0,0,0.0,1056,51.5625,True,True,0,0,0,True,True,accepted
M9,M9_30mA_20C_0,frame_0041.png,0.8085424304008484,True,,True,0.8085424304008484,0.8085424304008484,False,False,True,0.0,1.0,0.0,0.0,0,0.0,1056,51.5625,True,True,0,0,0,True,True,accepted
M9,M9_30mA_20C_0,frame_0046.png,0.7434214949607849,True,,True,0.7434214949607849,0.7434214949607849,False,False,True,0.0,1.0,0.0,0.0,6,0.0029296875,1056,51.5625,True,True,1,0,6,True,True,accepted
M9,M9_30mA_20C_0,frame_0048.png,0.8120859861373901,True,,True,0.8120859861373901,0.8120859861373901,False,False,True,0.0,1.0,0.0,0.0,0,0.0,1056,51.5625,True,True,0,0,0,True,True,accepted
M9,M9_30mA_20C_0,frame_0058.png,0.8101441860198975,True,,True,0.8101441860198975,0.8101441860198975,False,False,True,0.0,1.0,0.0,0.0,0,0.0,1056,51.5625,True,True,0,0,0,True,True,accepted
M9,M9_30mA_20C_0,frame_0063.png,0.792977511882782,True,,True,0.792977511882782,0.792977511882782,False,False,True,0.0,1.0,0.0,0.0,0,0.0,1056,51.5625,True,True,0,0,0,True,True,accepted
M9,M9_30mA_20C_0,frame_0064.png,0.8164438009262085,True,,True,0.8164438009262085,0.8164438009262085,False,False,True,0.0,1.0,0.0,0.0,0,0.0,1056,51.5625,True,True,0,0,0,True,True,accepted
M9,M9_30mA_20C_0,frame_0081.png,0.7933496236801147,True,,True,0.7933496236801147,0.7933496236801147,False,False,True,0.0,1.0,0.0,0.0,0,0.0,1056,51.5625,True,True,0,0,0,True,True,accepted
M9,M9_30mA_20C_0,frame_0083.png,0.7657799124717712,True,,True,0.7657799124717712,0.7657799124717712,False,False,True,0.0,1.0,0.0,0.0,0,0.0,1056,51.5625,True,True,0,0,0,True,True,accepted
M9,M9_30mA_20C_0,frame_0084.png,0.7594688534736633,True,,True,0.7594688534736633,0.7594688534736633,False,False,True,0.0,1.0,0.0,0.0,0,0.0,1056,51.5625,True,True,0,0,0,True,True,accepted
M9,M9_30mA_20C_0,frame_0090.png,0.8051910996437073,True,,True,0.8051910996437073,0.8051910996437073,False,False,True,0.0,1.0,0.0,0.0,0,0.0,1056,51.5625,True,True,0,0,0,True,True,accepted
M9,M9_30mA_20C_0,frame_0091.png,0.8155757188796997,True,,True,0.8155757188796997,0.8155757188796997,False,False,True,0.0,1.0,0.0,0.0,0,0.0,1056,51.5625,True,True,0,0,0,True,True,accepted
M9,M9_30mA_20C_0,frame_0096.png,0.750568687915802,True,,True,0.750568687915802,0.750568687915802,False,False,True,0.0,1.0,0.0,0.0,1,0.00048828125,1055,51.513671875,True,True,1,0,1,True,True,accepted
M9,M9_30mA_20C_0,frame_0101.png,0.809067964553833,True,,True,0.809067964553833,0.809067964553833,False,False,True,0.0,1.0,0.0,0.0,0,0.0,1056,51.5625,True,True,0,0,0,True,True,accepted
M9,M9_30mA_20C_0,frame_0105.png,0.7937436699867249,True,,True,0.7937436699867249,0.7937436699867249,False,False,True,0.0,1.0,0.0,0.0,0,0.0,1056,51.5625,True,True,0,0,0,True,True,accepted
M9,M9_30mA_20C_0,frame_0109.png,0.7902658581733704,True,,True,0.7902658581733704,0.7902658581733704,False,False,True,0.0,1.0,0.0,0.0,0,0.0,1056,51.5625,True,True,0,0,0,True,True,accepted
M9,M9_30mA_20C_0,frame_0110.png,0.7533593773841858,True,,True,0.7533593773841858,0.7533593773841858,False,False,True,0.0,1.0,0.0,0.0,0,0.0,1056,51.5625,True,True,0,0,0,True,True,accepted
M9,M9_30mA_20C_0,frame_0111.png,0.7907187342643738,True,,True,0.7907187342643738,0.7907187342643738,False,False,True,0.0,1.0,0.0,0.0,2,0.0009765625,1056,51.5625,True,True,1,0,2,True,True,accepted
M9,M9_30mA_20C_0,frame_0115.png,0.7877836227416992,True,,True,0.7877836227416992,0.7877836227416992,False,False,True,0.0,1.0,0.0,0.0,1,0.00048828125,1055,51.513671875,True,True,1,0,1,True,True,accepted
M9,M9_30mA_20C_0,frame_0117.png,0.8040962219238281,True,,True,0.8040962219238281,0.8040962219238281,False,False,True,0.0,1.0,0.0,0.0,0,0.0,1056,51.5625,True,True,0,0,0,True,True,accepted
M9,M9_30mA_20C_0,frame_0119.png,0.811863362789154,True,,True,0.811863362789154,0.811863362789154,False,False,True,0.0,1.0,0.0,0.0,1,0.00048828125,1057,51.611328125,True,True,1,0,1,True,True,accepted
M9,M9_30mA_20C_0,frame_0123.png,0.8059518337249756,True,,True,0.8059518337249756,0.8059518337249756,False,False,True,0.0,1.0,0.0,0.0,0,0.0,1056,51.5625,True,True,0,0,0,True,True,accepted
M9,M9_30mA_20C_0,frame_0128.png,0.7991672158241272,True,,True,0.7991672158241272,0.7991672158241272,False,False,True,0.0,1.0,0.0,0.0,0,0.0,1056,51.5625,True,True,0,0,0,True,True,accepted
M9,M9_30mA_20C_0,frame_0131.png,0.7856184840202332,True,,True,0.7856184840202332,0.7856184840202332,False,False,True,0.0,1.0,0.0,0.0,0,0.0,1056,51.5625,True,True,0,0,0,True,True,accepted
M9,M9_30mA_20C_0,frame_0138.png,0.7797673940658569,True,,True,0.7797673940658569,0.7797673940658569,False,False,True,0.0,1.0,0.0,0.0,0,0.0,1056,51.5625,True,True,0,0,0,True,True,accepted
M9,M9_30mA_20C_0,frame_0147.png,0.7928708791732788,True,,True,0.7928708791732788,0.7928708791732788,False,False,True,0.0,1.0,0.0,0.0,0,0.0,1056,51.5625,True,True,0,0,0,True,True,accepted
M9,M9_30mA_20C_0,frame_0158.png,0.8017202615737915,True,,True,0.8017202615737915,0.8017202615737915,False,False,True,0.0,1.0,0.0,0.0,0,0.0,1056,51.5625,True,True,0,0,0,True,True,accepted
M9,M9_30mA_20C_0,frame_0159.png,0.7991453409194946,True,,True,0.7991453409194946,0.7991453409194946,False,False,True,0.0,1.0,0.0,0.0,0,0.0,1056,51.5625,True,True,0,0,0,True,True,accepted
M9,M9_30mA_20C_0,frame_0166.png,0.7642340660095215,True,,True,0.7642340660095215,0.7642340660095215,False,False,True,0.0,1.0,0.0,0.0,0,0.0,1056,51.5625,True,True,0,0,0,True,True,accepted
M9,M9_30mA_20C_0,frame_0169.png,0.763716459274292,True,,True,0.763716459274292,0.763716459274292,False,False,True,0.0,1.0,0.0,0.0,0,0.0,1056,51.5625,True,True,0,0,0,True,True,accepted
M9,M9_30mA_20C_0,frame_0172.png,0.7879684567451477,True,,True,0.7879684567451477,0.7879684567451477,False,False,True,0.0,1.0,0.0,0.0,0,0.0,1056,51.5625,True,True,0,0,0,True,True,accepted
M9,M9_30mA_20C_0,frame_0176.png,0.7851911187171936,True,,True,0.7851911187171936,0.7851911187171936,False,False,True,0.0,1.0,0.0,0.0,3,0.00146484375,1057,51.611328125,True,True,1,0,3,True,True,accepted
M9,M9_30mA_20C_0,frame_0181.png,0.7658887505531311,True,,True,0.7658887505531311,0.7658887505531311,False,False,True,0.0,1.0,0.0,0.0,1,0.00048828125,1055,51.513671875,True,True,1,0,1,True,True,accepted
M9,M9_30mA_20C_0,frame_0183.png,0.7913668751716614,True,,True,0.7913668751716614,0.7913668751716614,False,False,True,0.0,1.0,0.0,0.0,0,0.0,1056,51.5625,True,True,0,0,0,True,True,accepted
M9,M9_30mA_20C_0,frame_0188.png,0.814083993434906,True,,True,0.814083993434906,0.814083993434906,False,False,True,0.0,1.0,0.0,0.0,0,0.0,1056,51.5625,True,True,0,0,0,True,True,accepted
M9,M9_30mA_20C_0,frame_0191.png,0.7889878153800964,True,,True,0.7889878153800964,0.7889878153800964,False,False,True,0.0,1.0,0.0,0.0,0,0.0,1056,51.5625,True,True,0,0,0,True,True,accepted
M9,M9_30mA_20C_0,frame_0192.png,0.8033910989761353,True,,True,0.8033910989761353,0.8033910989761353,False,False,True,0.0,1.0,0.0,0.0,0,0.0,1056,51.5625,True,True,0,0,0,True,True,accepted
M9,M9_30mA_20C_0,frame_0198.png,0.759106457233429,True,,True,0.759106457233429,0.759106457233429,False,False,True,0.0,1.0,0.0,0.0,2,0.0009765625,1056,51.5625,True,True,1,0,2,True,True,accepted
M9,M9_30mA_20C_0,frame_0199.png,0.7951557040214539,True,,True,0.7951557040214539,0.7951557040214539,False,False,True,0.0,1.0,0.0,0.0,0,0.0,1056,51.5625,True,True,0,0,0,True,True,accepted
M9,M9_30mA_30C_0,frame_0016.png,0.7903026342391968,True,,True,0.7903026342391968,0.7903026342391968,False,False,True,0.0,1.0,0.0,0.0,0,0.0,1056,51.5625,True,True,0,0,0,True,True,accepted
M9,M9_30mA_30C_0,frame_0017.png,0.7717828750610352,True,,True,0.7717828750610352,0.7717828750610352,False,False,True,0.0,1.0,0.0,0.0,0,0.0,1056,51.5625,True,True,0,0,0,True,True,accepted
M9,M9_30mA_30C_0,frame_0021.png,0.7775899767875671,True,,True,0.7775899767875671,0.7775899767875671,False,False,True,0.0,1.0,0.0,0.0,0,0.0,1056,51.5625,True,True,0,0,0,True,True,accepted
M9,M9_30mA_30C_0,frame_0023.png,0.7698632478713989,True,,True,0.7698632478713989,0.7698632478713989,False,False,True,0.0,1.0,0.0,0.0,0,0.0,1056,51.5625,True,True,0,0,0,True,True,accepted
M9,M9_30mA_30C_0,frame_0029.png,0.7592449188232422,True,,True,0.7592449188232422,0.7592449188232422,False,False,True,0.0,1.0,0.0,0.0,2,0.0009765625,1054,51.46484375,True,True,1,0,2,True,True,accepted
M9,M9_30mA_30C_0,frame_0031.png,0.7771629691123962,True,,True,0.7771629691123962,0.7771629691123962,False,False,True,0.0,1.0,0.0,0.0,0,0.0,1056,51.5625,True,True,0,0,0,True,True,accepted
M9,M9_30mA_30C_0,frame_0034.png,0.7608456611633301,True,,True,0.7608456611633301,0.7608456611633301,False,False,True,0.0,1.0,0.0,0.0,0,0.0,1056,51.5625,True,True,0,0,0,True,True,accepted
M9,M9_30mA_30C_0,frame_0035.png,0.7274049520492554,True,,True,0.7274049520492554,0.7274049520492554,False,False,True,0.0,1.0,0.0,0.0,4,0.001953125,1054,51.46484375,True,True,1,0,4,True,True,accepted
M9,M9_30mA_30C_0,frame_0036.png,0.7941634654998779,True,,True,0.7941634654998779,0.7941634654998779,False,False,True,0.0,1.0,0.0,0.0,0,0.0,1056,51.5625,True,True,0,0,0,True,True,accepted
M9,M9_30mA_30C_0,frame_0037.png,0.7693584561347961,True,,True,0.7693584561347961,0.7693584561347961,False,False,True,0.0,1.0,0.0,0.0,0,0.0,1056,51.5625,True,True,0,0,0,True,True,accepted
M9,M9_30mA_30C_0,frame_0040.png,0.7685529589653015,True,,True,0.7685529589653015,0.7685529589653015,False,False,True,0.0,1.0,0.0,0.0,1,0.00048828125,1055,51.513671875,True,True,1,0,1,True,True,accepted
M9,M9_30mA_30C_0,frame_0048.png,0.7818806171417236,True,,True,0.7818806171417236,0.7818806171417236,False,False,True,0.0,1.0,0.0,0.0,0,0.0,1056,51.5625,True,True,0,0,0,True,True,accepted
M9,M9_30mA_30C_0,frame_0049.png,0.799485981464386,True,,True,0.799485981464386,0.799485981464386,False,False,True,0.0,1.0,0.0,0.0,0,0.0,1056,51.5625,True,True,0,0,0,True,True,accepted
M9,M9_30mA_30C_0,frame_0056.png,0.7687979340553284,True,,True,0.7687979340553284,0.7687979340553284,False,False,True,0.0,1.0,0.0,0.0,9,0.00439453125,1055,51.513671875,True,True,1,0,9,True,True,accepted
M9,M9_30mA_30C_0,frame_0065.png,0.7854145169258118,True,,True,0.7854145169258118,0.7854145169258118,False,False,True,0.0,1.0,0.0,0.0,0,0.0,1056,51.5625,True,True,0,0,0,True,True,accepted
M9,M9_30mA_30C_0,frame_0068.png,0.7822127342224121,True,,True,0.7822127342224121,0.7822127342224121,False,False,True,0.0,1.0,0.0,0.0,0,0.0,1056,51.5625,True,True,0,0,0,True,True,accepted
M9,M9_30mA_30C_0,frame_0077.png,0.7571318745613098,True,,True,0.7571318745613098,0.7571318745613098,False,False,True,0.0,1.0,0.0,0.0,3,0.00146484375,1053,51.416015625,True,True,1,0,3,True,True,accepted
M9,M9_30mA_30C_0,frame_0079.png,0.7812548279762268,True,,True,0.7812548279762268,0.7812548279762268,False,False,True,0.0,1.0,0.0,0.0,0,0.0,1056,51.5625,True,True,0,0,0,True,True,accepted
M9,M9_30mA_30C_0,frame_0088.png,0.7580427527427673,True,,True,0.7580427527427673,0.7580427527427673,False,False,True,0.0,1.0,0.0,0.0,3,0.00146484375,1055,51.513671875,True,True,1,0,3,True,True,accepted
M9,M9_30mA_30C_0,frame_0092.png,0.7681732773780823,True,,True,0.7681732773780823,0.7681732773780823,False,False,True,0.0,1.0,0.0,0.0,1,0.00048828125,1055,51.513671875,True,True,1,0,1,True,True,accepted
M9,M9_30mA_30C_0,frame_0097.png,0.7530747056007385,True,,True,0.7530747056007385,0.7530747056007385,False,False,True,0.0,1.0,0.0,0.0,1,0.00048828125,1055,51.513671875,True,True,1,0,1,True,True,accepted
M9,M9_30mA_30C_0,frame_0101.png,0.7692083120346069,True,,True,0.7692083120346069,0.7692083120346069,False,False,True,0.0,1.0,0.0,0.0,1,0.00048828125,1055,51.513671875,True,True,1,0,1,True,True,accepted
M9,M9_30mA_30C_0,frame_0102.png,0.7686364054679871,True,,True,0.7686364054679871,0.7686364054679871,False,False,True,0.0,1.0,0.0,0.0,0,0.0,1056,51.5625,True,True,0,0,0,True,True,accepted
M9,M9_30mA_30C_0,frame_0106.png,0.7986481189727783,True,,True,0.7986481189727783,0.7986481189727783,False,False,True,0.0,1.0,0.0,0.0,0,0.0,1056,51.5625,True,True,0,0,0,True,True,accepted
M9,M9_30mA_30C_0,frame_0108.png,0.7873842120170593,True,,True,0.7873842120170593,0.7873842120170593,False,False,True,0.0,1.0,0.0,0.0,2,0.0009765625,1054,51.46484375,True,True,1,0,2,True,True,accepted
M9,M9_30mA_30C_0,frame_0109.png,0.7720662355422974,True,,True,0.7720662355422974,0.7720662355422974,False,False,True,0.0,1.0,0.0,0.0,0,0.0,1056,51.5625,True,True,0,0,0,True,True,accepted
M9,M9_30mA_30C_0,frame_0117.png,0.7763005495071411,True,,True,0.7763005495071411,0.7763005495071411,False,False,True,0.0,1.0,0.0,0.0,0,0.0,1056,51.5625,True,True,0,0,0,True,True,accepted
M9,M9_30mA_30C_0,frame_0119.png,0.750386118888855,True,,True,0.750386118888855,0.750386118888855,False,False,True,0.0,1.0,0.0,0.0,1,0.00048828125,1055,51.513671875,True,True,1,0,1,True,True,accepted
M9,M9_30mA_30C_0,frame_0120.png,0.7748308181762695,True,,True,0.7748308181762695,0.7748308181762695,False,False,True,0.0,1.0,0.0,0.0,0,0.0,1056,51.5625,True,True,0,0,0,True,True,accepted
M9,M9_30mA_30C_0,frame_0121.png,0.7080601453781128,True,,True,0.7080601453781128,0.7080601453781128,False,False,True,0.0,1.0,0.0,0.0,3,0.00146484375,1055,51.513671875,True,True,1,0,3,True,True,accepted
M9,M9_30mA_30C_0,frame_0130.png,0.7681007385253906,True,,True,0.7681007385253906,0.7681007385253906,False,False,True,0.0,1.0,0.0,0.0,1,0.00048828125,1055,51.513671875,True,True,1,0,1,True,True,accepted
M9,M9_30mA_30C_0,frame_0139.png,0.7421303987503052,True,,True,0.7421303987503052,0.7421303987503052,False,False,True,0.0,1.0,0.0,0.0,0,0.0,1056,51.5625,True,True,0,0,0,True,True,accepted
M9,M9_30mA_30C_0,frame_0146.png,0.7564300894737244,True,,True,0.7564300894737244,0.7564300894737244,False,False,True,0.0,1.0,0.0,0.0,0,0.0,1056,51.5625,True,True,0,0,0,True,True,accepted
M9,M9_30mA_30C_0,frame_0166.png,0.7660186886787415,True,,True,0.7660186886787415,0.7660186886787415,False,False,True,0.0,1.0,0.0,0.0,0,0.0,1056,51.5625,True,True,0,0,0,True,True,accepted
M9,M9_30mA_30C_0,frame_0171.png,0.7491827607154846,True,,True,0.7491827607154846,0.7491827607154846,False,False,True,0.0,1.0,0.0,0.0,0,0.0,1056,51.5625,True,True,0,0,0,True,True,accepted
M9,M9_30mA_30C_0,frame_0175.png,0.8068022727966309,True,,True,0.8068022727966309,0.8068022727966309,False,False,True,0.0,1.0,0.0,0.0,0,0.0,1056,51.5625,True,True,0,0,0,True,True,accepted
M9,M9_30mA_30C_0,frame_0179.png,0.7611478567123413,True,,True,0.7611478567123413,0.7611478567123413,False,False,True,0.0,1.0,0.0,0.0,0,0.0,1056,51.5625,True,True,0,0,0,True,True,accepted
M9,M9_30mA_30C_0,frame_0181.png,0.768338680267334,True,,True,0.768338680267334,0.768338680267334,False,False,True,0.0,1.0,0.0,0.0,2,0.0009765625,1054,51.46484375,True,True,1,0,2,True,True,accepted
M9,M9_30mA_30C_0,frame_0182.png,0.7597328424453735,True,,True,0.7597328424453735,0.7597328424453735,False,False,True,0.0,1.0,0.0,0.0,5,0.00244140625,1055,51.513671875,True,True,1,0,5,True,True,accepted
M9,M9_30mA_30C_0,frame_0186.png,0.7746667265892029,True,,True,0.7746667265892029,0.7746667265892029,False,False,True,0.0,1.0,0.0,0.0,0,0.0,1056,51.5625,True,True,0,0,0,True,True,accepted
M9,M9_30mA_30C_0,frame_0187.png,0.7604339122772217,True,,True,0.7604339122772217,0.7604339122772217,False,False,True,0.0,1.0,0.0,0.0,3,0.00146484375,1055,51.513671875,True,True,1,0,3,True,True,accepted
M9,M9_30mA_30C_0,frame_0192.png,0.7253483533859253,True,,True,0.7253483533859253,0.7253483533859253,False,False,True,0.0,1.0,0.0,0.0,1,0.00048828125,1057,51.611328125,True,True,1,0,1,True,True,accepted
M9,M9_30mA_30C_0,frame_0197.png,0.765744149684906,True,,True,0.765744149684906,0.765744149684906,False,False,True,0.0,1.0,0.0,0.0,1,0.00048828125,1055,51.513671875,True,True,1,0,1,True,True,accepted
M9,M9_30mA_30C_0,frame_0199.png,0.7438214421272278,True,,True,0.7438214421272278,0.7438214421272278,False,False,True,0.0,1.0,0.0,0.0,0,0.0,1056,51.5625,True,True,0,0,0,True,True,accepted
M9,M9_30mA_30C_0,frame_0200.png,0.7697433233261108,True,,True,0.7697433233261108,0.7697433233261108,False,False,True,0.0,1.0,0.0,0.0,0,0.0,1056,51.5625,True,True,0,0,0,True,True,accepted
M9,M9_30mA_40C_0,frame_0011.png,0.7981495261192322,True,,True,0.7981495261192322,0.7981495261192322,False,False,True,0.0,1.0,0.0,0.0,0,0.0,1056,51.5625,True,True,0,0,0,True,True,accepted
M9,M9_30mA_40C_0,frame_0012.png,0.7764822840690613,True,,True,0.7764822840690613,0.7764822840690613,False,False,True,0.0,1.0,0.0,0.0,0,0.0,1056,51.5625,True,True,0,0,0,True,True,accepted
M9,M9_30mA_40C_0,frame_0014.png,0.74420565366745,True,,True,0.74420565366745,0.74420565366745,False,False,True,0.0,1.0,0.0,0.0,1,0.00048828125,1055,51.513671875,True,True,1,0,1,True,True,accepted
M9,M9_30mA_40C_0,frame_0017.png,0.7909973859786987,True,,True,0.7909973859786987,0.7909973859786987,False,False,True,0.0,1.0,0.0,0.0,0,0.0,1056,51.5625,True,True,0,0,0,True,True,accepted
M9,M9_30mA_40C_0,frame_0020.png,0.728027880191803,True,,True,0.728027880191803,0.728027880191803,False,False,True,0.0,1.0,0.0,0.0,0,0.0,1056,51.5625,True,True,0,0,0,True,True,accepted
M9,M9_30mA_40C_0,frame_0021.png,0.7549277544021606,True,,True,0.7549277544021606,0.7549277544021606,False,False,True,0.0,1.0,0.0,0.0,0,0.0,1056,51.5625,True,True,0,0,0,True,True,accepted
M9,M9_30mA_40C_0,frame_0029.png,0.7791648507118225,True,,True,0.7791648507118225,0.7791648507118225,False,False,True,0.0,1.0,0.0,0.0,0,0.0,1056,51.5625,True,True,0,0,0,True,True,accepted
M9,M9_30mA_40C_0,frame_0032.png,0.743218183517456,True,,True,0.743218183517456,0.743218183517456,False,False,True,0.0,1.0,0.0,0.0,0,0.0,1056,51.5625,True,True,0,0,0,True,True,accepted
M9,M9_30mA_40C_0,frame_0041.png,0.7481838464736938,True,,True,0.7481838464736938,0.7481838464736938,False,False,True,0.0,1.0,0.0,0.0,0,0.0,1056,51.5625,True,True,0,0,0,True,True,accepted
M9,M9_30mA_40C_0,frame_0046.png,0.7396591305732727,True,,True,0.7396591305732727,0.7396591305732727,False,False,True,0.0,1.0,0.0,0.0,18,0.0087890625,1056,51.5625,True,True,1,0,18,True,True,accepted
M9,M9_30mA_40C_0,frame_0051.png,0.7510594129562378,True,,True,0.7510594129562378,0.7510594129562378,False,False,True,0.0,1.0,0.0,0.0,0,0.0,1056,51.5625,True,True,0,0,0,True,True,accepted
M9,M9_30mA_40C_0,frame_0052.png,0.7696646451950073,True,,True,0.7696646451950073,0.7696646451950073,False,False,True,0.0,1.0,0.0,0.0,0,0.0,1056,51.5625,True,True,0,0,0,True,True,accepted
M9,M9_30mA_40C_0,frame_0053.png,0.7933387756347656,True,,True,0.7933387756347656,0.7933387756347656,False,False,True,0.0,1.0,0.0,0.0,0,0.0,1056,51.5625,True,True,0,0,0,True,True,accepted
M9,M9_30mA_40C_0,frame_0054.png,0.7794509530067444,True,,True,0.7794509530067444,0.7794509530067444,False,False,True,0.0,1.0,0.0,0.0,0,0.0,1056,51.5625,True,True,0,0,0,True,True,accepted
M9,M9_30mA_40C_0,frame_0055.png,0.7443627119064331,True,,True,0.7443627119064331,0.7443627119064331,False,False,True,0.0,1.0,0.0,0.0,0,0.0,1056,51.5625,True,True,0,0,0,True,True,accepted
M9,M9_30mA_40C_0,frame_0057.png,0.7837421894073486,True,,True,0.7837421894073486,0.7837421894073486,False,False,True,0.0,1.0,0.0,0.0,0,0.0,1056,51.5625,True,True,0,0,0,True,True,accepted
M9,M9_30mA_40C_0,frame_0058.png,0.7233331203460693,True,,True,0.7233331203460693,0.7233331203460693,False,False,True,0.0,1.0,0.0,0.0,1,0.00048828125,1055,51.513671875,True,True,1,0,1,True,True,accepted
M9,M9_30mA_40C_0,frame_0060.png,0.7079242467880249,True,,True,0.7079242467880249,0.7079242467880249,False,False,True,0.0,1.0,0.0,0.0,3,0.00146484375,1053,51.416015625,True,True,1,0,3,True,True,accepted
M9,M9_30mA_40C_0,frame_0069.png,0.7752529978752136,True,,True,0.7752529978752136,0.7752529978752136,False,False,True,0.0,1.0,0.0,0.0,1,0.00048828125,1055,51.513671875,True,True,1,0,1,True,True,accepted
M9,M9_30mA_40C_0,frame_0071.png,0.752744197845459,True,,True,0.752744197845459,0.752744197845459,False,False,True,0.0,1.0,0.0,0.0,3,0.00146484375,1055,51.513671875,True,True,1,0,3,True,True,accepted
M9,M9_30mA_40C_0,frame_0073.png,0.7191630005836487,True,,True,0.7191630005836487,0.7191630005836487,False,False,True,0.0,1.0,0.0,0.0,6,0.0029296875,1056,51.5625,True,True,1,0,6,True,True,accepted
M9,M9_30mA_40C_0,frame_0077.png,0.7732287049293518,True,,True,0.7732287049293518,0.7732287049293518,False,False,True,0.0,1.0,0.0,0.0,0,0.0,1056,51.5625,True,True,0,0,0,True,True,accepted
M9,M9_30mA_40C_0,frame_0083.png,0.7631472945213318,True,,True,0.7631472945213318,0.7631472945213318,False,False,True,0.0,1.0,0.0,0.0,0,0.0,1056,51.5625,True,True,0,0,0,True,True,accepted
M9,M9_30mA_40C_0,frame_0084.png,0.7767472267150879,True,,True,0.7767472267150879,0.7767472267150879,False,False,True,0.0,1.0,0.0,0.0,0,0.0,1056,51.5625,True,True,0,0,0,True,True,accepted
M9,M9_30mA_40C_0,frame_0088.png,0.779818594455719,True,,True,0.779818594455719,0.779818594455719,False,False,True,0.0,1.0,0.0,0.0,0,0.0,1056,51.5625,True,True,0,0,0,True,True,accepted
M9,M9_30mA_40C_0,frame_0089.png,0.793502151966095,True,,True,0.793502151966095,0.793502151966095,False,False,True,0.0,1.0,0.0,0.0,0,0.0,1056,51.5625,True,True,0,0,0,True,True,accepted
M9,M9_30mA_40C_0,frame_0092.png,0.7791144251823425,True,,True,0.7791144251823425,0.7791144251823425,False,False,True,0.0,1.0,0.0,0.0,0,0.0,1056,51.5625,True,True,0,0,0,True,True,accepted
M9,M9_30mA_40C_0,frame_0096.png,0.7761344909667969,True,,True,0.7761344909667969,0.7761344909667969,False,False,True,0.0,1.0,0.0,0.0,0,0.0,1056,51.5625,True,True,0,0,0,True,True,accepted
M9,M9_30mA_40C_0,frame_0098.png,0.7417618036270142,True,,True,0.7417618036270142,0.7417618036270142,False,False,True,0.0,1.0,0.0,0.0,0,0.0,1056,51.5625,True,True,0,0,0,True,True,accepted
M9,M9_30mA_40C_0,frame_0099.png,0.7343416810035706,True,,True,0.7343416810035706,0.7343416810035706,False,False,True,0.0,1.0,0.0,0.0,0,0.0,1056,51.5625,True,True,0,0,0,True,True,accepted
M9,M9_30mA_40C_0,frame_0105.png,0.7813966870307922,True,,True,0.7813966870307922,0.7813966870307922,False,False,True,0.0,1.0,0.0,0.0,0,0.0,1056,51.5625,True,True,0,0,0,True,True,accepted
M9,M9_30mA_40C_0,frame_0110.png,0.79103022813797,True,,True,0.79103022813797,0.79103022813797,False,False,True,0.0,1.0,0.0,0.0,0,0.0,1056,51.5625,True,True,0,0,0,True,True,accepted
M9,M9_30mA_40C_0,frame_0114.png,0.7724802494049072,True,,True,0.7724802494049072,0.7724802494049072,False,False,True,0.0,1.0,0.0,0.0,0,0.0,1056,51.5625,True,True,0,0,0,True,True,accepted
M9,M9_30mA_40C_0,frame_0115.png,0.748439371585846,True,,True,0.748439371585846,0.748439371585846,False,False,True,0.0,1.0,0.0,0.0,0,0.0,1056,51.5625,True,True,0,0,0,True,True,accepted
M9,M9_30mA_40C_0,frame_0123.png,0.7819943428039551,True,,True,0.7819943428039551,0.7819943428039551,False,False,True,0.0,1.0,0.0,0.0,0,0.0,1056,51.5625,True,True,0,0,0,True,True,accepted
M9,M9_30mA_40C_0,frame_0131.png,0.7829655408859253,True,,True,0.7829655408859253,0.7829655408859253,False,False,True,0.0,1.0,0.0,0.0,0,0.0,1056,51.5625,True,True,0,0,0,True,True,accepted
M9,M9_30mA_40C_0,frame_0143.png,0.7643817067146301,True,,True,0.7643817067146301,0.7643817067146301,False,False,True,0.0,1.0,0.0,0.0,1,0.00048828125,1055,51.513671875,True,True,1,0,1,True,True,accepted
M9,M9_30mA_40C_0,frame_0149.png,0.7511855363845825,True,,True,0.7511855363845825,0.7511855363845825,False,False,True,0.0,1.0,0.0,0.0,0,0.0,1056,51.5625,True,True,0,0,0,True,True,accepted
M9,M9_30mA_40C_0,frame_0164.png,0.7722324728965759,True,,True,0.7722324728965759,0.7722324728965759,False,False,True,0.0,1.0,0.0,0.0,0,0.0,1056,51.5625,True,True,0,0,0,True,True,accepted
M9,M9_30mA_40C_0,frame_0168.png,0.7845070362091064,True,,True,0.7845070362091064,0.7845070362091064,False,False,True,0.0,1.0,0.0,0.0,0,0.0,1056,51.5625,True,True,0,0,0,True,True,accepted
M9,M9_30mA_40C_0,frame_0174.png,0.7807731032371521,True,,True,0.7807731032371521,0.7807731032371521,False,False,True,0.0,1.0,0.0,0.0,1,0.00048828125,1055,51.513671875,True,True,1,0,1,True,True,accepted
M9,M9_30mA_40C_0,frame_0175.png,0.7815579175949097,True,,True,0.7815579175949097,0.7815579175949097,False,False,True,0.0,1.0,0.0,0.0,0,0.0,1056,51.5625,True,True,0,0,0,True,True,accepted
M9,M9_30mA_40C_0,frame_0177.png,0.7880066633224487,True,,True,0.7880066633224487,0.7880066633224487,False,False,True,0.0,1.0,0.0,0.0,0,0.0,1056,51.5625,True,True,0,0,0,True,True,accepted
M9,M9_30mA_40C_0,frame_0195.png,0.7865051627159119,True,,True,0.7865051627159119,0.7865051627159119,False,False,True,0.0,1.0,0.0,0.0,0,0.0,1056,51.5625,True,True,0,0,0,True,True,accepted
M9,M9_30mA_40C_0,frame_0198.png,0.7717280983924866,True,,True,0.7717280983924866,0.7717280983924866,False,False,True,0.0,1.0,0.0,0.0,0,0.0,1056,51.5625,True,True,0,0,0,True,True,accepted
