device,device_index,condition,frame,uniformity_percent
M1,1,M1_10mA_20C_0,frame_0022.png,49.90234375
M1,1,M1_10mA_20C_0,frame_0030.png,50.09765625
M1,1,M1_10mA_20C_0,frame_0032.png,49.90234375
M1,1,M1_10mA_20C_0,frame_0038.png,50.09765625
M1,1,M1_10mA_20C_0,frame_0039.png,49.853515625
M1,1,M1_10mA_20C_0,frame_0042.png,49.90234375
M1,1,M1_10mA_20C_0,frame_0043.png,49.90234375
M1,1,M1_10mA_20C_0,frame_0045.png,49.90234375
M1,1,M1_10mA_20C_0,frame_0046.png,49.90234375
M1,1,M1_10mA_20C_0,frame_0052.png,49.90234375
M1,1,M1_10mA_20C_0,frame_0059.png,49.90234375
M1,1,M1_10mA_20C_0,frame_0061.png,49.853515625
M1,1,M1_10mA_20C_0,frame_0072.png,49.951171875
M1,1,M1_10mA_20C_0,frame_0074.png,49.90234375
M1,1,M1_10mA_20C_0,frame_0078.png,49.90234375
M1,1,M1_10mA_20C_0,frame_0086.png,49.853515625
M1,1,M1_10mA_20C_0,frame_0090.png,49.90234375
M1,1,M1_10mA_20C_0,frame_0092.png,49.951171875
M1,1,M1_10mA_20C_0,frame_0096.png,49.90234375
M1,1,M1_10mA_20C_0,frame_0107.png,49.90234375
M1,1,M1_10mA_20C_0,frame_0111.png,49.90234375
M1,1,M1_10mA_20C_0,frame_0112.png,49.951171875
M1,1,M1_10mA_20C_0,frame_0113.png,49.90234375
M1,1,M1_10mA_20C_0,frame_0118.png,49.90234375
M1,1,M1_10mA_20C_0,frame_0121.png,49.90234375
M1,1,M1_10mA_20C_0,frame_0127.png,49.90234375
M1,1,M1_10mA_20C_0,frame_0129.png,49.90234375
M1,1,M1_10mA_20C_0,frame_0131.png,49.951171875
M1,1,M1_10mA_20C_0,frame_0134.png,49.90234375
M1,1,M1_10mA_20C_0,frame_0137.png,49.90234375
M1,1,M1_10mA_20C_0,frame_0143.png,49.90234375
M1,1,M1_10mA_20C_0,frame_0152.png,49.951171875
M1,1,M1_10mA_20C_0,frame_0153.png,49.90234375
M1,1,M1_10mA_20C_0,frame_0156.png,49.90234375
M1,1,M1_10mA_20C_0,frame_0157.png,49.90234375
M1,1,M1_10mA_20C_0,frame_0160.png,49.853515625
M1,1,M1_10mA_20C_0,frame_0161.png,49.853515625
M1,1,M1_10mA_20C_0,frame_0168.png,49.951171875
M1,1,M1_10mA_20C_0,frame_0175.png,49.853515625
M1,1,M1_10mA_20C_0,frame_0178.png,49.90234375
M1,1,M1_10mA_20C_0,frame_0180.png,49.90234375
M1,1,M1_10mA_20C_0,frame_0182.png,49.90234375
M1,1,M1_10mA_20C_0,frame_0186.png,49.853515625
M1,1,M1_10mA_20C_0,frame_0188.png,49.90234375
M1,1,M1_10mA_20C_0,frame_0195.png,49.90234375
M1,1,M1_10mA_30C_0,frame_0028.png,49.90234375
M1,1,M1_10mA_30C_0,frame_0031.png,49.90234375
M1,1,M1_10mA_30C_0,frame_0033.png,49.90234375
M1,1,M1_10mA_30C_0,frame_0034.png,49.90234375
M1,1,M1_10mA_30C_0,frame_0040.png,49.90234375
M1,1,M1_10mA_30C_0,frame_0044.png,49.90234375
M1,1,M1_10mA_30C_0,frame_0045.png,50.0
M1,1,M1_10mA_30C_0,frame_0058.png,49.90234375
M1,1,M1_10mA_30C_0,frame_0064.png,49.90234375
M1,1,M1_10mA_30C_0,frame_0070.png,49.90234375
M1,1,M1_10mA_30C_0,frame_0073.png,49.90234375
M1,1,M1_10mA_30C_0,frame_0075.png,49.90234375
M1,1,M1_10mA_30C_0,frame_0080.png,49.90234375
M1,1,M1_10mA_30C_0,frame_0084.png,49.853515625
M1,1,M1_10mA_30C_0,frame_0085.png,49.90234375
M1,1,M1_10mA_30C_0,frame_0086.png,50.0
M1,1,M1_10mA_30C_0,frame_0089.png,49.90234375
M1,1,M1_10mA_30C_0,frame_0092.png,49.90234375
M1,1,M1_10mA_30C_0,frame_0093.png,49.90234375
M1,1,M1_10mA_30C_0,frame_0114.png,49.90234375
M1,1,M1_10mA_30C_0,frame_0118.png,49.90234375
M1,1,M1_10mA_30C_0,frame_0121.png,49.90234375
M1,1,M1_10mA_30C_0,frame_0123.png,49.90234375
M1,1,M1_10mA_30C_0,frame_0129.png,49.90234375
M1,1,M1_10mA_30C_0,frame_0132.png,49.90234375
M1,1,M1_10mA_30C_0,frame_0140.png,49.951171875
M1,1,M1_10mA_30C_0,frame_0142.png,49.90234375
M1,1,M1_10mA_30C_0,frame_0144.png,49.90234375
M1,1,M1_10mA_30C_0,frame_0148.png,49.90234375
M1,1,M1_10mA_30C_0,frame_0152.png,49.90234375
M1,1,M1_10mA_30C_0,frame_0154.png,49.90234375
M1,1,M1_10mA_30C_0,frame_0155.png,49.951171875
M1,1,M1_10mA_30C_0,frame_0161.png,49.90234375
M1,1,M1_10mA_30C_0,frame_0162.png,49.90234375
M1,1,M1_10mA_30C_0,frame_0165.png,49.90234375
M1,1,M1_10mA_30C_0,frame_0166.png,49.90234375
M1,1,M1_10mA_30C_0,frame_0168.png,49.90234375
M1,1,M1_10mA_30C_0,frame_0170.png,49.951171875
M1,1,M1_10mA_30C_0,frame_0174.png,50.0
M1,1,M1_10mA_30C_0,frame_0175.png,49.90234375
M1,1,M1_10mA_30C_0,frame_0176.png,49.90234375
M1,1,M1_10mA_30C_0,frame_0180.png,50.048828125
M1,1,M1_10mA_30C_0,frame_0187.png,49.365234375
M1,1,M1_10mA_30C_0,frame_0192.png,49.90234375
M1,1,M1_10mA_30C_0,frame_0194.png,49.90234375
M1,1,M1_10mA_40C_0,frame_0032.png,49.90234375
M1,1,M1_10mA_40C_0,frame_0033.png,49.90234375
M1,1,M1_10mA_40C_0,frame_0038.png,49.90234375
M1,1,M1_10mA_40C_0,frame_0039.png,49.90234375
M1,1,M1_10mA_40C_0,frame_0040.png,49.90234375
M1,1,M1_10mA_40C_0,frame_0042.png,49.90234375
M1,1,M1_10mA_40C_0,frame_0047.png,49.951171875
M1,1,M1_10mA_40C_0,frame_0053.png,49.853515625
M1,1,M1_10mA_40C_0,frame_0063.png,49.90234375
M1,1,M1_10mA_40C_0,frame_0067.png,49.90234375
M1,1,M1_10mA_40C_0,frame_0069.png,49.90234375
M1,1,M1_10mA_40C_0,frame_0073.png,49.90234375
M1,1,M1_10mA_40C_0,frame_0080.png,49.951171875
M1,1,M1_10mA_40C_0,frame_0086.png,49.90234375
M1,1,M1_10mA_40C_0,frame_0088.png,49.90234375
M1,1,M1_10mA_40C_0,frame_0096.png,49.951171875
M1,1,M1_10mA_40C_0,frame_0102.png,49.90234375
M1,1,M1_10mA_40C_0,frame_0106.png,49.90234375
M1,1,M1_10mA_40C_0,frame_0107.png,49.951171875
M1,1,M1_10mA_40C_0,frame_0109.png,49.951171875
M1,1,M1_10mA_40C_0,frame_0112.png,49.853515625
M1,1,M1_10mA_40C_0,frame_0114.png,49.90234375
M1,1,M1_10mA_40C_0,frame_0117.png,50.09765625
M1,1,M1_10mA_40C_0,frame_0123.png,49.90234375
M1,1,M1_10mA_40C_0,frame_0125.png,49.90234375
M1,1,M1_10mA_40C_0,frame_0128.png,49.90234375
M1,1,M1_10mA_40C_0,frame_0129.png,49.90234375
M1,1,M1_10mA_40C_0,frame_0136.png,49.951171875
M1,1,M1_10mA_40C_0,frame_0137.png,49.90234375
M1,1,M1_10mA_40C_0,frame_0140.png,50.0
M1,1,M1_10mA_40C_0,frame_0147.png,49.90234375
M1,1,M1_10mA_40C_0,frame_0157.png,49.90234375
M1,1,M1_10mA_40C_0,frame_0162.png,50.0
M1,1,M1_10mA_40C_0,frame_0167.png,49.90234375
M1,1,M1_10mA_40C_0,frame_0173.png,49.90234375
M1,1,M1_10mA_40C_0,frame_0177.png,49.90234375
M1,1,M1_10mA_40C_0,frame_0178.png,49.90234375
M1,1,M1_10mA_40C_0,frame_0180.png,49.90234375
M1,1,M1_10mA_40C_0,frame_0182.png,49.951171875
M1,1,M1_10mA_40C_0,frame_0184.png,49.90234375
M1,1,M1_10mA_40C_0,frame_0185.png,49.951171875
M1,1,M1_10mA_40C_0,frame_0186.png,49.90234375
M1,1,M1_10mA_40C_0,frame_0190.png,49.90234375
M1,1,M1_10mA_40C_0,frame_0194.png,49.90234375
M1,1,M1_10mA_40C_0,frame_0195.png,49.90234375
M1,1,M1_20mA_20C_0,frame_0026.png,50.1953125
M1,1,M1_20mA_20C_0,frame_0036.png,49.90234375
M1,1,M1_20mA_20C_0,frame_0042.png,49.90234375
M1,1,M1_20mA_20C_0,frame_0044.png,49.90234375
M1,1,M1_20mA_20C_0,frame_0046.png,49.90234375
M1,1,M1_20mA_20C_0,frame_0047.png,49.90234375
M1,1,M1_20mA_20C_0,frame_0049.png,49.90234375
M1,1,M1_20mA_20C_0,frame_0051.png,49.90234375
M1,1,M1_20mA_20C_0,frame_0052.png,49.90234375
M1,1,M1_20mA_20C_0,frame_0053.png,49.90234375
M1,1,M1_20mA_20C_0,frame_0058.png,49.90234375
M1,1,M1_20mA_20C_0,frame_0059.png,49.853515625
M1,1,M1_20mA_20C_0,frame_0063.png,49.951171875
M1,1,M1_20mA_20C_0,frame_0066.png,50.0
M1,1,M1_20mA_20C_0,frame_0067.png,49.90234375
M1,1,M1_20mA_20C_0,frame_0069.png,49.90234375
M1,1,M1_20mA_20C_0,frame_0070.png,49.853515625
M1,1,M1_20mA_20C_0,frame_0073.png,49.90234375
M1,1,M1_20mA_20C_0,frame_0078.png,49.90234375
M1,1,M1_20mA_20C_0,frame_0081.png,49.90234375
M1,1,M1_20mA_20C_0,frame_0083.png,49.90234375
M1,1,M1_20mA_20C_0,frame_0089.png,49.90234375
M1,1,M1_20mA_20C_0,frame_0096.png,49.853515625
M1,1,M1_20mA_20C_0,frame_0097.png,50.0
M1,1,M1_20mA_20C_0,frame_0105.png,49.90234375
M1,1,M1_20mA_20C_0,frame_0109.png,49.90234375
M1,1,M1_20mA_20C_0,frame_0112.png,49.90234375
M1,1,M1_20mA_20C_0,frame_0119.png,49.90234375
M1,1,M1_20mA_20C_0,frame_0121.png,49.90234375
M1,1,M1_20mA_20C_0,frame_0126.png,49.90234375
M1,1,M1_20mA_20C_0,frame_0135.png,49.90234375
M1,1,M1_20mA_20C_0,frame_0137.png,49.90234375
M1,1,M1_20mA_20C_0,frame_0139.png,49.90234375
M1,1,M1_20mA_20C_0,frame_0142.png,49.90234375
M1,1,M1_20mA_20C_0,frame_0149.png,49.90234375
M1,1,M1_20mA_20C_0,frame_0154.png,49.90234375
M1,1,M1_20mA_20C_0,frame_0155.png,49.658203125
M1,1,M1_20mA_20C_0,frame_0157.png,49.90234375
M1,1,M1_20mA_20C_0,frame_0163.png,49.90234375
M1,1,M1_20mA_20C_0,frame_0164.png,49.90234375
M1,1,M1_20mA_20C_0,frame_0171.png,49.90234375
M1,1,M1_20mA_20C_0,frame_0173.png,49.90234375
M1,1,M1_20mA_20C_0,frame_0180.png,49.90234375
M1,1,M1_20mA_20C_0,frame_0183.png,49.90234375
M1,1,M1_20mA_20C_0,frame_0189.png,49.90234375
M1,1,M1_20mA_30C_0,frame_0021.png,49.90234375
M1,1,M1_20mA_30C_0,frame_0033.png,49.90234375
M1,1,M1_20mA_30C_0,frame_0034.png,49.951171875
M1,1,M1_20mA_30C_0,frame_0037.png,49.90234375
M1,1,M1_20mA_30C_0,frame_0038.png,49.90234375
M1,1,M1_20mA_30C_0,frame_0050.png,49.90234375
M1,1,M1_20mA_30C_0,frame_0052.png,49.90234375
M1,1,M1_20mA_30C_0,frame_0053.png,49.90234375
M1,1,M1_20mA_30C_0,frame_0054.png,49.951171875
M1,1,M1_20mA_30C_0,frame_0063.png,49.951171875
M1,1,M1_20mA_30C_0,frame_0064.png,49.90234375
M1,1,M1_20mA_30C_0,frame_0067.png,49.951171875
M1,1,M1_20mA_30C_0,frame_0069.png,50.0
M1,1,M1_20mA_30C_0,frame_0071.png,49.90234375
M1,1,M1_20mA_30C_0,frame_0075.png,49.90234375
M1,1,M1_20mA_30C_0,frame_0076.png,49.90234375
M1,1,M1_20mA_30C_0,frame_0082.png,49.90234375
M1,1,M1_20mA_30C_0,frame_0084.png,50.0
M1,1,M1_20mA_30C_0,frame_0085.png,49.90234375
M1,1,M1_20mA_30C_0,frame_0091.png,49.90234375
M1,1,M1_20mA_30C_0,frame_0096.png,49.90234375
M1,1,M1_20mA_30C_0,frame_0101.png,50.0
M1,1,M1_20mA_30C_0,frame_0102.png,49.90234375
M1,1,M1_20mA_30C_0,frame_0104.png,49.90234375
M1,1,M1_20mA_30C_0,frame_0109.png,49.90234375
M1,1,M1_20mA_30C_0,frame_0113.png,49.90234375
M1,1,M1_20mA_30C_0,frame_0122.png,49.90234375
M1,1,M1_20mA_30C_0,frame_0129.png,49.90234375
M1,1,M1_20mA_30C_0,frame_0131.png,50.0
M1,1,M1_20mA_30C_0,frame_0135.png,50.146484375
M1,1,M1_20mA_30C_0,frame_0138.png,49.90234375
M1,1,M1_20mA_30C_0,frame_0139.png,49.90234375
M1,1,M1_20mA_30C_0,frame_0146.png,49.90234375
M1,1,M1_20mA_30C_0,frame_0147.png,49.951171875
M1,1,M1_20mA_30C_0,frame_0148.png,49.90234375
M1,1,M1_20mA_30C_0,frame_0154.png,49.90234375
M1,1,M1_20mA_30C_0,frame_0162.png,49.951171875
M1,1,M1_20mA_30C_0,frame_0165.png,49.90234375
M1,1,M1_20mA_30C_0,frame_0179.png,49.90234375
M1,1,M1_20mA_30C_0,frame_0187.png,49.90234375
M1,1,M1_20mA_30C_0,frame_0189.png,49.90234375
M1,1,M1_20mA_30C_0,frame_0192.png,49.90234375
M1,1,M1_20mA_30C_0,frame_0197.png,49.951171875
M1,1,M1_20mA_30C_0,frame_0198.png,49.951171875
M1,1,M1_20mA_30C_0,frame_0200.png,49.90234375
M1,1,M1_20mA_40C_0,frame_0014.png,49.951171875
M1,1,M1_20mA_40C_0,frame_0018.png,49.90234375
M1,1,M1_20mA_40C_0,frame_0021.png,49.951171875
M1,1,M1_20mA_40C_0,frame_0022.png,49.951171875
M1,1,M1_20mA_40C_0,frame_0023.png,49.90234375
M1,1,M1_20mA_40C_0,frame_0026.png,49.90234375
M1,1,M1_20mA_40C_0,frame_0027.png,49.853515625
M1,1,M1_20mA_40C_0,frame_0049.png,49.90234375
M1,1,M1_20mA_40C_0,frame_0052.png,49.90234375
M1,1,M1_20mA_40C_0,frame_0054.png,49.755859375
M1,1,M1_20mA_40C_0,frame_0055.png,49.90234375
M1,1,M1_20mA_40C_0,frame_0057.png,49.90234375
M1,1,M1_20mA_40C_0,frame_0061.png,49.951171875
M1,1,M1_20mA_40C_0,frame_0065.png,49.90234375
M1,1,M1_20mA_40C_0,frame_0069.png,50.09765625
M1,1,M1_20mA_40C_0,frame_0070.png,49.951171875
M1,1,M1_20mA_40C_0,frame_0072.png,49.90234375
M1,1,M1_20mA_40C_0,frame_0073.png,49.90234375
M1,1,M1_20mA_40C_0,frame_0074.png,49.90234375
M1,1,M1_20mA_40C_0,frame_0076.png,49.90234375
M1,1,M1_20mA_40C_0,frame_0080.png,49.90234375
M1,1,M1_20mA_40C_0,frame_0085.png,49.90234375
M1,1,M1_20mA_40C_0,frame_0090.png,49.90234375
M1,1,M1_20mA_40C_0,frame_0094.png,49.90234375
M1,1,M1_20mA_40C_0,frame_0096.png,49.90234375
M1,1,M1_20mA_40C_0,frame_0102.png,49.90234375
M1,1,M1_20mA_40C_0,frame_0103.png,49.90234375
M1,1,M1_20mA_40C_0,frame_0104.png,49.90234375
M1,1,M1_20mA_40C_0,frame_0119.png,50.048828125
M1,1,M1_20mA_40C_0,frame_0121.png,49.90234375
M1,1,M1_20mA_40C_0,frame_0136.png,50.09765625
M1,1,M1_20mA_40C_0,frame_0137.png,49.90234375
M1,1,M1_20mA_40C_0,frame_0139.png,49.90234375
M1,1,M1_20mA_40C_0,frame_0143.png,49.951171875
M1,1,M1_20mA_40C_0,frame_0144.png,49.90234375
M1,1,M1_20mA_40C_0,frame_0151.png,49.90234375
M1,1,M1_20mA_40C_0,frame_0152.png,50.048828125
M1,1,M1_20mA_40C_0,frame_0153.png,49.853515625
M1,1,M1_20mA_40C_0,frame_0160.png,49.90234375
M1,1,M1_20mA_40C_0,frame_0164.png,49.90234375
M1,1,M1_20mA_40C_0,frame_0168.png,49.951171875
M1,1,M1_20mA_40C_0,frame_0173.png,49.90234375
M1,1,M1_20mA_40C_0,frame_0181.png,49.90234375
M1,1,M1_20mA_40C_0,frame_0195.png,49.951171875
M1,1,M1_20mA_40C_0,frame_0200.png,50.244140625
M1,1,M1_30mA_20C_0,frame_0027.png,49.8046875
M1,1,M1_30mA_20C_0,frame_0028.png,49.853515625
M1,1,M1_30mA_20C_0,frame_0029.png,49.90234375
M1,1,M1_30mA_20C_0,frame_0031.png,49.951171875
M1,1,M1_30mA_20C_0,frame_0039.png,49.90234375
M1,1,M1_30mA_20C_0,frame_0044.png,50.146484375
M1,1,M1_30mA_20C_0,frame_0048.png,49.90234375
M1,1,M1_30mA_20C_0,frame_0053.png,49.90234375
M1,1,M1_30mA_20C_0,frame_0058.png,49.90234375
M1,1,M1_30mA_20C_0,frame_0063.png,49.90234375
M1,1,M1_30mA_20C_0,frame_0066.png,49.90234375
M1,1,M1_30mA_20C_0,frame_0067.png,49.853515625
M1,1,M1_30mA_20C_0,frame_0068.png,49.90234375
M1,1,M1_30mA_20C_0,frame_0069.png,49.8046875
M1,1,M1_30mA_20C_0,frame_0071.png,49.853515625
M1,1,M1_30mA_20C_0,frame_0075.png,49.853515625
M1,1,M1_30mA_20C_0,frame_0076.png,49.90234375
M1,1,M1_30mA_20C_0,frame_0078.png,49.951171875
M1,1,M1_30mA_20C_0,frame_0086.png,49.853515625
M1,1,M1_30mA_20C_0,frame_0091.png,49.90234375
M1,1,M1_30mA_20C_0,frame_0095.png,49.90234375
M1,1,M1_30mA_20C_0,frame_0099.png,49.90234375
M1,1,M1_30mA_20C_0,frame_0104.png,49.853515625
M1,1,M1_30mA_20C_0,frame_0105.png,49.853515625
M1,1,M1_30mA_20C_0,frame_0110.png,49.90234375
M1,1,M1_30mA_20C_0,frame_0119.png,49.70703125
M1,1,M1_30mA_20C_0,frame_0126.png,49.90234375
M1,1,M1_30mA_20C_0,frame_0129.png,49.8046875
M1,1,M1_30mA_20C_0,frame_0132.png,49.90234375
M1,1,M1_30mA_20C_0,frame_0138.png,49.90234375
M1,1,M1_30mA_20C_0,frame_0144.png,49.90234375
M1,1,M1_30mA_20C_0,frame_0146.png,49.853515625
M1,1,M1_30mA_20C_0,frame_0147.png,49.853515625
M1,1,M1_30mA_20C_0,frame_0152.png,49.90234375
M1,1,M1_30mA_20C_0,frame_0159.png,49.90234375
M1,1,M1_30mA_20C_0,frame_0161.png,50.09765625
M1,1,M1_30mA_20C_0,frame_0166.png,49.90234375
M1,1,M1_30mA_20C_0,frame_0168.png,49.90234375
M1,1,M1_30mA_20C_0,frame_0171.png,49.853515625
M1,1,M1_30mA_20C_0,frame_0174.png,49.853515625
M1,1,M1_30mA_20C_0,frame_0176.png,49.90234375
M1,1,M1_30mA_20C_0,frame_0184.png,49.853515625
M1,1,M1_30mA_20C_0,frame_0189.png,49.90234375
M1,1,M1_30mA_20C_0,frame_0197.png,49.951171875
M1,1,M1_30mA_20C_0,frame_0199.png,50.146484375
M1,1,M1_30mA_30C_0,frame_0020.png,49.90234375
M1,1,M1_30mA_30C_0,frame_0023.png,49.609375
M1,1,M1_30mA_30C_0,frame_0024.png,49.90234375
M1,1,M1_30mA_30C_0,frame_0032.png,49.90234375
M1,1,M1_30mA_30C_0,frame_0033.png,49.90234375
M1,1,M1_30mA_30C_0,frame_0034.png,49.90234375
M1,1,M1_30mA_30C_0,frame_0041.png,49.90234375
M1,1,M1_30mA_30C_0,frame_0044.png,49.90234375
M1,1,M1_30mA_30C_0,frame_0063.png,49.951171875
M1,1,M1_30mA_30C_0,frame_0067.png,49.90234375
M1,1,M1_30mA_30C_0,frame_0070.png,49.90234375
M1,1,M1_30mA_30C_0,frame_0072.png,49.90234375
M1,1,M1_30mA_30C_0,frame_0076.png,49.951171875
M1,1,M1_30mA_30C_0,frame_0078.png,49.90234375
M1,1,M1_30mA_30C_0,frame_0081.png,49.90234375
M1,1,M1_30mA_30C_0,frame_0082.png,49.90234375
M1,1,M1_30mA_30C_0,frame_0084.png,49.90234375
M1,1,M1_30mA_30C_0,frame_0096.png,49.90234375
M1,1,M1_30mA_30C_0,frame_0097.png,49.90234375
M1,1,M1_30mA_30C_0,frame_0100.png,49.90234375
M1,1,M1_30mA_30C_0,frame_0110.png,49.90234375
M1,1,M1_30mA_30C_0,frame_0112.png,49.90234375
M1,1,M1_30mA_30C_0,frame_0113.png,49.951171875
M1,1,M1_30mA_30C_0,frame_0117.png,49.951171875
M1,1,M1_30mA_30C_0,frame_0119.png,49.90234375
M1,1,M1_30mA_30C_0,frame_0121.png,49.90234375
M1,1,M1_30mA_30C_0,frame_0131.png,49.90234375
M1,1,M1_30mA_30C_0,frame_0138.png,49.90234375
M1,1,M1_30mA_30C_0,frame_0142.png,49.8046875
M1,1,M1_30mA_30C_0,frame_0143.png,49.90234375
M1,1,M1_30mA_30C_0,frame_0149.png,49.90234375
M1,1,M1_30mA_30C_0,frame_0152.png,49.90234375
M1,1,M1_30mA_30C_0,frame_0153.png,49.951171875
M1,1,M1_30mA_30C_0,frame_0156.png,49.90234375
M1,1,M1_30mA_30C_0,frame_0157.png,49.90234375
M1,1,M1_30mA_30C_0,frame_0162.png,49.90234375
M1,1,M1_30mA_30C_0,frame_0164.png,49.90234375
M1,1,M1_30mA_30C_0,frame_0172.png,49.90234375
M1,1,M1_30mA_30C_0,frame_0179.png,49.90234375
M1,1,M1_30mA_30C_0,frame_0181.png,49.90234375
M1,1,M1_30mA_30C_0,frame_0183.png,49.90234375
M1,1,M1_30mA_30C_0,frame_0189.png,49.90234375
M1,1,M1_30mA_30C_0,frame_0190.png,49.951171875
M1,1,M1_30mA_30C_0,frame_0193.png,50.0
M1,1,M1_30mA_30C_0,frame_0194.png,50.0
M1,1,M1_30mA_40C_0,frame_0034.png,49.90234375
M1,1,M1_30mA_40C_0,frame_0041.png,49.90234375
M1,1,M1_30mA_40C_0,frame_0042.png,49.90234375
M1,1,M1_30mA_40C_0,frame_0043.png,49.90234375
M1,1,M1_30mA_40C_0,frame_0044.png,49.90234375
M1,1,M1_30mA_40C_0,frame_0058.png,49.90234375
M1,1,M1_30mA_40C_0,frame_0059.png,49.90234375
M1,1,M1_30mA_40C_0,frame_0065.png,49.90234375
M1,1,M1_30mA_40C_0,frame_0066.png,49.90234375
M1,1,M1_30mA_40C_0,frame_0069.png,49.90234375
M1,1,M1_30mA_40C_0,frame_0070.png,50.0
M1,1,M1_30mA_40C_0,frame_0073.png,49.90234375
M1,1,M1_30mA_40C_0,frame_0083.png,49.90234375
M1,1,M1_30mA_40C_0,frame_0092.png,49.90234375
M1,1,M1_30mA_40C_0,frame_0093.png,49.90234375
M1,1,M1_30mA_40C_0,frame_0095.png,49.90234375
M1,1,M1_30mA_40C_0,frame_0099.png,49.90234375
M1,1,M1_30mA_40C_0,frame_0101.png,49.90234375
M1,1,M1_30mA_40C_0,frame_0105.png,49.90234375
M1,1,M1_30mA_40C_0,frame_0108.png,49.90234375
M1,1,M1_30mA_40C_0,frame_0115.png,49.951171875
M1,1,M1_30mA_40C_0,frame_0117.png,49.90234375
M1,1,M1_30mA_40C_0,frame_0118.png,49.853515625
M1,1,M1_30mA_40C_0,frame_0120.png,49.90234375
M1,1,M1_30mA_40C_0,frame_0121.png,49.90234375
M1,1,M1_30mA_40C_0,frame_0125.png,49.90234375
M1,1,M1_30mA_40C_0,frame_0126.png,49.90234375
M1,1,M1_30mA_40C_0,frame_0127.png,49.90234375
M1,1,M1_30mA_40C_0,frame_0128.png,50.68359375
M1,1,M1_30mA_40C_0,frame_0131.png,49.90234375
M1,1,M1_30mA_40C_0,frame_0134.png,49.90234375
M1,1,M1_30mA_40C_0,frame_0137.png,49.853515625
M1,1,M1_30mA_40C_0,frame_0144.png,49.853515625
M1,1,M1_30mA_40C_0,frame_0154.png,49.90234375
M1,1,M1_30mA_40C_0,frame_0159.png,49.755859375
M1,1,M1_30mA_40C_0,frame_0168.png,49.90234375
M1,1,M1_30mA_40C_0,frame_0171.png,49.90234375
M1,1,M1_30mA_40C_0,frame_0172.png,50.0
M1,1,M1_30mA_40C_0,frame_0173.png,49.90234375
M1,1,M1_30mA_40C_0,frame_0174.png,49.90234375
M1,1,M1_30mA_40C_0,frame_0179.png,49.90234375
M1,1,M1_30mA_40C_0,frame_0188.png,49.90234375
M1,1,M1_30mA_40C_0,frame_0189.png,49.90234375
M1,1,M1_30mA_40C_0,frame_0193.png,49.90234375
M1,1,M1_30mA_40C_0,frame_0196.png,49.90234375
M2,2,M2_10mA_20C_0,frame_0025.png,50.634765625
M2,2,M2_10mA_20C_0,frame_0026.png,50.634765625
M2,2,M2_10mA_20C_0,frame_0027.png,50.68359375
M2,2,M2_10mA_20C_0,frame_0037.png,50.537109375
M2,2,M2_10mA_20C_0,frame_0044.png,50.537109375
M2,2,M2_10mA_20C_0,frame_0047.png,50.9765625
M2,2,M2_10mA_20C_0,frame_0048.png,50.244140625
M2,2,M2_10mA_20C_0,frame_0054.png,50.341796875
M2,2,M2_10mA_20C_0,frame_0061.png,50.537109375
M2,2,M2_10mA_20C_0,frame_0064.png,50.634765625
M2,2,M2_10mA_20C_0,frame_0066.png,50.439453125
M2,2,M2_10mA_20C_0,frame_0069.png,50.634765625
M2,2,M2_10mA_20C_0,frame_0079.png,50.87890625
M2,2,M2_10mA_20C_0,frame_0080.png,50.5859375
M2,2,M2_10mA_20C_0,frame_0085.png,50.5859375
M2,2,M2_10mA_20C_0,frame_0089.png,50.634765625
M2,2,M2_10mA_20C_0,frame_0094.png,50.537109375
M2,2,M2_10mA_20C_0,frame_0108.png,50.68359375
M2,2,M2_10mA_20C_0,frame_0111.png,50.390625
M2,2,M2_10mA_20C_0,frame_0119.png,50.537109375
M2,2,M2_10mA_20C_0,frame_0123.png,50.634765625
M2,2,M2_10mA_20C_0,frame_0125.png,50.537109375
M2,2,M2_10mA_20C_0,frame_0126.png,50.390625
M2,2,M2_10mA_20C_0,frame_0127.png,50.5859375
M2,2,M2_10mA_20C_0,frame_0134.png,50.390625
M2,2,M2_10mA_20C_0,frame_0135.png,50.537109375
M2,2,M2_10mA_20C_0,frame_0136.png,50.48828125
M2,2,M2_10mA_20C_0,frame_0137.png,50.439453125
M2,2,M2_10mA_20C_0,frame_0141.png,50.537109375
M2,2,M2_10mA_20C_0,frame_0143.png,50.390625
M2,2,M2_10mA_20C_0,frame_0153.png,50.244140625
M2,2,M2_10mA_20C_0,frame_0162.png,50.48828125
M2,2,M2_10mA_20C_0,frame_0163.png,50.537109375
M2,2,M2_10mA_20C_0,frame_0164.png,50.48828125
M2,2,M2_10mA_20C_0,frame_0168.png,50.537109375
M2,2,M2_10mA_20C_0,frame_0171.png,50.830078125
M2,2,M2_10mA_20C_0,frame_0173.png,50.5859375
M2,2,M2_10mA_20C_0,frame_0176.png,50.48828125
M2,2,M2_10mA_20C_0,frame_0178.png,50.537109375
M2,2,M2_10mA_20C_0,frame_0179.png,50.537109375
M2,2,M2_10mA_20C_0,frame_0194.png,50.68359375
M2,2,M2_10mA_20C_0,frame_0195.png,50.439453125
M2,2,M2_10mA_20C_0,frame_0196.png,50.1953125
M2,2,M2_10mA_20C_0,frame_0197.png,50.634765625
M2,2,M2_10mA_20C_0,frame_0200.png,50.5859375
M2,2,M2_10mA_30C_0,frame_0029.png,50.830078125
M2,2,M2_10mA_30C_0,frame_0038.png,50.48828125
M2,2,M2_10mA_30C_0,frame_0044.png,50.48828125
M2,2,M2_10mA_30C_0,frame_0045.png,50.5859375
M2,2,M2_10mA_30C_0,frame_0047.png,50.48828125
M2,2,M2_10mA_30C_0,frame_0048.png,50.48828125
M2,2,M2_10mA_30C_0,frame_0049.png,50.537109375
M2,2,M2_10mA_30C_0,frame_0050.png,50.439453125
M2,2,M2_10mA_30C_0,frame_0057.png,50.48828125
M2,2,M2_10mA_30C_0,frame_0059.png,50.48828125
M2,2,M2_10mA_30C_0,frame_0060.png,50.48828125
M2,2,M2_10mA_30C_0,frame_0062.png,50.48828125
M2,2,M2_10mA_30C_0,frame_0078.png,50.48828125
M2,2,M2_10mA_30C_0,frame_0079.png,50.48828125
M2,2,M2_10mA_30C_0,frame_0080.png,50.48828125
M2,2,M2_10mA_30C_0,frame_0084.png,50.439453125
M2,2,M2_10mA_30C_0,frame_0090.png,50.48828125
M2,2,M2_10mA_30C_0,frame_0094.png,50.48828125
M2,2,M2_10mA_30C_0,frame_0096.png,50.48828125
M2,2,M2_10mA_30C_0,frame_0102.png,50.48828125
M2,2,M2_10mA_30C_0,frame_0104.png,50.48828125
M2,2,M2_10mA_30C_0,frame_0107.png,50.48828125
M2,2,M2_10mA_30C_0,frame_0109.png,50.48828125
M2,2,M2_10mA_30C_0,frame_0113.png,50.48828125
M2,2,M2_10mA_30C_0,frame_0115.png,50.48828125
M2,2,M2_10mA_30C_0,frame_0118.png,50.48828125
M2,2,M2_10mA_30C_0,frame_0119.png,50.48828125
M2,2,M2_10mA_30C_0,frame_0128.png,50.48828125
M2,2,M2_10mA_30C_0,frame_0132.png,50.48828125
M2,2,M2_10mA_30C_0,frame_0138.png,50.48828125
M2,2,M2_10mA_30C_0,frame_0139.png,50.537109375
M2,2,M2_10mA_30C_0,frame_0142.png,50.48828125
M2,2,M2_10mA_30C_0,frame_0145.png,50.48828125
M2,2,M2_10mA_30C_0,frame_0146.png,50.48828125
M2,2,M2_10mA_30C_0,frame_0149.png,50.48828125
M2,2,M2_10mA_30C_0,frame_0152.png,50.48828125
M2,2,M2_10mA_30C_0,frame_0154.png,50.48828125
M2,2,M2_10mA_30C_0,frame_0155.png,50.48828125
M2,2,M2_10mA_30C_0,frame_0157.png,50.48828125
M2,2,M2_10mA_30C_0,frame_0161.png,50.5859375
M2,2,M2_10mA_30C_0,frame_0179.png,50.48828125
M2,2,M2_10mA_30C_0,frame_0189.png,50.48828125
M2,2,M2_10mA_30C_0,frame_0193.png,50.537109375
M2,2,M2_10mA_30C_0,frame_0194.png,50.48828125
M2,2,M2_10mA_30C_0,frame_0198.png,50.48828125
M2,2,M2_10mA_40C_0,frame_0020.png,50.48828125
M2,2,M2_10mA_40C_0,frame_0025.png,50.48828125
M2,2,M2_10mA_40C_0,frame_0035.png,50.48828125
M2,2,M2_10mA_40C_0,frame_0039.png,50.390625
M2,2,M2_10mA_40C_0,frame_0040.png,50.48828125
M2,2,M2_10mA_40C_0,frame_0043.png,50.48828125
M2,2,M2_10mA_40C_0,frame_0052.png,50.48828125
M2,2,M2_10mA_40C_0,frame_0054.png,50.439453125
M2,2,M2_10mA_40C_0,frame_0061.png,50.439453125
M2,2,M2_10mA_40C_0,frame_0062.png,50.439453125
M2,2,M2_10mA_40C_0,frame_0063.png,50.439453125
M2,2,M2_10mA_40C_0,frame_0071.png,50.48828125
M2,2,M2_10mA_40C_0,frame_0073.png,50.390625
M2,2,M2_10mA_40C_0,frame_0076.png,50.48828125
M2,2,M2_10mA_40C_0,frame_0080.png,50.439453125
M2,2,M2_10mA_40C_0,frame_0087.png,50.48828125
M2,2,M2_10mA_40C_0,frame_0090.png,50.48828125
M2,2,M2_10mA_40C_0,frame_0094.png,50.48828125
M2,2,M2_10mA_40C_0,frame_0095.png,50.48828125
M2,2,M2_10mA_40C_0,frame_0103.png,50.48828125
M2,2,M2_10mA_40C_0,frame_0108.png,50.48828125
M2,2,M2_10mA_40C_0,frame_0109.png,50.48828125
M2,2,M2_10mA_40C_0,frame_0110.png,50.48828125
M2,2,M2_10mA_40C_0,frame_0117.png,50.48828125
M2,2,M2_10mA_40C_0,frame_0123.png,50.439453125
M2,2,M2_10mA_40C_0,frame_0124.png,50.48828125
M2,2,M2_10mA_40C_0,frame_0127.png,50.48828125
M2,2,M2_10mA_40C_0,frame_0129.png,50.48828125
M2,2,M2_10mA_40C_0,frame_0137.png,50.48828125
M2,2,M2_10mA_40C_0,frame_0138.png,50.48828125
M2,2,M2_10mA_40C_0,frame_0140.png,50.48828125
M2,2,M2_10mA_40C_0,frame_0144.png,50.48828125
M2,2,M2_10mA_40C_0,frame_0150.png,50.48828125
M2,2,M2_10mA_40C_0,frame_0154.png,50.48828125
M2,2,M2_10mA_40C_0,frame_0156.png,50.48828125
M2,2,M2_10mA_40C_0,frame_0159.png,50.48828125
M2,2,M2_10mA_40C_0,frame_0167.png,50.48828125
M2,2,M2_10mA_40C_0,frame_0171.png,50.48828125
M2,2,M2_10mA_40C_0,frame_0173.png,50.48828125
M2,2,M2_10mA_40C_0,frame_0175.png,50.48828125
M2,2,M2_10mA_40C_0,frame_0180.png,50.48828125
M2,2,M2_10mA_40C_0,frame_0181.png,50.439453125
M2,2,M2_10mA_40C_0,frame_0183.png,50.48828125
M2,2,M2_10mA_40C_0,frame_0197.png,50.439453125
M2,2,M2_10mA_40C_0,frame_0199.png,50.439453125
M2,2,M2_20mA_20C_0,frame_0033.png,50.48828125
M2,2,M2_20mA_20C_0,frame_0035.png,50.48828125
M2,2,M2_20mA_20C_0,frame_0036.png,50.48828125
M2,2,M2_20mA_20C_0,frame_0037.png,50.48828125
M2,2,M2_20mA_20C_0,frame_0042.png,50.48828125
M2,2,M2_20mA_20C_0,frame_0048.png,50.48828125
M2,2,M2_20mA_20C_0,frame_0059.png,50.48828125
M2,2,M2_20mA_20C_0,frame_0063.png,50.48828125
M2,2,M2_20mA_20C_0,frame_0065.png,50.48828125
M2,2,M2_20mA_20C_0,frame_0066.png,50.48828125
M2,2,M2_20mA_20C_0,frame_0067.png,50.48828125
M2,2,M2_20mA_20C_0,frame_0069.png,50.48828125
M2,2,M2_20mA_20C_0,frame_0071.png,50.48828125
M2,2,M2_20mA_20C_0,frame_0072.png,50.48828125
M2,2,M2_20mA_20C_0,frame_0077.png,50.48828125
M2,2,M2_20mA_20C_0,frame_0078.png,50.48828125
M2,2,M2_20mA_20C_0,frame_0085.png,50.48828125
M2,2,M2_20mA_20C_0,frame_0098.png,50.5859375
M2,2,M2_20mA_20C_0,frame_0099.png,50.48828125
M2,2,M2_20mA_20C_0,frame_0101.png,50.48828125
M2,2,M2_20mA_20C_0,frame_0104.png,50.48828125
M2,2,M2_20mA_20C_0,frame_0109.png,50.48828125
M2,2,M2_20mA_20C_0,frame_0113.png,50.48828125
M2,2,M2_20mA_20C_0,frame_0115.png,50.48828125
M2,2,M2_20mA_20C_0,frame_0119.png,50.48828125
M2,2,M2_20mA_20C_0,frame_0120.png,50.48828125
M2,2,M2_20mA_20C_0,frame_0128.png,50.48828125
M2,2,M2_20mA_20C_0,frame_0131.png,50.48828125
M2,2,M2_20mA_20C_0,frame_0139.png,50.48828125
M2,2,M2_20mA_20C_0,frame_0144.png,50.48828125
M2,2,M2_20mA_20C_0,frame_0148.png,50.48828125
M2,2,M2_20mA_20C_0,frame_0149.png,50.48828125
M2,2,M2_20mA_20C_0,frame_0152.png,50.48828125
M2,2,M2_20mA_20C_0,frame_0153.png,50.68359375
M2,2,M2_20mA_20C_0,frame_0155.png,50.48828125
M2,2,M2_20mA_20C_0,frame_0161.png,50.48828125
M2,2,M2_20mA_20C_0,frame_0164.png,50.48828125
M2,2,M2_20mA_20C_0,frame_0166.png,50.48828125
M2,2,M2_20mA_20C_0,frame_0172.png,50.48828125
M2,2,M2_20mA_20C_0,frame_0183.png,50.439453125
M2,2,M2_20mA_20C_0,frame_0188.png,50.48828125
M2,2,M2_20mA_20C_0,frame_0191.png,50.48828125
M2,2,M2_20mA_20C_0,frame_0192.png,50.48828125
M2,2,M2_20mA_20C_0,frame_0193.png,50.78125
M2,2,M2_20mA_20C_0,frame_0194.png,50.48828125
M2,2,M2_20mA_30C_0,frame_0020.png,50.48828125
M2,2,M2_20mA_30C_0,frame_0022.png,50.48828125
M2,2,M2_20mA_30C_0,frame_0029.png,50.48828125
M2,2,M2_20mA_30C_0,frame_0032.png,50.48828125
M2,2,M2_20mA_30C_0,frame_0034.png,50.48828125
M2,2,M2_20mA_30C_0,frame_0037.png,50.48828125
M2,2,M2_20mA_30C_0,frame_0039.png,50.439453125
M2,2,M2_20mA_30C_0,frame_0044.png,50.48828125
M2,2,M2_20mA_30C_0,frame_0047.png,50.48828125
M2,2,M2_20mA_30C_0,frame_0048.png,50.48828125
M2,2,M2_20mA_30C_0,frame_0057.png,50.48828125
M2,2,M2_20mA_30C_0,frame_0061.png,50.48828125
M2,2,M2_20mA_30C_0,frame_0067.png,50.48828125
M2,2,M2_20mA_30C_0,frame_0070.png,50.48828125
M2,2,M2_20mA_30C_0,frame_0074.png,50.48828125
M2,2,M2_20mA_30C_0,frame_0080.png,50.48828125
M2,2,M2_20mA_30C_0,frame_0082.png,50.48828125
M2,2,M2_20mA_30C_0,frame_0087.png,50.48828125
M2,2,M2_20mA_30C_0,frame_0088.png,50.48828125
M2,2,M2_20mA_30C_0,frame_0093.png,50.439453125
M2,2,M2_20mA_30C_0,frame_0094.png,50.48828125
M2,2,M2_20mA_30C_0,frame_0096.png,50.537109375
M2,2,M2_20mA_30C_0,frame_0106.png,50.48828125
M2,2,M2_20mA_30C_0,frame_0114.png,50.48828125
M2,2,M2_20mA_30C_0,frame_0116.png,50.48828125
M2,2,M2_20mA_30C_0,frame_0121.png,50.48828125
M2,2,M2_20mA_30C_0,frame_0122.png,50.48828125
M2,2,M2_20mA_30C_0,frame_0124.png,50.48828125
M2,2,M2_20mA_30C_0,frame_0129.png,50.48828125
M2,2,M2_20mA_30C_0,frame_0130.png,50.48828125
M2,2,M2_20mA_30C_0,frame_0133.png,50.48828125
M2,2,M2_20mA_30C_0,frame_0135.png,50.48828125
M2,2,M2_20mA_30C_0,frame_0140.png,50.48828125
M2,2,M2_20mA_30C_0,frame_0143.png,50.48828125
M2,2,M2_20mA_30C_0,frame_0147.png,50.48828125
M2,2,M2_20mA_30C_0,frame_0154.png,50.48828125
M2,2,M2_20mA_30C_0,frame_0157.png,50.48828125
M2,2,M2_20mA_30C_0,frame_0158.png,50.48828125
M2,2,M2_20mA_30C_0,frame_0166.png,50.48828125
M2,2,M2_20mA_30C_0,frame_0168.png,50.48828125
M2,2,M2_20mA_30C_0,frame_0176.png,50.48828125
M2,2,M2_20mA_30C_0,frame_0181.png,50.48828125
M2,2,M2_20mA_30C_0,frame_0183.png,50.48828125
M2,2,M2_20mA_30C_0,frame_0188.png,50.48828125
M2,2,M2_20mA_30C_0,frame_0193.png,50.48828125
M2,2,M2_20mA_40C_0,frame_0036.png,50.48828125
M2,2,M2_20mA_40C_0,frame_0037.png,50.48828125
M2,2,M2_20mA_40C_0,frame_0041.png,50.48828125
M2,2,M2_20mA_40C_0,frame_0044.png,50.48828125
M2,2,M2_20mA_40C_0,frame_0048.png,50.48828125
M2,2,M2_20mA_40C_0,frame_0050.png,50.48828125
M2,2,M2_20mA_40C_0,frame_0055.png,50.68359375
M2,2,M2_20mA_40C_0,frame_0057.png,50.48828125
M2,2,M2_20mA_40C_0,frame_0058.png,50.48828125
M2,2,M2_20mA_40C_0,frame_0060.png,50.48828125
M2,2,M2_20mA_40C_0,frame_0061.png,50.48828125
M2,2,M2_20mA_40C_0,frame_0063.png,50.48828125
M2,2,M2_20mA_40C_0,frame_0071.png,50.48828125
M2,2,M2_20mA_40C_0,frame_0076.png,50.48828125
M2,2,M2_20mA_40C_0,frame_0078.png,50.48828125
M2,2,M2_20mA_40C_0,frame_0080.png,50.48828125
M2,2,M2_20mA_40C_0,frame_0082.png,50.48828125
M2,2,M2_20mA_40C_0,frame_0092.png,50.48828125
M2,2,M2_20mA_40C_0,frame_0097.png,50.48828125
M2,2,M2_20mA_40C_0,frame_0103.png,50.48828125
M2,2,M2_20mA_40C_0,frame_0107.png,50.48828125
M2,2,M2_20mA_40C_0,frame_0109.png,50.48828125
M2,2,M2_20mA_40C_0,frame_0113.png,50.48828125
M2,2,M2_20mA_40C_0,frame_0119.png,50.48828125
M2,2,M2_20mA_40C_0,frame_0120.png,50.48828125
M2,2,M2_20mA_40C_0,frame_0121.png,50.48828125
M2,2,M2_20mA_40C_0,frame_0127.png,50.48828125
M2,2,M2_20mA_40C_0,frame_0130.png,50.68359375
M2,2,M2_20mA_40C_0,frame_0132.png,50.48828125
M2,2,M2_20mA_40C_0,frame_0135.png,51.025390625
M2,2,M2_20mA_40C_0,frame_0136.png,50.48828125
M2,2,M2_20mA_40C_0,frame_0139.png,50.48828125
M2,2,M2_20mA_40C_0,frame_0141.png,50.48828125
M2,2,M2_20mA_40C_0,frame_0144.png,50.48828125
M2,2,M2_20mA_40C_0,frame_0153.png,50.48828125
M2,2,M2_20mA_40C_0,frame_0158.png,50.48828125
M2,2,M2_20mA_40C_0,frame_0162.png,50.48828125
M2,2,M2_20mA_40C_0,frame_0167.png,50.48828125
M2,2,M2_20mA_40C_0,frame_0171.png,50.48828125
M2,2,M2_20mA_40C_0,frame_0172.png,50.48828125
M2,2,M2_20mA_40C_0,frame_0192.png,50.48828125
M2,2,M2_20mA_40C_0,frame_0193.png,50.48828125
M2,2,M2_20mA_40C_0,frame_0197.png,50.48828125
M2,2,M2_20mA_40C_0,frame_0199.png,50.48828125
M2,2,M2_20mA_40C_0,frame_0200.png,50.48828125
M2,2,M2_30mA_20C_0,frame_0028.png,50.48828125
M2,2,M2_30mA_20C_0,frame_0032.png,50.48828125
M2,2,M2_30mA_20C_0,frame_0035.png,50.48828125
M2,2,M2_30mA_20C_0,frame_0052.png,50.537109375
M2,2,M2_30mA_20C_0,frame_0055.png,50.537109375
M2,2,M2_30mA_20C_0,frame_0059.png,50.48828125
M2,2,M2_30mA_20C_0,frame_0061.png,50.48828125
M2,2,M2_30mA_20C_0,frame_0070.png,50.48828125
M2,2,M2_30mA_20C_0,frame_0077.png,50.48828125
M2,2,M2_30mA_20C_0,frame_0085.png,50.48828125
M2,2,M2_30mA_20C_0,frame_0088.png,50.48828125
M2,2,M2_30mA_20C_0,frame_0091.png,50.439453125
M2,2,M2_30mA_20C_0,frame_0094.png,50.48828125
M2,2,M2_30mA_20C_0,frame_0095.png,50.48828125
M2,2,M2_30mA_20C_0,frame_0104.png,50.48828125
M2,2,M2_30mA_20C_0,frame_0105.png,50.48828125
M2,2,M2_30mA_20C_0,frame_0108.png,50.48828125
M2,2,M2_30mA_20C_0,frame_0115.png,50.48828125
M2,2,M2_30mA_20C_0,frame_0116.png,50.48828125
M2,2,M2_30mA_20C_0,frame_0119.png,50.48828125
M2,2,M2_30mA_20C_0,frame_0128.png,50.48828125
M2,2,M2_30mA_20C_0,frame_0131.png,50.48828125
M2,2,M2_30mA_20C_0,frame_0132.png,50.537109375
M2,2,M2_30mA_20C_0,frame_0135.png,50.48828125
M2,2,M2_30mA_20C_0,frame_0137.png,50.48828125
M2,2,M2_30mA_20C_0,frame_0144.png,50.48828125
M2,2,M2_30mA_20C_0,frame_0150.png,50.48828125
M2,2,M2_30mA_20C_0,frame_0155.png,50.48828125
M2,2,M2_30mA_20C_0,frame_0156.png,50.48828125
M2,2,M2_30mA_20C_0,frame_0161.png,50.48828125
M2,2,M2_30mA_20C_0,frame_0164.png,50.48828125
M2,2,M2_30mA_20C_0,frame_0165.png,50.48828125
M2,2,M2_30mA_20C_0,frame_0167.png,50.48828125
M2,2,M2_30mA_20C_0,frame_0168.png,50.48828125
M2,2,M2_30mA_20C_0,frame_0169.png,50.48828125
M2,2,M2_30mA_20C_0,frame_0172.png,50.48828125
M2,2,M2_30mA_20C_0,frame_0174.png,50.48828125
M2,2,M2_30mA_20C_0,frame_0175.png,50.48828125
M2,2,M2_30mA_20C_0,frame_0183.png,50.48828125
M2,2,M2_30mA_20C_0,frame_0184.png,50.48828125
M2,2,M2_30mA_20C_0,frame_0188.png,50.48828125
M2,2,M2_30mA_20C_0,frame_0190.png,50.439453125
M2,2,M2_30mA_20C_0,frame_0191.png,50.48828125
M2,2,M2_30mA_20C_0,frame_0194.png,50.48828125
M2,2,M2_30mA_20C_0,frame_0196.png,50.48828125
M2,2,M2_30mA_30C_0,frame_0025.png,50.48828125
M2,2,M2_30mA_30C_0,frame_0029.png,50.48828125
M2,2,M2_30mA_30C_0,frame_0032.png,50.48828125
M2,2,M2_30mA_30C_0,frame_0033.png,50.48828125
M2,2,M2_30mA_30C_0,frame_0037.png,50.48828125
M2,2,M2_30mA_30C_0,frame_0043.png,50.48828125
M2,2,M2_30mA_30C_0,frame_0044.png,50.48828125
M2,2,M2_30mA_30C_0,frame_0045.png,50.48828125
M2,2,M2_30mA_30C_0,frame_0046.png,50.48828125
M2,2,M2_30mA_30C_0,frame_0049.png,50.439453125
M2,2,M2_30mA_30C_0,frame_0050.png,50.48828125
M2,2,M2_30mA_30C_0,frame_0053.png,50.48828125
M2,2,M2_30mA_30C_0,frame_0057.png,50.48828125
M2,2,M2_30mA_30C_0,frame_0063.png,50.48828125
M2,2,M2_30mA_30C_0,frame_0064.png,50.48828125
M2,2,M2_30mA_30C_0,frame_0068.png,50.48828125
M2,2,M2_30mA_30C_0,frame_0074.png,50.48828125
M2,2,M2_30mA_30C_0,frame_0081.png,50.48828125
M2,2,M2_30mA_30C_0,frame_0082.png,50.48828125
M2,2,M2_30mA_30C_0,frame_0088.png,50.48828125
M2,2,M2_30mA_30C_0,frame_0091.png,50.48828125
M2,2,M2_30mA_30C_0,frame_0094.png,50.48828125
M2,2,M2_30mA_30C_0,frame_0101.png,50.48828125
M2,2,M2_30mA_30C_0,frame_0102.png,50.48828125
M2,2,M2_30mA_30C_0,frame_0111.png,50.48828125
M2,2,M2_30mA_30C_0,frame_0113.png,50.48828125
M2,2,M2_30mA_30C_0,frame_0117.png,50.48828125
M2,2,M2_30mA_30C_0,frame_0121.png,50.48828125
M2,2,M2_30mA_30C_0,frame_0124.png,50.48828125
M2,2,M2_30mA_30C_0,frame_0132.png,50.48828125
M2,2,M2_30mA_30C_0,frame_0135.png,50.48828125
M2,2,M2_30mA_30C_0,frame_0144.png,50.48828125
M2,2,M2_30mA_30C_0,frame_0151.png,50.48828125
M2,2,M2_30mA_30C_0,frame_0157.png,50.48828125
M2,2,M2_30mA_30C_0,frame_0163.png,50.439453125
M2,2,M2_30mA_30C_0,frame_0164.png,50.48828125
M2,2,M2_30mA_30C_0,frame_0165.png,50.48828125
M2,2,M2_30mA_30C_0,frame_0170.png,50.48828125
M2,2,M2_30mA_30C_0,frame_0175.png,50.48828125
M2,2,M2_30mA_30C_0,frame_0177.png,50.48828125
M2,2,M2_30mA_30C_0,frame_0183.png,50.48828125
M2,2,M2_30mA_30C_0,frame_0186.png,50.48828125
M2,2,M2_30mA_30C_0,frame_0189.png,50.48828125
M2,2,M2_30mA_30C_0,frame_0193.png,50.48828125
M2,2,M2_30mA_30C_0,frame_0196.png,50.48828125
M2,2,M2_30mA_40C_0,frame_0029.png,50.48828125
M2,2,M2_30mA_40C_0,frame_0032.png,50.48828125
M2,2,M2_30mA_40C_0,frame_0036.png,50.48828125
M2,2,M2_30mA_40C_0,frame_0037.png,50.48828125
M2,2,M2_30mA_40C_0,frame_0040.png,50.48828125
M2,2,M2_30mA_40C_0,frame_0045.png,50.48828125
M2,2,M2_30mA_40C_0,frame_0046.png,50.48828125
M2,2,M2_30mA_40C_0,frame_0047.png,50.48828125
M2,2,M2_30mA_40C_0,frame_0048.png,50.537109375
M2,2,M2_30mA_40C_0,frame_0049.png,50.48828125
M2,2,M2_30mA_40C_0,frame_0050.png,50.48828125
M2,2,M2_30mA_40C_0,frame_0053.png,50.48828125
M2,2,M2_30mA_40C_0,frame_0054.png,50.48828125
M2,2,M2_30mA_40C_0,frame_0055.png,50.48828125
M2,2,M2_30mA_40C_0,frame_0057.png,50.439453125
M2,2,M2_30mA_40C_0,frame_0060.png,50.48828125
M2,2,M2_30mA_40C_0,frame_0063.png,50.48828125
M2,2,M2_30mA_40C_0,frame_0068.png,50.48828125
M2,2,M2_30mA_40C_0,frame_0077.png,50.48828125
M2,2,M2_30mA_40C_0,frame_0086.png,50.48828125
M2,2,M2_30mA_40C_0,frame_0087.png,50.732421875
M2,2,M2_30mA_40C_0,frame_0088.png,50.48828125
M2,2,M2_30mA_40C_0,frame_0095.png,50.48828125
M2,2,M2_30mA_40C_0,frame_0099.png,50.439453125
M2,2,M2_30mA_40C_0,frame_0102.png,50.48828125
M2,2,M2_30mA_40C_0,frame_0109.png,50.48828125
M2,2,M2_30mA_40C_0,frame_0111.png,50.48828125
M2,2,M2_30mA_40C_0,frame_0117.png,50.48828125
M2,2,M2_30mA_40C_0,frame_0126.png,50.48828125
M2,2,M2_30mA_40C_0,frame_0129.png,50.48828125
M2,2,M2_30mA_40C_0,frame_0131.png,50.48828125
M2,2,M2_30mA_40C_0,frame_0134.png,50.48828125
M2,2,M2_30mA_40C_0,frame_0141.png,50.48828125
M2,2,M2_30mA_40C_0,frame_0156.png,50.48828125
M2,2,M2_30mA_40C_0,frame_0157.png,50.48828125
M2,2,M2_30mA_40C_0,frame_0158.png,50.48828125
M2,2,M2_30mA_40C_0,frame_0159.png,50.48828125
M2,2,M2_30mA_40C_0,frame_0170.png,50.48828125
M2,2,M2_30mA_40C_0,frame_0185.png,50.48828125
M2,2,M2_30mA_40C_0,frame_0187.png,50.48828125
M2,2,M2_30mA_40C_0,frame_0192.png,50.48828125
M2,2,M2_30mA_40C_0,frame_0193.png,50.48828125
M2,2,M2_30mA_40C_0,frame_0195.png,50.48828125
M2,2,M2_30mA_40C_0,frame_0197.png,50.48828125
M2,2,M2_30mA_40C_0,frame_0200.png,50.48828125
M3,3,M3_10mA_20C_0,frame_0035.png,50.927734375
M3,3,M3_10mA_20C_0,frame_0036.png,50.87890625
M3,3,M3_10mA_20C_0,frame_0037.png,50.927734375
M3,3,M3_10mA_20C_0,frame_0038.png,50.927734375
M3,3,M3_10mA_20C_0,frame_0042.png,50.927734375
M3,3,M3_10mA_20C_0,frame_0044.png,50.927734375
M3,3,M3_10mA_20C_0,frame_0051.png,50.927734375
M3,3,M3_10mA_20C_0,frame_0062.png,50.927734375
M3,3,M3_10mA_20C_0,frame_0063.png,50.927734375
M3,3,M3_10mA_20C_0,frame_0065.png,50.927734375
M3,3,M3_10mA_20C_0,frame_0068.png,50.927734375
M3,3,M3_10mA_20C_0,frame_0069.png,50.927734375
M3,3,M3_10mA_20C_0,frame_0071.png,50.927734375
M3,3,M3_10mA_20C_0,frame_0077.png,50.927734375
M3,3,M3_10mA_20C_0,frame_0082.png,50.927734375
M3,3,M3_10mA_20C_0,frame_0083.png,50.927734375
M3,3,M3_10mA_20C_0,frame_0086.png,50.927734375
M3,3,M3_10mA_20C_0,frame_0099.png,50.927734375
M3,3,M3_10mA_20C_0,frame_0102.png,50.927734375
M3,3,M3_10mA_20C_0,frame_0103.png,51.025390625
M3,3,M3_10mA_20C_0,frame_0107.png,50.927734375
M3,3,M3_10mA_20C_0,frame_0113.png,50.927734375
M3,3,M3_10mA_20C_0,frame_0114.png,50.927734375
M3,3,M3_10mA_20C_0,frame_0119.png,50.927734375
M3,3,M3_10mA_20C_0,frame_0120.png,50.927734375
M3,3,M3_10mA_20C_0,frame_0126.png,50.927734375
M3,3,M3_10mA_20C_0,frame_0129.png,50.927734375
M3,3,M3_10mA_20C_0,frame_0130.png,50.927734375
M3,3,M3_10mA_20C_0,frame_0137.png,50.927734375
M3,3,M3_10mA_20C_0,frame_0153.png,50.927734375
M3,3,M3_10mA_20C_0,frame_0154.png,50.927734375
M3,3,M3_10mA_20C_0,frame_0156.png,51.26953125
M3,3,M3_10mA_20C_0,frame_0163.png,50.927734375
M3,3,M3_10mA_20C_0,frame_0165.png,50.927734375
M3,3,M3_10mA_20C_0,frame_0166.png,50.927734375
M3,3,M3_10mA_20C_0,frame_0167.png,50.927734375
M3,3,M3_10mA_20C_0,frame_0169.png,50.927734375
M3,3,M3_10mA_20C_0,frame_0171.png,50.927734375
M3,3,M3_10mA_20C_0,frame_0174.png,50.927734375
M3,3,M3_10mA_20C_0,frame_0178.png,50.927734375
M3,3,M3_10mA_20C_0,frame_0191.png,50.927734375
M3,3,M3_10mA_20C_0,frame_0193.png,50.927734375
M3,3,M3_10mA_20C_0,frame_0194.png,50.9765625
M3,3,M3_10mA_20C_0,frame_0196.png,50.78125
M3,3,M3_10mA_20C_0,frame_0198.png,50.927734375
M3,3,M3_10mA_30C_0,frame_0029.png,50.927734375
M3,3,M3_10mA_30C_0,frame_0036.png,51.07421875
M3,3,M3_10mA_30C_0,frame_0037.png,50.927734375
M3,3,M3_10mA_30C_0,frame_0040.png,50.927734375
M3,3,M3_10mA_30C_0,frame_0041.png,50.9765625
M3,3,M3_10mA_30C_0,frame_0042.png,50.927734375
M3,3,M3_10mA_30C_0,frame_0045.png,50.927734375
M3,3,M3_10mA_30C_0,frame_0050.png,50.927734375
M3,3,M3_10mA_30C_0,frame_0052.png,50.927734375
M3,3,M3_10mA_30C_0,frame_0053.png,50.927734375
M3,3,M3_10mA_30C_0,frame_0054.png,51.07421875
M3,3,M3_10mA_30C_0,frame_0058.png,50.927734375
M3,3,M3_10mA_30C_0,frame_0064.png,50.927734375
M3,3,M3_10mA_30C_0,frame_0072.png,50.927734375
M3,3,M3_10mA_30C_0,frame_0077.png,50.927734375
M3,3,M3_10mA_30C_0,frame_0078.png,50.9765625
M3,3,M3_10mA_30C_0,frame_0079.png,50.830078125
M3,3,M3_10mA_30C_0,frame_0082.png,50.927734375
M3,3,M3_10mA_30C_0,frame_0084.png,50.927734375
M3,3,M3_10mA_30C_0,frame_0096.png,50.927734375
M3,3,M3_10mA_30C_0,frame_0099.png,50.927734375
M3,3,M3_10mA_30C_0,frame_0100.png,50.927734375
M3,3,M3_10mA_30C_0,frame_0103.png,50.927734375
M3,3,M3_10mA_30C_0,frame_0104.png,50.927734375
M3,3,M3_10mA_30C_0,frame_0114.png,50.927734375
M3,3,M3_10mA_30C_0,frame_0117.png,50.927734375
M3,3,M3_10mA_30C_0,frame_0121.png,50.927734375
M3,3,M3_10mA_30C_0,frame_0122.png,50.927734375
M3,3,M3_10mA_30C_0,frame_0127.png,50.927734375
M3,3,M3_10mA_30C_0,frame_0128.png,50.927734375
M3,3,M3_10mA_30C_0,frame_0130.png,50.927734375
M3,3,M3_10mA_30C_0,frame_0132.png,50.927734375
M3,3,M3_10mA_30C_0,frame_0134.png,50.927734375
M3,3,M3_10mA_30C_0,frame_0135.png,50.927734375
M3,3,M3_10mA_30C_0,frame_0148.png,50.927734375
M3,3,M3_10mA_30C_0,frame_0151.png,50.927734375
M3,3,M3_10mA_30C_0,frame_0155.png,50.9765625
M3,3,M3_10mA_30C_0,frame_0159.png,50.927734375
M3,3,M3_10mA_30C_0,frame_0160.png,50.927734375
M3,3,M3_10mA_30C_0,frame_0167.png,50.927734375
M3,3,M3_10mA_30C_0,frame_0177.png,50.927734375
M3,3,M3_10mA_30C_0,frame_0178.png,50.927734375
M3,3,M3_10mA_30C_0,frame_0184.png,50.927734375
M3,3,M3_10mA_30C_0,frame_0189.png,50.927734375
M3,3,M3_10mA_30C_0,frame_0195.png,50.927734375
M3,3,M3_10mA_40C_0,frame_0011.png,50.927734375
M3,3,M3_10mA_40C_0,frame_0014.png,50.927734375
M3,3,M3_10mA_40C_0,frame_0015.png,50.927734375
M3,3,M3_10mA_40C_0,frame_0023.png,50.87890625
M3,3,M3_10mA_40C_0,frame_0035.png,50.927734375
M3,3,M3_10mA_40C_0,frame_0039.png,50.927734375
M3,3,M3_10mA_40C_0,frame_0041.png,50.927734375
M3,3,M3_10mA_40C_0,frame_0044.png,50.927734375
M3,3,M3_10mA_40C_0,frame_0047.png,50.9765625
M3,3,M3_10mA_40C_0,frame_0052.png,50.927734375
M3,3,M3_10mA_40C_0,frame_0056.png,50.87890625
M3,3,M3_10mA_40C_0,frame_0058.png,50.927734375
M3,3,M3_10mA_40C_0,frame_0063.png,50.927734375
M3,3,M3_10mA_40C_0,frame_0066.png,50.927734375
M3,3,M3_10mA_40C_0,frame_0071.png,50.927734375
M3,3,M3_10mA_40C_0,frame_0072.png,50.927734375
M3,3,M3_10mA_40C_0,frame_0081.png,50.927734375
M3,3,M3_10mA_40C_0,frame_0084.png,50.927734375
M3,3,M3_10mA_40C_0,frame_0086.png,50.927734375
M3,3,M3_10mA_40C_0,frame_0095.png,50.927734375
M3,3,M3_10mA_40C_0,frame_0100.png,50.927734375
M3,3,M3_10mA_40C_0,frame_0103.png,51.025390625
M3,3,M3_10mA_40C_0,frame_0114.png,50.927734375
M3,3,M3_10mA_40C_0,frame_0116.png,50.927734375
M3,3,M3_10mA_40C_0,frame_0117.png,50.927734375
M3,3,M3_10mA_40C_0,frame_0119.png,50.927734375
M3,3,M3_10mA_40C_0,frame_0123.png,50.927734375
M3,3,M3_10mA_40C_0,frame_0124.png,50.927734375
M3,3,M3_10mA_40C_0,frame_0132.png,50.927734375
M3,3,M3_10mA_40C_0,frame_0134.png,50.927734375
M3,3,M3_10mA_40C_0,frame_0135.png,50.830078125
M3,3,M3_10mA_40C_0,frame_0145.png,50.927734375
M3,3,M3_10mA_40C_0,frame_0147.png,50.927734375
M3,3,M3_10mA_40C_0,frame_0148.png,50.927734375
M3,3,M3_10mA_40C_0,frame_0151.png,50.830078125
M3,3,M3_10mA_40C_0,frame_0152.png,50.927734375
M3,3,M3_10mA_40C_0,frame_0154.png,50.927734375
M3,3,M3_10mA_40C_0,frame_0165.png,50.927734375
M3,3,M3_10mA_40C_0,frame_0169.png,50.927734375
M3,3,M3_10mA_40C_0,frame_0176.png,50.927734375
M3,3,M3_10mA_40C_0,frame_0181.png,50.927734375
M3,3,M3_10mA_40C_0,frame_0184.png,50.927734375
M3,3,M3_10mA_40C_0,frame_0193.png,50.927734375
M3,3,M3_10mA_40C_0,frame_0195.png,50.927734375
M3,3,M3_10mA_40C_0,frame_0196.png,50.927734375
M3,3,M3_20mA_20C_0,frame_0034.png,50.87890625
M3,3,M3_20mA_20C_0,frame_0039.png,50.927734375
M3,3,M3_20mA_20C_0,frame_0045.png,50.927734375
M3,3,M3_20mA_20C_0,frame_0048.png,50.927734375
M3,3,M3_20mA_20C_0,frame_0051.png,50.927734375
M3,3,M3_20mA_20C_0,frame_0052.png,50.927734375
M3,3,M3_20mA_20C_0,frame_0055.png,50.927734375
M3,3,M3_20mA_20C_0,frame_0056.png,50.927734375
M3,3,M3_20mA_20C_0,frame_0057.png,50.927734375
M3,3,M3_20mA_20C_0,frame_0061.png,50.927734375
M3,3,M3_20mA_20C_0,frame_0065.png,50.927734375
M3,3,M3_20mA_20C_0,frame_0070.png,50.927734375
M3,3,M3_20mA_20C_0,frame_0077.png,50.927734375
M3,3,M3_20mA_20C_0,frame_0078.png,50.927734375
M3,3,M3_20mA_20C_0,frame_0088.png,50.927734375
M3,3,M3_20mA_20C_0,frame_0090.png,50.927734375
M3,3,M3_20mA_20C_0,frame_0094.png,50.927734375
M3,3,M3_20mA_20C_0,frame_0109.png,50.927734375
M3,3,M3_20mA_20C_0,frame_0115.png,50.927734375
M3,3,M3_20mA_20C_0,frame_0116.png,50.927734375
M3,3,M3_20mA_20C_0,frame_0120.png,50.927734375
M3,3,M3_20mA_20C_0,frame_0122.png,50.927734375
M3,3,M3_20mA_20C_0,frame_0123.png,50.927734375
M3,3,M3_20mA_20C_0,frame_0129.png,50.927734375
M3,3,M3_20mA_20C_0,frame_0130.png,50.9765625
M3,3,M3_20mA_20C_0,frame_0133.png,50.927734375
M3,3,M3_20mA_20C_0,frame_0136.png,50.927734375
M3,3,M3_20mA_20C_0,frame_0140.png,50.927734375
M3,3,M3_20mA_20C_0,frame_0147.png,50.927734375
M3,3,M3_20mA_20C_0,frame_0150.png,50.927734375
M3,3,M3_20mA_20C_0,frame_0154.png,50.927734375
M3,3,M3_20mA_20C_0,frame_0160.png,50.927734375
M3,3,M3_20mA_20C_0,frame_0162.png,50.927734375
M3,3,M3_20mA_20C_0,frame_0164.png,50.927734375
M3,3,M3_20mA_20C_0,frame_0168.png,50.927734375
M3,3,M3_20mA_20C_0,frame_0173.png,50.927734375
M3,3,M3_20mA_20C_0,frame_0178.png,50.927734375
M3,3,M3_20mA_20C_0,frame_0180.png,50.927734375
M3,3,M3_20mA_20C_0,frame_0181.png,50.927734375
M3,3,M3_20mA_20C_0,frame_0184.png,50.927734375
M3,3,M3_20mA_20C_0,frame_0190.png,50.927734375
M3,3,M3_20mA_20C_0,frame_0193.png,50.927734375
M3,3,M3_20mA_20C_0,frame_0198.png,50.927734375
M3,3,M3_20mA_20C_0,frame_0199.png,50.927734375
M3,3,M3_20mA_20C_0,frame_0200.png,50.927734375
M3,3,M3_20mA_30C_0,frame_0025.png,50.927734375
M3,3,M3_20mA_30C_0,frame_0036.png,50.732421875
M3,3,M3_20mA_30C_0,frame_0040.png,51.025390625
M3,3,M3_20mA_30C_0,frame_0045.png,50.927734375
M3,3,M3_20mA_30C_0,frame_0048.png,50.732421875
M3,3,M3_20mA_30C_0,frame_0049.png,50.927734375
M3,3,M3_20mA_30C_0,frame_0051.png,50.927734375
M3,3,M3_20mA_30C_0,frame_0052.png,50.927734375
M3,3,M3_20mA_30C_0,frame_0054.png,50.927734375
M3,3,M3_20mA_30C_0,frame_0057.png,50.927734375
M3,3,M3_20mA_30C_0,frame_0061.png,51.025390625
M3,3,M3_20mA_30C_0,frame_0062.png,50.927734375
M3,3,M3_20mA_30C_0,frame_0071.png,50.830078125
M3,3,M3_20mA_30C_0,frame_0076.png,50.9765625
M3,3,M3_20mA_30C_0,frame_0084.png,50.927734375
M3,3,M3_20mA_30C_0,frame_0085.png,50.927734375
M3,3,M3_20mA_30C_0,frame_0089.png,50.927734375
M3,3,M3_20mA_30C_0,frame_0090.png,50.927734375
M3,3,M3_20mA_30C_0,frame_0092.png,50.927734375
M3,3,M3_20mA_30C_0,frame_0099.png,50.927734375
M3,3,M3_20mA_30C_0,frame_0102.png,50.927734375
M3,3,M3_20mA_30C_0,frame_0104.png,50.927734375
M3,3,M3_20mA_30C_0,frame_0107.png,50.927734375
M3,3,M3_20mA_30C_0,frame_0109.png,50.927734375
M3,3,M3_20mA_30C_0,frame_0112.png,50.927734375
M3,3,M3_20mA_30C_0,frame_0113.png,50.927734375
M3,3,M3_20mA_30C_0,frame_0117.png,50.927734375
M3,3,M3_20mA_30C_0,frame_0118.png,50.927734375
M3,3,M3_20mA_30C_0,frame_0126.png,50.927734375
M3,3,M3_20mA_30C_0,frame_0129.png,50.927734375
M3,3,M3_20mA_30C_0,frame_0133.png,50.927734375
M3,3,M3_20mA_30C_0,frame_0135.png,50.927734375
M3,3,M3_20mA_30C_0,frame_0136.png,50.87890625
M3,3,M3_20mA_30C_0,frame_0137.png,50.927734375
M3,3,M3_20mA_30C_0,frame_0145.png,50.9765625
M3,3,M3_20mA_30C_0,frame_0149.png,50.830078125
M3,3,M3_20mA_30C_0,frame_0155.png,50.927734375
M3,3,M3_20mA_30C_0,frame_0156.png,50.927734375
M3,3,M3_20mA_30C_0,frame_0166.png,50.927734375
M3,3,M3_20mA_30C_0,frame_0169.png,50.927734375
M3,3,M3_20mA_30C_0,frame_0172.png,50.732421875
M3,3,M3_20mA_30C_0,frame_0176.png,50.927734375
M3,3,M3_20mA_30C_0,frame_0180.png,50.927734375
M3,3,M3_20mA_30C_0,frame_0181.png,51.3671875
M3,3,M3_20mA_30C_0,frame_0186.png,50.927734375
M3,3,M3_20mA_40C_0,frame_0019.png,50.927734375
M3,3,M3_20mA_40C_0,frame_0025.png,50.927734375
M3,3,M3_20mA_40C_0,frame_0030.png,50.927734375
M3,3,M3_20mA_40C_0,frame_0031.png,50.927734375
M3,3,M3_20mA_40C_0,frame_0032.png,50.927734375
M3,3,M3_20mA_40C_0,frame_0034.png,50.927734375
M3,3,M3_20mA_40C_0,frame_0036.png,50.927734375
M3,3,M3_20mA_40C_0,frame_0048.png,50.927734375
M3,3,M3_20mA_40C_0,frame_0053.png,50.927734375
M3,3,M3_20mA_40C_0,frame_0057.png,50.927734375
M3,3,M3_20mA_40C_0,frame_0061.png,50.927734375
M3,3,M3_20mA_40C_0,frame_0064.png,50.927734375
M3,3,M3_20mA_40C_0,frame_0067.png,50.927734375
M3,3,M3_20mA_40C_0,frame_0068.png,50.927734375
M3,3,M3_20mA_40C_0,frame_0070.png,50.927734375
M3,3,M3_20mA_40C_0,frame_0071.png,50.927734375
M3,3,M3_20mA_40C_0,frame_0080.png,50.9765625
M3,3,M3_20mA_40C_0,frame_0081.png,50.927734375
M3,3,M3_20mA_40C_0,frame_0090.png,50.927734375
M3,3,M3_20mA_40C_0,frame_0095.png,50.927734375
M3,3,M3_20mA_40C_0,frame_0099.png,50.927734375
M3,3,M3_20mA_40C_0,frame_0101.png,50.927734375
M3,3,M3_20mA_40C_0,frame_0102.png,50.927734375
M3,3,M3_20mA_40C_0,frame_0104.png,50.927734375
M3,3,M3_20mA_40C_0,frame_0110.png,50.927734375
M3,3,M3_20mA_40C_0,frame_0112.png,50.927734375
M3,3,M3_20mA_40C_0,frame_0119.png,50.927734375
M3,3,M3_20mA_40C_0,frame_0120.png,50.927734375
M3,3,M3_20mA_40C_0,frame_0126.png,50.927734375
M3,3,M3_20mA_40C_0,frame_0127.png,50.927734375
M3,3,M3_20mA_40C_0,frame_0136.png,50.927734375
M3,3,M3_20mA_40C_0,frame_0139.png,50.927734375
M3,3,M3_20mA_40C_0,frame_0142.png,50.927734375
M3,3,M3_20mA_40C_0,frame_0145.png,50.927734375
M3,3,M3_20mA_40C_0,frame_0150.png,50.927734375
M3,3,M3_20mA_40C_0,frame_0151.png,50.927734375
M3,3,M3_20mA_40C_0,frame_0153.png,50.927734375
M3,3,M3_20mA_40C_0,frame_0157.png,50.927734375
M3,3,M3_20mA_40C_0,frame_0158.png,50.927734375
M3,3,M3_20mA_40C_0,frame_0161.png,50.927734375
M3,3,M3_20mA_40C_0,frame_0166.png,50.927734375
M3,3,M3_20mA_40C_0,frame_0174.png,50.927734375
M3,3,M3_20mA_40C_0,frame_0177.png,50.927734375
M3,3,M3_20mA_40C_0,frame_0180.png,50.9765625
M3,3,M3_20mA_40C_0,frame_0192.png,50.927734375
M3,3,M3_30mA_20C_0,frame_0037.png,50.927734375
M3,3,M3_30mA_20C_0,frame_0040.png,50.927734375
M3,3,M3_30mA_20C_0,frame_0044.png,50.927734375
M3,3,M3_30mA_20C_0,frame_0045.png,50.927734375
M3,3,M3_30mA_20C_0,frame_0048.png,50.927734375
M3,3,M3_30mA_20C_0,frame_0052.png,50.927734375
M3,3,M3_30mA_20C_0,frame_0054.png,50.9765625
M3,3,M3_30mA_20C_0,frame_0057.png,50.927734375
M3,3,M3_30mA_20C_0,frame_0059.png,50.927734375
M3,3,M3_30mA_20C_0,frame_0068.png,50.927734375
M3,3,M3_30mA_20C_0,frame_0070.png,50.927734375
M3,3,M3_30mA_20C_0,frame_0074.png,50.927734375
M3,3,M3_30mA_20C_0,frame_0075.png,50.927734375
M3,3,M3_30mA_20C_0,frame_0079.png,50.927734375
M3,3,M3_30mA_20C_0,frame_0088.png,50.927734375
M3,3,M3_30mA_20C_0,frame_0095.png,50.927734375
M3,3,M3_30mA_20C_0,frame_0099.png,50.927734375
M3,3,M3_30mA_20C_0,frame_0101.png,50.927734375
M3,3,M3_30mA_20C_0,frame_0108.png,50.927734375
M3,3,M3_30mA_20C_0,frame_0116.png,50.927734375
M3,3,M3_30mA_20C_0,frame_0119.png,50.927734375
M3,3,M3_30mA_20C_0,frame_0120.png,50.927734375
M3,3,M3_30mA_20C_0,frame_0123.png,50.927734375
M3,3,M3_30mA_20C_0,frame_0124.png,50.927734375
M3,3,M3_30mA_20C_0,frame_0126.png,50.927734375
M3,3,M3_30mA_20C_0,frame_0130.png,50.927734375
M3,3,M3_30mA_20C_0,frame_0133.png,50.927734375
M3,3,M3_30mA_20C_0,frame_0137.png,50.927734375
M3,3,M3_30mA_20C_0,frame_0141.png,50.87890625
M3,3,M3_30mA_20C_0,frame_0142.png,50.927734375
M3,3,M3_30mA_20C_0,frame_0148.png,50.927734375
M3,3,M3_30mA_20C_0,frame_0149.png,50.927734375
M3,3,M3_30mA_20C_0,frame_0151.png,50.927734375
M3,3,M3_30mA_20C_0,frame_0153.png,50.927734375
M3,3,M3_30mA_20C_0,frame_0157.png,50.927734375
M3,3,M3_30mA_20C_0,frame_0165.png,50.927734375
M3,3,M3_30mA_20C_0,frame_0167.png,50.927734375
M3,3,M3_30mA_20C_0,frame_0169.png,50.927734375
M3,3,M3_30mA_20C_0,frame_0170.png,50.927734375
M3,3,M3_30mA_20C_0,frame_0172.png,50.927734375
M3,3,M3_30mA_20C_0,frame_0176.png,50.927734375
M3,3,M3_30mA_20C_0,frame_0185.png,50.927734375
M3,3,M3_30mA_20C_0,frame_0186.png,50.341796875
M3,3,M3_30mA_20C_0,frame_0192.png,50.927734375
M3,3,M3_30mA_20C_0,frame_0198.png,50.927734375
M3,3,M3_30mA_30C_0,frame_0019.png,50.927734375
M3,3,M3_30mA_30C_0,frame_0022.png,50.927734375
M3,3,M3_30mA_30C_0,frame_0026.png,50.927734375
M3,3,M3_30mA_30C_0,frame_0029.png,50.927734375
M3,3,M3_30mA_30C_0,frame_0030.png,50.927734375
M3,3,M3_30mA_30C_0,frame_0032.png,50.927734375
M3,3,M3_30mA_30C_0,frame_0033.png,50.927734375
M3,3,M3_30mA_30C_0,frame_0038.png,50.927734375
M3,3,M3_30mA_30C_0,frame_0039.png,50.927734375
M3,3,M3_30mA_30C_0,frame_0041.png,50.927734375
M3,3,M3_30mA_30C_0,frame_0051.png,50.927734375
M3,3,M3_30mA_30C_0,frame_0054.png,50.927734375
M3,3,M3_30mA_30C_0,frame_0058.png,50.927734375
M3,3,M3_30mA_30C_0,frame_0059.png,50.927734375
M3,3,M3_30mA_30C_0,frame_0075.png,50.927734375
M3,3,M3_30mA_30C_0,frame_0083.png,50.927734375
M3,3,M3_30mA_30C_0,frame_0085.png,50.927734375
M3,3,M3_30mA_30C_0,frame_0088.png,50.927734375
M3,3,M3_30mA_30C_0,frame_0102.png,50.927734375
M3,3,M3_30mA_30C_0,frame_0104.png,50.927734375
M3,3,M3_30mA_30C_0,frame_0106.png,50.927734375
M3,3,M3_30mA_30C_0,frame_0107.png,50.927734375
M3,3,M3_30mA_30C_0,frame_0116.png,50.927734375
M3,3,M3_30mA_30C_0,frame_0118.png,50.927734375
M3,3,M3_30mA_30C_0,frame_0121.png,50.927734375
M3,3,M3_30mA_30C_0,frame_0129.png,50.927734375
M3,3,M3_30mA_30C_0,frame_0131.png,50.927734375
M3,3,M3_30mA_30C_0,frame_0132.png,50.927734375
M3,3,M3_30mA_30C_0,frame_0138.png,50.927734375
M3,3,M3_30mA_30C_0,frame_0140.png,50.927734375
M3,3,M3_30mA_30C_0,frame_0144.png,50.927734375
M3,3,M3_30mA_30C_0,frame_0147.png,50.927734375
M3,3,M3_30mA_30C_0,frame_0153.png,50.927734375
M3,3,M3_30mA_30C_0,frame_0156.png,50.927734375
M3,3,M3_30mA_30C_0,frame_0157.png,50.927734375
M3,3,M3_30mA_30C_0,frame_0158.png,50.927734375
M3,3,M3_30mA_30C_0,frame_0169.png,50.927734375
M3,3,M3_30mA_30C_0,frame_0172.png,50.927734375
M3,3,M3_30mA_30C_0,frame_0175.png,50.927734375
M3,3,M3_30mA_30C_0,frame_0186.png,50.927734375
M3,3,M3_30mA_30C_0,frame_0187.png,50.927734375
M3,3,M3_30mA_30C_0,frame_0190.png,50.87890625
M3,3,M3_30mA_30C_0,frame_0193.png,50.927734375
M3,3,M3_30mA_30C_0,frame_0194.png,50.927734375
M3,3,M3_30mA_30C_0,frame_0200.png,50.927734375
M3,3,M3_30mA_40C_0,frame_0018.png,50.927734375
M3,3,M3_30mA_40C_0,frame_0025.png,50.927734375
M3,3,M3_30mA_40C_0,frame_0027.png,50.927734375
M3,3,M3_30mA_40C_0,frame_0030.png,50.927734375
M3,3,M3_30mA_40C_0,frame_0033.png,50.87890625
M3,3,M3_30mA_40C_0,frame_0042.png,50.927734375
M3,3,M3_30mA_40C_0,frame_0043.png,50.927734375
M3,3,M3_30mA_40C_0,frame_0049.png,50.927734375
M3,3,M3_30mA_40C_0,frame_0053.png,50.927734375
M3,3,M3_30mA_40C_0,frame_0055.png,50.927734375
M3,3,M3_30mA_40C_0,frame_0058.png,50.927734375
M3,3,M3_30mA_40C_0,frame_0064.png,50.87890625
M3,3,M3_30mA_40C_0,frame_0065.png,50.927734375
M3,3,M3_30mA_40C_0,frame_0067.png,50.927734375
M3,3,M3_30mA_40C_0,frame_0068.png,50.927734375
M3,3,M3_30mA_40C_0,frame_0070.png,50.927734375
M3,3,M3_30mA_40C_0,frame_0074.png,50.927734375
M3,3,M3_30mA_40C_0,frame_0075.png,50.927734375
M3,3,M3_30mA_40C_0,frame_0080.png,50.927734375
M3,3,M3_30mA_40C_0,frame_0085.png,50.830078125
M3,3,M3_30mA_40C_0,frame_0087.png,50.927734375
M3,3,M3_30mA_40C_0,frame_0091.png,50.9765625
M3,3,M3_30mA_40C_0,frame_0105.png,50.927734375
M3,3,M3_30mA_40C_0,frame_0107.png,50.9765625
M3,3,M3_30mA_40C_0,frame_0109.png,50.927734375
M3,3,M3_30mA_40C_0,frame_0112.png,50.927734375
M3,3,M3_30mA_40C_0,frame_0114.png,50.927734375
M3,3,M3_30mA_40C_0,frame_0117.png,50.927734375
M3,3,M3_30mA_40C_0,frame_0120.png,50.927734375
M3,3,M3_30mA_40C_0,frame_0129.png,50.927734375
M3,3,M3_30mA_40C_0,frame_0130.png,50.927734375
M3,3,M3_30mA_40C_0,frame_0141.png,50.87890625
M3,3,M3_30mA_40C_0,frame_0143.png,50.927734375
M3,3,M3_30mA_40C_0,frame_0147.png,50.78125
M3,3,M3_30mA_40C_0,frame_0155.png,50.927734375
M3,3,M3_30mA_40C_0,frame_0161.png,50.927734375
M3,3,M3_30mA_40C_0,frame_0164.png,50.927734375
M3,3,M3_30mA_40C_0,frame_0181.png,50.927734375
M3,3,M3_30mA_40C_0,frame_0184.png,50.927734375
M3,3,M3_30mA_40C_0,frame_0189.png,50.927734375
M3,3,M3_30mA_40C_0,frame_0192.png,50.927734375
M3,3,M3_30mA_40C_0,frame_0193.png,50.927734375
M3,3,M3_30mA_40C_0,frame_0194.png,50.927734375
M3,3,M3_30mA_40C_0,frame_0198.png,50.927734375
M3,3,M3_30mA_40C_0,frame_0200.png,50.68359375
M4,4,M4_10mA_20C_0,frame_0055.png,48.4375
M4,4,M4_10mA_20C_0,frame_0056.png,48.4375
M4,4,M4_10mA_20C_0,frame_0057.png,48.4375
M4,4,M4_10mA_20C_0,frame_0058.png,48.4375
M4,4,M4_10mA_20C_0,frame_0062.png,48.4375
M4,4,M4_10mA_20C_0,frame_0065.png,48.53515625
M4,4,M4_10mA_20C_0,frame_0068.png,48.4375
M4,4,M4_10mA_20C_0,frame_0070.png,48.4375
M4,4,M4_10mA_20C_0,frame_0075.png,48.4375
M4,4,M4_10mA_20C_0,frame_0076.png,48.53515625
M4,4,M4_10mA_20C_0,frame_0077.png,48.4375
M4,4,M4_10mA_20C_0,frame_0086.png,48.486328125
M4,4,M4_10mA_20C_0,frame_0094.png,48.4375
M4,4,M4_10mA_20C_0,frame_0097.png,48.4375
M4,4,M4_10mA_20C_0,frame_0100.png,48.4375
M4,4,M4_10mA_20C_0,frame_0102.png,48.4375
M4,4,M4_10mA_20C_0,frame_0103.png,48.4375
M4,4,M4_10mA_20C_0,frame_0106.png,48.4375
M4,4,M4_10mA_20C_0,frame_0113.png,48.4375
M4,4,M4_10mA_20C_0,frame_0117.png,48.4375
M4,4,M4_10mA_20C_0,frame_0118.png,48.4375
M4,4,M4_10mA_20C_0,frame_0122.png,48.4375
M4,4,M4_10mA_20C_0,frame_0126.png,48.4375
M4,4,M4_10mA_20C_0,frame_0128.png,48.4375
M4,4,M4_10mA_20C_0,frame_0129.png,48.4375
M4,4,M4_10mA_20C_0,frame_0131.png,48.4375
M4,4,M4_10mA_20C_0,frame_0135.png,48.388671875
M4,4,M4_10mA_20C_0,frame_0136.png,48.4375
M4,4,M4_10mA_20C_0,frame_0142.png,48.486328125
M4,4,M4_10mA_20C_0,frame_0143.png,48.4375
M4,4,M4_10mA_20C_0,frame_0145.png,48.681640625
M4,4,M4_10mA_20C_0,frame_0146.png,48.4375
M4,4,M4_10mA_20C_0,frame_0147.png,48.4375
M4,4,M4_10mA_20C_0,frame_0149.png,48.4375
M4,4,M4_10mA_20C_0,frame_0151.png,48.4375
M4,4,M4_10mA_20C_0,frame_0152.png,48.486328125
M4,4,M4_10mA_20C_0,frame_0159.png,48.486328125
M4,4,M4_10mA_20C_0,frame_0162.png,48.486328125
M4,4,M4_10mA_20C_0,frame_0166.png,48.4375
M4,4,M4_10mA_20C_0,frame_0169.png,48.4375
M4,4,M4_10mA_20C_0,frame_0172.png,48.486328125
M4,4,M4_10mA_20C_0,frame_0177.png,48.4375
M4,4,M4_10mA_20C_0,frame_0187.png,48.4375
M4,4,M4_10mA_20C_0,frame_0191.png,48.4375
M4,4,M4_10mA_20C_0,frame_0198.png,48.6328125
M4,4,M4_10mA_30C_0,frame_0030.png,48.4375
M4,4,M4_10mA_30C_0,frame_0034.png,48.4375
M4,4,M4_10mA_30C_0,frame_0043.png,48.4375
M4,4,M4_10mA_30C_0,frame_0048.png,48.4375
M4,4,M4_10mA_30C_0,frame_0050.png,48.6328125
M4,4,M4_10mA_30C_0,frame_0051.png,48.4375
M4,4,M4_10mA_30C_0,frame_0054.png,48.4375
M4,4,M4_10mA_30C_0,frame_0055.png,48.4375
M4,4,M4_10mA_30C_0,frame_0056.png,48.4375
M4,4,M4_10mA_30C_0,frame_0059.png,48.4375
M4,4,M4_10mA_30C_0,frame_0069.png,48.4375
M4,4,M4_10mA_30C_0,frame_0074.png,48.4375
M4,4,M4_10mA_30C_0,frame_0075.png,48.73046875
M4,4,M4_10mA_30C_0,frame_0076.png,48.4375
M4,4,M4_10mA_30C_0,frame_0079.png,48.583984375
M4,4,M4_10mA_30C_0,frame_0080.png,48.6328125
M4,4,M4_10mA_30C_0,frame_0083.png,48.4375
M4,4,M4_10mA_30C_0,frame_0085.png,48.4375
M4,4,M4_10mA_30C_0,frame_0088.png,48.4375
M4,4,M4_10mA_30C_0,frame_0089.png,48.4375
M4,4,M4_10mA_30C_0,frame_0095.png,48.4375
M4,4,M4_10mA_30C_0,frame_0096.png,48.53515625
M4,4,M4_10mA_30C_0,frame_0097.png,48.4375
M4,4,M4_10mA_30C_0,frame_0098.png,48.486328125
M4,4,M4_10mA_30C_0,frame_0103.png,48.4375
M4,4,M4_10mA_30C_0,frame_0111.png,48.4375
M4,4,M4_10mA_30C_0,frame_0120.png,48.4375
M4,4,M4_10mA_30C_0,frame_0126.png,48.291015625
M4,4,M4_10mA_30C_0,frame_0128.png,48.486328125
M4,4,M4_10mA_30C_0,frame_0130.png,48.486328125
M4,4,M4_10mA_30C_0,frame_0131.png,48.4375
M4,4,M4_10mA_30C_0,frame_0134.png,48.4375
M4,4,M4_10mA_30C_0,frame_0135.png,48.486328125
M4,4,M4_10mA_30C_0,frame_0136.png,48.486328125
M4,4,M4_10mA_30C_0,frame_0139.png,48.4375
M4,4,M4_10mA_30C_0,frame_0152.png,48.53515625
M4,4,M4_10mA_30C_0,frame_0153.png,48.4375
M4,4,M4_10mA_30C_0,frame_0154.png,48.4375
M4,4,M4_10mA_30C_0,frame_0155.png,48.53515625
M4,4,M4_10mA_30C_0,frame_0171.png,48.4375
M4,4,M4_10mA_30C_0,frame_0177.png,48.4375
M4,4,M4_10mA_30C_0,frame_0182.png,48.4375
M4,4,M4_10mA_30C_0,frame_0188.png,48.4375
M4,4,M4_10mA_30C_0,frame_0190.png,48.4375
M4,4,M4_10mA_30C_0,frame_0191.png,48.4375
M4,4,M4_10mA_40C_0,frame_0021.png,48.4375
M4,4,M4_10mA_40C_0,frame_0022.png,48.388671875
M4,4,M4_10mA_40C_0,frame_0032.png,48.4375
M4,4,M4_10mA_40C_0,frame_0041.png,48.486328125
M4,4,M4_10mA_40C_0,frame_0043.png,48.4375
M4,4,M4_10mA_40C_0,frame_0044.png,48.4375
M4,4,M4_10mA_40C_0,frame_0055.png,48.486328125
M4,4,M4_10mA_40C_0,frame_0056.png,48.486328125
M4,4,M4_10mA_40C_0,frame_0063.png,48.4375
M4,4,M4_10mA_40C_0,frame_0066.png,48.4375
M4,4,M4_10mA_40C_0,frame_0072.png,48.4375
M4,4,M4_10mA_40C_0,frame_0077.png,48.4375
M4,4,M4_10mA_40C_0,frame_0084.png,48.4375
M4,4,M4_10mA_40C_0,frame_0090.png,48.4375
M4,4,M4_10mA_40C_0,frame_0097.png,48.4375
M4,4,M4_10mA_40C_0,frame_0099.png,48.4375
M4,4,M4_10mA_40C_0,frame_0103.png,48.4375
M4,4,M4_10mA_40C_0,frame_0104.png,48.4375
M4,4,M4_10mA_40C_0,frame_0108.png,48.4375
M4,4,M4_10mA_40C_0,frame_0111.png,48.4375
M4,4,M4_10mA_40C_0,frame_0121.png,48.4375
M4,4,M4_10mA_40C_0,frame_0124.png,48.4375
M4,4,M4_10mA_40C_0,frame_0131.png,48.4375
M4,4,M4_10mA_40C_0,frame_0134.png,48.4375
M4,4,M4_10mA_40C_0,frame_0142.png,48.4375
M4,4,M4_10mA_40C_0,frame_0144.png,48.4375
M4,4,M4_10mA_40C_0,frame_0145.png,48.4375
M4,4,M4_10mA_40C_0,frame_0149.png,48.4375
M4,4,M4_10mA_40C_0,frame_0150.png,48.681640625
M4,4,M4_10mA_40C_0,frame_0153.png,48.4375
M4,4,M4_10mA_40C_0,frame_0158.png,48.4375
M4,4,M4_10mA_40C_0,frame_0162.png,48.4375
M4,4,M4_10mA_40C_0,frame_0165.png,48.4375
M4,4,M4_10mA_40C_0,frame_0166.png,48.6328125
M4,4,M4_10mA_40C_0,frame_0167.png,48.4375
M4,4,M4_10mA_40C_0,frame_0170.png,48.486328125
M4,4,M4_10mA_40C_0,frame_0172.png,48.4375
M4,4,M4_10mA_40C_0,frame_0177.png,48.4375
M4,4,M4_10mA_40C_0,frame_0178.png,48.388671875
M4,4,M4_10mA_40C_0,frame_0179.png,48.4375
M4,4,M4_10mA_40C_0,frame_0186.png,48.486328125
M4,4,M4_10mA_40C_0,frame_0194.png,48.4375
M4,4,M4_10mA_40C_0,frame_0195.png,48.4375
M4,4,M4_10mA_40C_0,frame_0196.png,48.779296875
M4,4,M4_10mA_40C_0,frame_0199.png,48.4375
M4,4,M4_20mA_20C_0,frame_0013.png,48.4375
M4,4,M4_20mA_20C_0,frame_0022.png,48.4375
M4,4,M4_20mA_20C_0,frame_0027.png,48.4375
M4,4,M4_20mA_20C_0,frame_0028.png,48.4375
M4,4,M4_20mA_20C_0,frame_0030.png,48.4375
M4,4,M4_20mA_20C_0,frame_0040.png,48.4375
M4,4,M4_20mA_20C_0,frame_0043.png,48.4375
M4,4,M4_20mA_20C_0,frame_0050.png,48.53515625
M4,4,M4_20mA_20C_0,frame_0054.png,48.53515625
M4,4,M4_20mA_20C_0,frame_0061.png,48.4375
M4,4,M4_20mA_20C_0,frame_0062.png,48.4375
M4,4,M4_20mA_20C_0,frame_0064.png,48.4375
M4,4,M4_20mA_20C_0,frame_0067.png,48.4375
M4,4,M4_20mA_20C_0,frame_0068.png,48.4375
M4,4,M4_20mA_20C_0,frame_0072.png,48.4375
M4,4,M4_20mA_20C_0,frame_0077.png,48.4375
M4,4,M4_20mA_20C_0,frame_0078.png,48.4375
M4,4,M4_20mA_20C_0,frame_0079.png,48.4375
M4,4,M4_20mA_20C_0,frame_0084.png,48.4375
M4,4,M4_20mA_20C_0,frame_0095.png,48.4375
M4,4,M4_20mA_20C_0,frame_0097.png,48.4375
M4,4,M4_20mA_20C_0,frame_0102.png,48.4375
M4,4,M4_20mA_20C_0,frame_0105.png,48.4375
M4,4,M4_20mA_20C_0,frame_0110.png,48.4375
M4,4,M4_20mA_20C_0,frame_0111.png,48.388671875
M4,4,M4_20mA_20C_0,frame_0128.png,48.486328125
M4,4,M4_20mA_20C_0,frame_0132.png,48.4375
M4,4,M4_20mA_20C_0,frame_0136.png,48.33984375
M4,4,M4_20mA_20C_0,frame_0140.png,48.486328125
M4,4,M4_20mA_20C_0,frame_0141.png,48.4375
M4,4,M4_20mA_20C_0,frame_0148.png,48.4375
M4,4,M4_20mA_20C_0,frame_0149.png,48.4375
M4,4,M4_20mA_20C_0,frame_0150.png,48.388671875
M4,4,M4_20mA_20C_0,frame_0155.png,48.4375
M4,4,M4_20mA_20C_0,frame_0161.png,48.4375
M4,4,M4_20mA_20C_0,frame_0171.png,48.4375
M4,4,M4_20mA_20C_0,frame_0174.png,48.4375
M4,4,M4_20mA_20C_0,frame_0177.png,48.4375
M4,4,M4_20mA_20C_0,frame_0178.png,48.4375
M4,4,M4_20mA_20C_0,frame_0180.png,48.4375
M4,4,M4_20mA_20C_0,frame_0184.png,48.4375
M4,4,M4_20mA_20C_0,frame_0187.png,48.4375
M4,4,M4_20mA_20C_0,frame_0190.png,48.4375
M4,4,M4_20mA_20C_0,frame_0191.png,48.388671875
M4,4,M4_20mA_20C_0,frame_0200.png,48.4375
M4,4,M4_20mA_30C_0,frame_0023.png,48.4375
M4,4,M4_20mA_30C_0,frame_0027.png,48.4375
M4,4,M4_20mA_30C_0,frame_0031.png,48.4375
M4,4,M4_20mA_30C_0,frame_0033.png,48.291015625
M4,4,M4_20mA_30C_0,frame_0038.png,48.4375
M4,4,M4_20mA_30C_0,frame_0041.png,48.4375
M4,4,M4_20mA_30C_0,frame_0046.png,48.4375
M4,4,M4_20mA_30C_0,frame_0050.png,48.388671875
M4,4,M4_20mA_30C_0,frame_0051.png,48.4375
M4,4,M4_20mA_30C_0,frame_0052.png,48.4375
M4,4,M4_20mA_30C_0,frame_0056.png,48.4375
M4,4,M4_20mA_30C_0,frame_0063.png,48.4375
M4,4,M4_20mA_30C_0,frame_0066.png,48.4375
M4,4,M4_20mA_30C_0,frame_0073.png,48.2421875
M4,4,M4_20mA_30C_0,frame_0078.png,48.4375
M4,4,M4_20mA_30C_0,frame_0083.png,48.4375
M4,4,M4_20mA_30C_0,frame_0085.png,48.4375
M4,4,M4_20mA_30C_0,frame_0086.png,48.4375
M4,4,M4_20mA_30C_0,frame_0089.png,48.4375
M4,4,M4_20mA_30C_0,frame_0093.png,48.4375
M4,4,M4_20mA_30C_0,frame_0095.png,48.53515625
M4,4,M4_20mA_30C_0,frame_0098.png,48.4375
M4,4,M4_20mA_30C_0,frame_0108.png,48.4375
M4,4,M4_20mA_30C_0,frame_0112.png,48.4375
M4,4,M4_20mA_30C_0,frame_0119.png,48.4375
M4,4,M4_20mA_30C_0,frame_0120.png,48.291015625
M4,4,M4_20mA_30C_0,frame_0123.png,48.33984375
M4,4,M4_20mA_30C_0,frame_0124.png,48.4375
M4,4,M4_20mA_30C_0,frame_0130.png,48.4375
M4,4,M4_20mA_30C_0,frame_0132.png,48.4375
M4,4,M4_20mA_30C_0,frame_0133.png,48.4375
M4,4,M4_20mA_30C_0,frame_0147.png,48.4375
M4,4,M4_20mA_30C_0,frame_0150.png,48.4375
M4,4,M4_20mA_30C_0,frame_0151.png,48.4375
M4,4,M4_20mA_30C_0,frame_0158.png,48.4375
M4,4,M4_20mA_30C_0,frame_0159.png,48.4375
M4,4,M4_20mA_30C_0,frame_0162.png,48.4375
M4,4,M4_20mA_30C_0,frame_0165.png,48.4375
M4,4,M4_20mA_30C_0,frame_0171.png,48.53515625
M4,4,M4_20mA_30C_0,frame_0173.png,48.53515625
M4,4,M4_20mA_30C_0,frame_0175.png,48.4375
M4,4,M4_20mA_30C_0,frame_0179.png,48.4375
M4,4,M4_20mA_30C_0,frame_0182.png,48.53515625
M4,4,M4_20mA_30C_0,frame_0183.png,48.486328125
M4,4,M4_20mA_30C_0,frame_0193.png,48.4375
M4,4,M4_20mA_40C_0,frame_0024.png,48.4375
M4,4,M4_20mA_40C_0,frame_0027.png,48.4375
M4,4,M4_20mA_40C_0,frame_0037.png,48.4375
M4,4,M4_20mA_40C_0,frame_0049.png,48.4375
M4,4,M4_20mA_40C_0,frame_0051.png,47.900390625
M4,4,M4_20mA_40C_0,frame_0054.png,48.4375
M4,4,M4_20mA_40C_0,frame_0056.png,48.4375
M4,4,M4_20mA_40C_0,frame_0061.png,48.53515625
M4,4,M4_20mA_40C_0,frame_0066.png,48.4375
M4,4,M4_20mA_40C_0,frame_0077.png,48.4375
M4,4,M4_20mA_40C_0,frame_0081.png,48.4375
M4,4,M4_20mA_40C_0,frame_0082.png,48.486328125
M4,4,M4_20mA_40C_0,frame_0084.png,49.21875
M4,4,M4_20mA_40C_0,frame_0089.png,48.4375
M4,4,M4_20mA_40C_0,frame_0090.png,48.583984375
M4,4,M4_20mA_40C_0,frame_0099.png,48.4375
M4,4,M4_20mA_40C_0,frame_0101.png,48.4375
M4,4,M4_20mA_40C_0,frame_0102.png,48.4375
M4,4,M4_20mA_40C_0,frame_0103.png,48.486328125
M4,4,M4_20mA_40C_0,frame_0110.png,48.4375
M4,4,M4_20mA_40C_0,frame_0111.png,48.583984375
M4,4,M4_20mA_40C_0,frame_0113.png,48.4375
M4,4,M4_20mA_40C_0,frame_0115.png,48.583984375
M4,4,M4_20mA_40C_0,frame_0116.png,48.486328125
M4,4,M4_20mA_40C_0,frame_0120.png,48.4375
M4,4,M4_20mA_40C_0,frame_0123.png,48.4375
M4,4,M4_20mA_40C_0,frame_0128.png,48.4375
M4,4,M4_20mA_40C_0,frame_0129.png,48.4375
M4,4,M4_20mA_40C_0,frame_0133.png,48.486328125
M4,4,M4_20mA_40C_0,frame_0134.png,48.4375
M4,4,M4_20mA_40C_0,frame_0142.png,48.2421875
M4,4,M4_20mA_40C_0,frame_0145.png,48.4375
M4,4,M4_20mA_40C_0,frame_0153.png,48.4375
M4,4,M4_20mA_40C_0,frame_0154.png,48.4375
M4,4,M4_20mA_40C_0,frame_0156.png,48.4375
M4,4,M4_20mA_40C_0,frame_0159.png,48.73046875
M4,4,M4_20mA_40C_0,frame_0163.png,48.4375
M4,4,M4_20mA_40C_0,frame_0164.png,48.388671875
M4,4,M4_20mA_40C_0,frame_0172.png,48.4375
M4,4,M4_20mA_40C_0,frame_0173.png,48.4375
M4,4,M4_20mA_40C_0,frame_0175.png,48.486328125
M4,4,M4_20mA_40C_0,frame_0176.png,48.4375
M4,4,M4_20mA_40C_0,frame_0181.png,48.6328125
M4,4,M4_20mA_40C_0,frame_0182.png,48.4375
M4,4,M4_20mA_40C_0,frame_0187.png,48.4375
M4,4,M4_30mA_20C_0,frame_0026.png,48.4375
M4,4,M4_30mA_20C_0,frame_0032.png,48.4375
M4,4,M4_30mA_20C_0,frame_0033.png,48.4375
M4,4,M4_30mA_20C_0,frame_0034.png,48.388671875
M4,4,M4_30mA_20C_0,frame_0045.png,48.4375
M4,4,M4_30mA_20C_0,frame_0049.png,48.4375
M4,4,M4_30mA_20C_0,frame_0054.png,48.388671875
M4,4,M4_30mA_20C_0,frame_0061.png,48.486328125
M4,4,M4_30mA_20C_0,frame_0064.png,48.4375
M4,4,M4_30mA_20C_0,frame_0065.png,48.583984375
M4,4,M4_30mA_20C_0,frame_0068.png,48.4375
M4,4,M4_30mA_20C_0,frame_0072.png,48.486328125
M4,4,M4_30mA_20C_0,frame_0073.png,48.73046875
M4,4,M4_30mA_20C_0,frame_0077.png,48.4375
M4,4,M4_30mA_20C_0,frame_0079.png,48.388671875
M4,4,M4_30mA_20C_0,frame_0082.png,48.4375
M4,4,M4_30mA_20C_0,frame_0087.png,48.4375
M4,4,M4_30mA_20C_0,frame_0088.png,48.4375
M4,4,M4_30mA_20C_0,frame_0090.png,48.4375
M4,4,M4_30mA_20C_0,frame_0094.png,48.4375
M4,4,M4_30mA_20C_0,frame_0095.png,48.4375
M4,4,M4_30mA_20C_0,frame_0097.png,48.4375
M4,4,M4_30mA_20C_0,frame_0098.png,48.4375
M4,4,M4_30mA_20C_0,frame_0100.png,48.388671875
M4,4,M4_30mA_20C_0,frame_0105.png,48.486328125
M4,4,M4_30mA_20C_0,frame_0107.png,48.4375
M4,4,M4_30mA_20C_0,frame_0120.png,48.4375
M4,4,M4_30mA_20C_0,frame_0131.png,48.4375
M4,4,M4_30mA_20C_0,frame_0132.png,48.583984375
M4,4,M4_30mA_20C_0,frame_0133.png,48.4375
M4,4,M4_30mA_20C_0,frame_0135.png,48.486328125
M4,4,M4_30mA_20C_0,frame_0143.png,48.4375
M4,4,M4_30mA_20C_0,frame_0148.png,48.4375
M4,4,M4_30mA_20C_0,frame_0152.png,48.4375
M4,4,M4_30mA_20C_0,frame_0156.png,48.486328125
M4,4,M4_30mA_20C_0,frame_0159.png,48.4375
M4,4,M4_30mA_20C_0,frame_0162.png,48.4375
M4,4,M4_30mA_20C_0,frame_0177.png,48.4375
M4,4,M4_30mA_20C_0,frame_0179.png,48.4375
M4,4,M4_30mA_20C_0,frame_0182.png,48.388671875
M4,4,M4_30mA_20C_0,frame_0184.png,48.4375
M4,4,M4_30mA_20C_0,frame_0186.png,48.4375
M4,4,M4_30mA_20C_0,frame_0187.png,48.4375
M4,4,M4_30mA_20C_0,frame_0199.png,48.4375
M4,4,M4_30mA_20C_0,frame_0200.png,48.4375
M4,4,M4_30mA_30C_0,frame_0012.png,48.4375
M4,4,M4_30mA_30C_0,frame_0021.png,48.4375
M4,4,M4_30mA_30C_0,frame_0024.png,48.4375
M4,4,M4_30mA_30C_0,frame_0039.png,48.4375
M4,4,M4_30mA_30C_0,frame_0049.png,48.4375
M4,4,M4_30mA_30C_0,frame_0056.png,48.4375
M4,4,M4_30mA_30C_0,frame_0058.png,48.53515625
M4,4,M4_30mA_30C_0,frame_0060.png,48.4375
M4,4,M4_30mA_30C_0,frame_0076.png,48.4375
M4,4,M4_30mA_30C_0,frame_0079.png,48.4375
M4,4,M4_30mA_30C_0,frame_0080.png,48.4375
M4,4,M4_30mA_30C_0,frame_0081.png,48.486328125
M4,4,M4_30mA_30C_0,frame_0082.png,48.4375
M4,4,M4_30mA_30C_0,frame_0089.png,48.291015625
M4,4,M4_30mA_30C_0,frame_0092.png,48.4375
M4,4,M4_30mA_30C_0,frame_0095.png,48.4375
M4,4,M4_30mA_30C_0,frame_0102.png,48.4375
M4,4,M4_30mA_30C_0,frame_0103.png,48.4375
M4,4,M4_30mA_30C_0,frame_0105.png,48.53515625
M4,4,M4_30mA_30C_0,frame_0106.png,48.4375
M4,4,M4_30mA_30C_0,frame_0109.png,48.2421875
M4,4,M4_30mA_30C_0,frame_0126.png,48.046875
M4,4,M4_30mA_30C_0,frame_0131.png,48.4375
M4,4,M4_30mA_30C_0,frame_0133.png,48.4375
M4,4,M4_30mA_30C_0,frame_0136.png,48.4375
M4,4,M4_30mA_30C_0,frame_0139.png,48.4375
M4,4,M4_30mA_30C_0,frame_0143.png,48.4375
M4,4,M4_30mA_30C_0,frame_0146.png,48.4375
M4,4,M4_30mA_30C_0,frame_0153.png,48.4375
M4,4,M4_30mA_30C_0,frame_0158.png,48.4375
M4,4,M4_30mA_30C_0,frame_0166.png,48.4375
M4,4,M4_30mA_30C_0,frame_0167.png,48.2421875
M4,4,M4_30mA_30C_0,frame_0168.png,48.4375
M4,4,M4_30mA_30C_0,frame_0170.png,48.4375
M4,4,M4_30mA_30C_0,frame_0176.png,48.4375
M4,4,M4_30mA_30C_0,frame_0179.png,48.4375
M4,4,M4_30mA_30C_0,frame_0180.png,48.4375
M4,4,M4_30mA_30C_0,frame_0182.png,48.4375
M4,4,M4_30mA_30C_0,frame_0187.png,48.4375
M4,4,M4_30mA_30C_0,frame_0190.png,48.4375
M4,4,M4_30mA_30C_0,frame_0193.png,48.4375
M4,4,M4_30mA_30C_0,frame_0195.png,48.14453125
M4,4,M4_30mA_30C_0,frame_0196.png,48.4375
M4,4,M4_30mA_30C_0,frame_0197.png,48.53515625
M4,4,M4_30mA_30C_0,frame_0200.png,48.4375
M4,4,M4_30mA_40C_0,frame_0026.png,48.4375
M4,4,M4_30mA_40C_0,frame_0034.png,48.193359375
M4,4,M4_30mA_40C_0,frame_0043.png,48.583984375
M4,4,M4_30mA_40C_0,frame_0044.png,48.974609375
M4,4,M4_30mA_40C_0,frame_0045.png,48.6328125
M4,4,M4_30mA_40C_0,frame_0047.png,48.33984375
M4,4,M4_30mA_40C_0,frame_0051.png,48.486328125
M4,4,M4_30mA_40C_0,frame_0055.png,48.681640625
M4,4,M4_30mA_40C_0,frame_0057.png,48.828125
M4,4,M4_30mA_40C_0,frame_0062.png,48.4375
M4,4,M4_30mA_40C_0,frame_0075.png,48.486328125
M4,4,M4_30mA_40C_0,frame_0080.png,48.583984375
M4,4,M4_30mA_40C_0,frame_0081.png,48.486328125
M4,4,M4_30mA_40C_0,frame_0089.png,48.681640625
M4,4,M4_30mA_40C_0,frame_0092.png,48.53515625
M4,4,M4_30mA_40C_0,frame_0094.png,48.583984375
M4,4,M4_30mA_40C_0,frame_0095.png,47.998046875
M4,4,M4_30mA_40C_0,frame_0096.png,48.2421875
M4,4,M4_30mA_40C_0,frame_0097.png,48.388671875
M4,4,M4_30mA_40C_0,frame_0103.png,48.4375
M4,4,M4_30mA_40C_0,frame_0111.png,48.53515625
M4,4,M4_30mA_40C_0,frame_0112.png,48.4375
M4,4,M4_30mA_40C_0,frame_0114.png,48.53515625
M4,4,M4_30mA_40C_0,frame_0116.png,48.53515625
M4,4,M4_30mA_40C_0,frame_0121.png,47.8515625
M4,4,M4_30mA_40C_0,frame_0123.png,48.681640625
M4,4,M4_30mA_40C_0,frame_0124.png,48.73046875
M4,4,M4_30mA_40C_0,frame_0125.png,48.388671875
M4,4,M4_30mA_40C_0,frame_0130.png,48.53515625
M4,4,M4_30mA_40C_0,frame_0131.png,48.974609375
M4,4,M4_30mA_40C_0,frame_0137.png,48.486328125
M4,4,M4_30mA_40C_0,frame_0144.png,48.73046875
M4,4,M4_30mA_40C_0,frame_0149.png,48.4375
M4,4,M4_30mA_40C_0,frame_0155.png,48.681640625
M4,4,M4_30mA_40C_0,frame_0156.png,48.6328125
M4,4,M4_30mA_40C_0,frame_0158.png,47.8515625
M4,4,M4_30mA_40C_0,frame_0160.png,48.388671875
M4,4,M4_30mA_40C_0,frame_0164.png,48.388671875
M4,4,M4_30mA_40C_0,frame_0178.png,48.388671875
M4,4,M4_30mA_40C_0,frame_0184.png,48.193359375
M4,4,M4_30mA_40C_0,frame_0188.png,48.4375
M4,4,M4_30mA_40C_0,frame_0190.png,48.828125
M4,4,M4_30mA_40C_0,frame_0191.png,48.4375
M4,4,M4_30mA_40C_0,frame_0195.png,48.486328125
M4,4,M4_30mA_40C_0,frame_0198.png,48.388671875
M5,5,M5_10mA_20C_0,frame_0023.png,50.0
M5,5,M5_10mA_20C_0,frame_0024.png,49.4140625
M5,5,M5_10mA_20C_0,frame_0028.png,49.951171875
M5,5,M5_10mA_20C_0,frame_0029.png,49.853515625
M5,5,M5_10mA_20C_0,frame_0039.png,50.244140625
M5,5,M5_10mA_20C_0,frame_0040.png,49.8046875
M5,5,M5_10mA_20C_0,frame_0041.png,49.90234375
M5,5,M5_10mA_20C_0,frame_0044.png,50.09765625
M5,5,M5_10mA_20C_0,frame_0053.png,50.048828125
M5,5,M5_10mA_20C_0,frame_0061.png,49.951171875
M5,5,M5_10mA_20C_0,frame_0069.png,49.853515625
M5,5,M5_10mA_20C_0,frame_0074.png,50.048828125
M5,5,M5_10mA_20C_0,frame_0076.png,50.048828125
M5,5,M5_10mA_20C_0,frame_0085.png,49.90234375
M5,5,M5_10mA_20C_0,frame_0086.png,50.244140625
M5,5,M5_10mA_20C_0,frame_0089.png,50.146484375
M5,5,M5_10mA_20C_0,frame_0092.png,50.09765625
M5,5,M5_10mA_20C_0,frame_0094.png,50.0
M5,5,M5_10mA_20C_0,frame_0098.png,50.0
M5,5,M5_10mA_20C_0,frame_0100.png,50.048828125
M5,5,M5_10mA_20C_0,frame_0109.png,49.853515625
M5,5,M5_10mA_20C_0,frame_0110.png,50.048828125
M5,5,M5_10mA_20C_0,frame_0112.png,50.0
M5,5,M5_10mA_20C_0,frame_0116.png,49.951171875
M5,5,M5_10mA_20C_0,frame_0121.png,50.048828125
M5,5,M5_10mA_20C_0,frame_0126.png,50.048828125
M5,5,M5_10mA_20C_0,frame_0128.png,50.29296875
M5,5,M5_10mA_20C_0,frame_0129.png,49.951171875
M5,5,M5_10mA_20C_0,frame_0134.png,50.048828125
M5,5,M5_10mA_20C_0,frame_0135.png,50.048828125
M5,5,M5_10mA_20C_0,frame_0141.png,50.1953125
M5,5,M5_10mA_20C_0,frame_0147.png,50.244140625
M5,5,M5_10mA_20C_0,frame_0151.png,50.0
M5,5,M5_10mA_20C_0,frame_0153.png,50.0
M5,5,M5_10mA_20C_0,frame_0154.png,50.146484375
M5,5,M5_10mA_20C_0,frame_0162.png,50.09765625
M5,5,M5_10mA_20C_0,frame_0170.png,50.1953125
M5,5,M5_10mA_20C_0,frame_0172.png,50.146484375
M5,5,M5_10mA_20C_0,frame_0173.png,49.560546875
M5,5,M5_10mA_20C_0,frame_0174.png,50.09765625
M5,5,M5_10mA_20C_0,frame_0175.png,50.48828125
M5,5,M5_10mA_20C_0,frame_0189.png,49.70703125
M5,5,M5_10mA_20C_0,frame_0191.png,49.951171875
M5,5,M5_10mA_20C_0,frame_0196.png,49.951171875
M5,5,M5_10mA_20C_0,frame_0198.png,50.0
M5,5,M5_10mA_30C_0,frame_0023.png,50.048828125
M5,5,M5_10mA_30C_0,frame_0033.png,50.0
M5,5,M5_10mA_30C_0,frame_0041.png,50.048828125
M5,5,M5_10mA_30C_0,frame_0050.png,50.048828125
M5,5,M5_10mA_30C_0,frame_0051.png,50.1953125
M5,5,M5_10mA_30C_0,frame_0055.png,50.09765625
M5,5,M5_10mA_30C_0,frame_0057.png,50.048828125
M5,5,M5_10mA_30C_0,frame_0063.png,50.048828125
M5,5,M5_10mA_30C_0,frame_0064.png,50.0
M5,5,M5_10mA_30C_0,frame_0068.png,50.048828125
M5,5,M5_10mA_30C_0,frame_0070.png,50.048828125
M5,5,M5_10mA_30C_0,frame_0074.png,50.341796875
M5,5,M5_10mA_30C_0,frame_0075.png,49.951171875
M5,5,M5_10mA_30C_0,frame_0077.png,50.048828125
M5,5,M5_10mA_30C_0,frame_0080.png,49.951171875
M5,5,M5_10mA_30C_0,frame_0081.png,50.146484375
M5,5,M5_10mA_30C_0,frame_0082.png,50.1953125
M5,5,M5_10mA_30C_0,frame_0093.png,50.439453125
M5,5,M5_10mA_30C_0,frame_0094.png,50.048828125
M5,5,M5_10mA_30C_0,frame_0101.png,50.048828125
M5,5,M5_10mA_30C_0,frame_0105.png,50.830078125
M5,5,M5_10mA_30C_0,frame_0108.png,50.390625
M5,5,M5_10mA_30C_0,frame_0112.png,50.0
M5,5,M5_10mA_30C_0,frame_0114.png,50.048828125
M5,5,M5_10mA_30C_0,frame_0116.png,50.048828125
M5,5,M5_10mA_30C_0,frame_0119.png,50.048828125
M5,5,M5_10mA_30C_0,frame_0121.png,50.048828125
M5,5,M5_10mA_30C_0,frame_0124.png,50.048828125
M5,5,M5_10mA_30C_0,frame_0130.png,50.0
M5,5,M5_10mA_30C_0,frame_0141.png,50.048828125
M5,5,M5_10mA_30C_0,frame_0142.png,50.537109375
M5,5,M5_10mA_30C_0,frame_0143.png,50.048828125
M5,5,M5_10mA_30C_0,frame_0152.png,50.048828125
M5,5,M5_10mA_30C_0,frame_0153.png,50.048828125
M5,5,M5_10mA_30C_0,frame_0155.png,50.048828125
M5,5,M5_10mA_30C_0,frame_0159.png,50.048828125
M5,5,M5_10mA_30C_0,frame_0162.png,50.048828125
M5,5,M5_10mA_30C_0,frame_0168.png,50.048828125
M5,5,M5_10mA_30C_0,frame_0173.png,50.29296875
M5,5,M5_10mA_30C_0,frame_0174.png,50.0
M5,5,M5_10mA_30C_0,frame_0175.png,50.341796875
M5,5,M5_10mA_30C_0,frame_0179.png,50.048828125
M5,5,M5_10mA_30C_0,frame_0181.png,50.048828125
M5,5,M5_10mA_30C_0,frame_0183.png,50.0
M5,5,M5_10mA_30C_0,frame_0198.png,50.048828125
M5,5,M5_10mA_40C_0,frame_0031.png,50.048828125
M5,5,M5_10mA_40C_0,frame_0041.png,50.048828125
M5,5,M5_10mA_40C_0,frame_0043.png,50.048828125
M5,5,M5_10mA_40C_0,frame_0051.png,50.048828125
M5,5,M5_10mA_40C_0,frame_0052.png,50.048828125
M5,5,M5_10mA_40C_0,frame_0055.png,50.048828125
M5,5,M5_10mA_40C_0,frame_0058.png,50.29296875
M5,5,M5_10mA_40C_0,frame_0059.png,50.09765625
M5,5,M5_10mA_40C_0,frame_0060.png,50.048828125
M5,5,M5_10mA_40C_0,frame_0065.png,50.537109375
M5,5,M5_10mA_40C_0,frame_0068.png,50.048828125
M5,5,M5_10mA_40C_0,frame_0070.png,50.048828125
M5,5,M5_10mA_40C_0,frame_0080.png,50.048828125
M5,5,M5_10mA_40C_0,frame_0081.png,50.048828125
M5,5,M5_10mA_40C_0,frame_0088.png,50.048828125
M5,5,M5_10mA_40C_0,frame_0092.png,50.09765625
M5,5,M5_10mA_40C_0,frame_0096.png,50.048828125
M5,5,M5_10mA_40C_0,frame_0098.png,50.0
M5,5,M5_10mA_40C_0,frame_0102.png,50.048828125
M5,5,M5_10mA_40C_0,frame_0104.png,50.048828125
M5,5,M5_10mA_40C_0,frame_0108.png,50.048828125
M5,5,M5_10mA_40C_0,frame_0110.png,50.0
M5,5,M5_10mA_40C_0,frame_0125.png,50.048828125
M5,5,M5_10mA_40C_0,frame_0127.png,50.048828125
M5,5,M5_10mA_40C_0,frame_0128.png,50.048828125
M5,5,M5_10mA_40C_0,frame_0130.png,50.048828125
M5,5,M5_10mA_40C_0,frame_0132.png,50.048828125
M5,5,M5_10mA_40C_0,frame_0133.png,50.048828125
M5,5,M5_10mA_40C_0,frame_0135.png,50.048828125
M5,5,M5_10mA_40C_0,frame_0136.png,50.0
M5,5,M5_10mA_40C_0,frame_0144.png,50.048828125
M5,5,M5_10mA_40C_0,frame_0145.png,50.09765625
M5,5,M5_10mA_40C_0,frame_0150.png,50.048828125
M5,5,M5_10mA_40C_0,frame_0155.png,50.048828125
M5,5,M5_10mA_40C_0,frame_0157.png,50.048828125
M5,5,M5_10mA_40C_0,frame_0159.png,50.048828125
M5,5,M5_10mA_40C_0,frame_0160.png,50.0
M5,5,M5_10mA_40C_0,frame_0161.png,50.048828125
M5,5,M5_10mA_40C_0,frame_0167.png,50.09765625
M5,5,M5_10mA_40C_0,frame_0168.png,50.0
M5,5,M5_10mA_40C_0,frame_0173.png,50.048828125
M5,5,M5_10mA_40C_0,frame_0174.png,49.951171875
M5,5,M5_10mA_40C_0,frame_0176.png,50.0
M5,5,M5_10mA_40C_0,frame_0184.png,50.048828125
M5,5,M5_10mA_40C_0,frame_0200.png,50.048828125
M5,5,M5_20mA_20C_0,frame_0024.png,50.048828125
M5,5,M5_20mA_20C_0,frame_0028.png,50.09765625
M5,5,M5_20mA_20C_0,frame_0030.png,50.048828125
M5,5,M5_20mA_20C_0,frame_0031.png,50.0
M5,5,M5_20mA_20C_0,frame_0036.png,50.048828125
M5,5,M5_20mA_20C_0,frame_0037.png,50.048828125
M5,5,M5_20mA_20C_0,frame_0039.png,50.0
M5,5,M5_20mA_20C_0,frame_0045.png,50.048828125
M5,5,M5_20mA_20C_0,frame_0046.png,49.951171875
M5,5,M5_20mA_20C_0,frame_0048.png,49.658203125
M5,5,M5_20mA_20C_0,frame_0050.png,49.951171875
M5,5,M5_20mA_20C_0,frame_0062.png,50.048828125
M5,5,M5_20mA_20C_0,frame_0064.png,50.29296875
M5,5,M5_20mA_20C_0,frame_0067.png,50.0
M5,5,M5_20mA_20C_0,frame_0071.png,50.0
M5,5,M5_20mA_20C_0,frame_0076.png,50.048828125
M5,5,M5_20mA_20C_0,frame_0078.png,50.146484375
M5,5,M5_20mA_20C_0,frame_0079.png,49.853515625
M5,5,M5_20mA_20C_0,frame_0080.png,50.048828125
M5,5,M5_20mA_20C_0,frame_0081.png,49.70703125
M5,5,M5_20mA_20C_0,frame_0087.png,50.048828125
M5,5,M5_20mA_20C_0,frame_0093.png,50.048828125
M5,5,M5_20mA_20C_0,frame_0097.png,50.0
M5,5,M5_20mA_20C_0,frame_0099.png,50.048828125
M5,5,M5_20mA_20C_0,frame_0103.png,50.048828125
M5,5,M5_20mA_20C_0,frame_0109.png,49.755859375
M5,5,M5_20mA_20C_0,frame_0116.png,50.048828125
M5,5,M5_20mA_20C_0,frame_0118.png,49.951171875
M5,5,M5_20mA_20C_0,frame_0121.png,50.048828125
M5,5,M5_20mA_20C_0,frame_0125.png,50.0
M5,5,M5_20mA_20C_0,frame_0126.png,50.048828125
M5,5,M5_20mA_20C_0,frame_0127.png,50.048828125
M5,5,M5_20mA_20C_0,frame_0138.png,50.146484375
M5,5,M5_20mA_20C_0,frame_0143.png,50.048828125
M5,5,M5_20mA_20C_0,frame_0148.png,50.048828125
M5,5,M5_20mA_20C_0,frame_0150.png,49.853515625
M5,5,M5_20mA_20C_0,frame_0157.png,50.048828125
M5,5,M5_20mA_20C_0,frame_0162.png,50.048828125
M5,5,M5_20mA_20C_0,frame_0165.png,49.70703125
M5,5,M5_20mA_20C_0,frame_0167.png,49.853515625
M5,5,M5_20mA_20C_0,frame_0169.png,50.09765625
M5,5,M5_20mA_20C_0,frame_0175.png,50.09765625
M5,5,M5_20mA_20C_0,frame_0176.png,50.048828125
M5,5,M5_20mA_20C_0,frame_0186.png,50.048828125
M5,5,M5_20mA_20C_0,frame_0198.png,50.048828125
M5,5,M5_20mA_30C_0,frame_0040.png,49.853515625
M5,5,M5_20mA_30C_0,frame_0042.png,50.048828125
M5,5,M5_20mA_30C_0,frame_0043.png,50.1953125
M5,5,M5_20mA_30C_0,frame_0048.png,50.390625
M5,5,M5_20mA_30C_0,frame_0062.png,50.048828125
M5,5,M5_20mA_30C_0,frame_0068.png,50.048828125
M5,5,M5_20mA_30C_0,frame_0072.png,50.09765625
M5,5,M5_20mA_30C_0,frame_0073.png,50.244140625
M5,5,M5_20mA_30C_0,frame_0074.png,50.390625
M5,5,M5_20mA_30C_0,frame_0079.png,50.390625
M5,5,M5_20mA_30C_0,frame_0083.png,50.48828125
M5,5,M5_20mA_30C_0,frame_0086.png,50.244140625
M5,5,M5_20mA_30C_0,frame_0087.png,50.048828125
M5,5,M5_20mA_30C_0,frame_0093.png,50.0
M5,5,M5_20mA_30C_0,frame_0096.png,50.048828125
M5,5,M5_20mA_30C_0,frame_0100.png,50.09765625
M5,5,M5_20mA_30C_0,frame_0102.png,50.048828125
M5,5,M5_20mA_30C_0,frame_0103.png,50.78125
M5,5,M5_20mA_30C_0,frame_0105.png,50.048828125
M5,5,M5_20mA_30C_0,frame_0107.png,50.439453125
M5,5,M5_20mA_30C_0,frame_0116.png,50.439453125
M5,5,M5_20mA_30C_0,frame_0124.png,50.048828125
M5,5,M5_20mA_30C_0,frame_0127.png,50.634765625
M5,5,M5_20mA_30C_0,frame_0128.png,50.244140625
M5,5,M5_20mA_30C_0,frame_0131.png,49.90234375
M5,5,M5_20mA_30C_0,frame_0138.png,50.0
M5,5,M5_20mA_30C_0,frame_0139.png,50.5859375
M5,5,M5_20mA_30C_0,frame_0141.png,50.09765625
M5,5,M5_20mA_30C_0,frame_0143.png,50.537109375
M5,5,M5_20mA_30C_0,frame_0145.png,50.29296875
M5,5,M5_20mA_30C_0,frame_0146.png,50.09765625
M5,5,M5_20mA_30C_0,frame_0150.png,50.146484375
M5,5,M5_20mA_30C_0,frame_0154.png,50.09765625
M5,5,M5_20mA_30C_0,frame_0158.png,50.29296875
M5,5,M5_20mA_30C_0,frame_0165.png,50.244140625
M5,5,M5_20mA_30C_0,frame_0167.png,50.0
M5,5,M5_20mA_30C_0,frame_0169.png,50.09765625
M5,5,M5_20mA_30C_0,frame_0175.png,50.146484375
M5,5,M5_20mA_30C_0,frame_0177.png,50.78125
M5,5,M5_20mA_30C_0,frame_0180.png,50.048828125
M5,5,M5_20mA_30C_0,frame_0181.png,50.48828125
M5,5,M5_20mA_30C_0,frame_0183.png,50.048828125
M5,5,M5_20mA_30C_0,frame_0187.png,50.048828125
M5,5,M5_20mA_30C_0,frame_0190.png,50.48828125
M5,5,M5_20mA_30C_0,frame_0196.png,50.048828125
M5,5,M5_20mA_40C_0,frame_0029.png,50.048828125
M5,5,M5_20mA_40C_0,frame_0033.png,50.048828125
M5,5,M5_20mA_40C_0,frame_0035.png,50.048828125
M5,5,M5_20mA_40C_0,frame_0039.png,50.146484375
M5,5,M5_20mA_40C_0,frame_0042.png,50.048828125
M5,5,M5_20mA_40C_0,frame_0044.png,50.048828125
M5,5,M5_20mA_40C_0,frame_0058.png,50.048828125
M5,5,M5_20mA_40C_0,frame_0061.png,50.048828125
M5,5,M5_20mA_40C_0,frame_0066.png,50.048828125
M5,5,M5_20mA_40C_0,frame_0067.png,50.048828125
M5,5,M5_20mA_40C_0,frame_0069.png,50.048828125
M5,5,M5_20mA_40C_0,frame_0075.png,50.048828125
M5,5,M5_20mA_40C_0,frame_0087.png,50.048828125
M5,5,M5_20mA_40C_0,frame_0090.png,50.048828125
M5,5,M5_20mA_40C_0,frame_0092.png,50.048828125
M5,5,M5_20mA_40C_0,frame_0093.png,50.048828125
M5,5,M5_20mA_40C_0,frame_0096.png,50.048828125
M5,5,M5_20mA_40C_0,frame_0101.png,50.048828125
M5,5,M5_20mA_40C_0,frame_0104.png,50.048828125
M5,5,M5_20mA_40C_0,frame_0106.png,50.048828125
M5,5,M5_20mA_40C_0,frame_0107.png,50.09765625
M5,5,M5_20mA_40C_0,frame_0109.png,50.048828125
M5,5,M5_20mA_40C_0,frame_0121.png,50.048828125
M5,5,M5_20mA_40C_0,frame_0122.png,50.048828125
M5,5,M5_20mA_40C_0,frame_0124.png,50.09765625
M5,5,M5_20mA_40C_0,frame_0127.png,50.048828125
M5,5,M5_20mA_40C_0,frame_0128.png,50.048828125
M5,5,M5_20mA_40C_0,frame_0130.png,50.048828125
M5,5,M5_20mA_40C_0,frame_0132.png,50.048828125
M5,5,M5_20mA_40C_0,frame_0133.png,50.048828125
M5,5,M5_20mA_40C_0,frame_0134.png,50.048828125
M5,5,M5_20mA_40C_0,frame_0141.png,50.048828125
M5,5,M5_20mA_40C_0,frame_0156.png,50.048828125
M5,5,M5_20mA_40C_0,frame_0160.png,50.048828125
M5,5,M5_20mA_40C_0,frame_0174.png,50.0
M5,5,M5_20mA_40C_0,frame_0175.png,49.951171875
M5,5,M5_20mA_40C_0,frame_0178.png,50.048828125
M5,5,M5_20mA_40C_0,frame_0179.png,50.048828125
M5,5,M5_20mA_40C_0,frame_0181.png,50.048828125
M5,5,M5_20mA_40C_0,frame_0184.png,50.048828125
M5,5,M5_20mA_40C_0,frame_0188.png,50.048828125
M5,5,M5_20mA_40C_0,frame_0192.png,50.048828125
M5,5,M5_20mA_40C_0,frame_0193.png,50.048828125
M5,5,M5_20mA_40C_0,frame_0197.png,50.048828125
M5,5,M5_20mA_40C_0,frame_0198.png,50.048828125
M5,5,M5_30mA_20C_0,frame_0019.png,50.048828125
M5,5,M5_30mA_20C_0,frame_0023.png,50.048828125
M5,5,M5_30mA_20C_0,frame_0027.png,50.048828125
M5,5,M5_30mA_20C_0,frame_0029.png,50.048828125
M5,5,M5_30mA_20C_0,frame_0031.png,50.048828125
M5,5,M5_30mA_20C_0,frame_0032.png,50.048828125
M5,5,M5_30mA_20C_0,frame_0037.png,50.048828125
M5,5,M5_30mA_20C_0,frame_0043.png,50.048828125
M5,5,M5_30mA_20C_0,frame_0045.png,50.048828125
M5,5,M5_30mA_20C_0,frame_0051.png,50.048828125
M5,5,M5_30mA_20C_0,frame_0052.png,50.048828125
M5,5,M5_30mA_20C_0,frame_0056.png,50.048828125
M5,5,M5_30mA_20C_0,frame_0057.png,50.048828125
M5,5,M5_30mA_20C_0,frame_0058.png,50.048828125
M5,5,M5_30mA_20C_0,frame_0068.png,50.048828125
M5,5,M5_30mA_20C_0,frame_0073.png,49.951171875
M5,5,M5_30mA_20C_0,frame_0082.png,50.048828125
M5,5,M5_30mA_20C_0,frame_0084.png,50.048828125
M5,5,M5_30mA_20C_0,frame_0091.png,50.0
M5,5,M5_30mA_20C_0,frame_0099.png,50.048828125
M5,5,M5_30mA_20C_0,frame_0105.png,50.048828125
M5,5,M5_30mA_20C_0,frame_0108.png,50.048828125
M5,5,M5_30mA_20C_0,frame_0111.png,50.048828125
M5,5,M5_30mA_20C_0,frame_0112.png,50.09765625
M5,5,M5_30mA_20C_0,frame_0114.png,50.048828125
M5,5,M5_30mA_20C_0,frame_0115.png,50.09765625
M5,5,M5_30mA_20C_0,frame_0122.png,50.048828125
M5,5,M5_30mA_20C_0,frame_0123.png,50.048828125
M5,5,M5_30mA_20C_0,frame_0129.png,50.048828125
M5,5,M5_30mA_20C_0,frame_0130.png,50.048828125
M5,5,M5_30mA_20C_0,frame_0137.png,50.048828125
M5,5,M5_30mA_20C_0,frame_0146.png,50.09765625
M5,5,M5_30mA_20C_0,frame_0149.png,50.048828125
M5,5,M5_30mA_20C_0,frame_0158.png,50.048828125
M5,5,M5_30mA_20C_0,frame_0160.png,50.048828125
M5,5,M5_30mA_20C_0,frame_0161.png,50.048828125
M5,5,M5_30mA_20C_0,frame_0164.png,50.048828125
M5,5,M5_30mA_20C_0,frame_0168.png,50.048828125
M5,5,M5_30mA_20C_0,frame_0170.png,50.048828125
M5,5,M5_30mA_20C_0,frame_0173.png,50.048828125
M5,5,M5_30mA_20C_0,frame_0183.png,50.048828125
M5,5,M5_30mA_20C_0,frame_0184.png,50.048828125
M5,5,M5_30mA_20C_0,frame_0191.png,50.048828125
M5,5,M5_30mA_20C_0,frame_0195.png,49.90234375
M5,5,M5_30mA_20C_0,frame_0198.png,50.048828125
M5,5,M5_30mA_30C_0,frame_0019.png,50.048828125
M5,5,M5_30mA_30C_0,frame_0020.png,50.1953125
M5,5,M5_30mA_30C_0,frame_0026.png,50.048828125
M5,5,M5_30mA_30C_0,frame_0028.png,49.90234375
M5,5,M5_30mA_30C_0,frame_0029.png,50.048828125
M5,5,M5_30mA_30C_0,frame_0031.png,49.951171875
M5,5,M5_30mA_30C_0,frame_0033.png,50.048828125
M5,5,M5_30mA_30C_0,frame_0035.png,50.0
M5,5,M5_30mA_30C_0,frame_0038.png,50.0
M5,5,M5_30mA_30C_0,frame_0041.png,50.048828125
M5,5,M5_30mA_30C_0,frame_0046.png,50.048828125
M5,5,M5_30mA_30C_0,frame_0064.png,50.048828125
M5,5,M5_30mA_30C_0,frame_0068.png,50.048828125
M5,5,M5_30mA_30C_0,frame_0073.png,50.048828125
M5,5,M5_30mA_30C_0,frame_0081.png,50.048828125
M5,5,M5_30mA_30C_0,frame_0082.png,50.048828125
M5,5,M5_30mA_30C_0,frame_0084.png,50.048828125
M5,5,M5_30mA_30C_0,frame_0090.png,50.048828125
M5,5,M5_30mA_30C_0,frame_0093.png,49.90234375
M5,5,M5_30mA_30C_0,frame_0098.png,50.048828125
M5,5,M5_30mA_30C_0,frame_0105.png,50.048828125
M5,5,M5_30mA_30C_0,frame_0114.png,50.048828125
M5,5,M5_30mA_30C_0,frame_0117.png,50.048828125
M5,5,M5_30mA_30C_0,frame_0119.png,49.951171875
M5,5,M5_30mA_30C_0,frame_0126.png,50.048828125
M5,5,M5_30mA_30C_0,frame_0139.png,50.048828125
M5,5,M5_30mA_30C_0,frame_0145.png,50.048828125
M5,5,M5_30mA_30C_0,frame_0146.png,50.048828125
M5,5,M5_30mA_30C_0,frame_0151.png,50.048828125
M5,5,M5_30mA_30C_0,frame_0156.png,50.048828125
M5,5,M5_30mA_30C_0,frame_0158.png,50.048828125
M5,5,M5_30mA_30C_0,frame_0160.png,50.048828125
M5,5,M5_30mA_30C_0,frame_0161.png,50.048828125
M5,5,M5_30mA_30C_0,frame_0165.png,50.048828125
M5,5,M5_30mA_30C_0,frame_0166.png,50.048828125
M5,5,M5_30mA_30C_0,frame_0170.png,50.048828125
M5,5,M5_30mA_30C_0,frame_0171.png,49.90234375
M5,5,M5_30mA_30C_0,frame_0178.png,50.048828125
M5,5,M5_30mA_30C_0,frame_0181.png,50.048828125
M5,5,M5_30mA_30C_0,frame_0185.png,50.048828125
M5,5,M5_30mA_30C_0,frame_0186.png,50.048828125
M5,5,M5_30mA_30C_0,frame_0190.png,50.048828125
M5,5,M5_30mA_30C_0,frame_0195.png,50.0
M5,5,M5_30mA_30C_0,frame_0197.png,50.048828125
M5,5,M5_30mA_30C_0,frame_0198.png,50.048828125
M5,5,M5_30mA_40C_0,frame_0027.png,50.048828125
M5,5,M5_30mA_40C_0,frame_0029.png,50.09765625
M5,5,M5_30mA_40C_0,frame_0033.png,50.048828125
M5,5,M5_30mA_40C_0,frame_0036.png,50.048828125
M5,5,M5_30mA_40C_0,frame_0041.png,50.09765625
M5,5,M5_30mA_40C_0,frame_0046.png,50.048828125
M5,5,M5_30mA_40C_0,frame_0049.png,50.048828125
M5,5,M5_30mA_40C_0,frame_0050.png,50.048828125
M5,5,M5_30mA_40C_0,frame_0052.png,50.048828125
M5,5,M5_30mA_40C_0,frame_0065.png,50.048828125
M5,5,M5_30mA_40C_0,frame_0071.png,50.048828125
M5,5,M5_30mA_40C_0,frame_0073.png,50.09765625
M5,5,M5_30mA_40C_0,frame_0087.png,50.048828125
M5,5,M5_30mA_40C_0,frame_0088.png,50.048828125
M5,5,M5_30mA_40C_0,frame_0089.png,50.048828125
M5,5,M5_30mA_40C_0,frame_0090.png,50.146484375
M5,5,M5_30mA_40C_0,frame_0092.png,50.0
M5,5,M5_30mA_40C_0,frame_0096.png,50.048828125
M5,5,M5_30mA_40C_0,frame_0102.png,50.048828125
M5,5,M5_30mA_40C_0,frame_0106.png,50.048828125
M5,5,M5_30mA_40C_0,frame_0111.png,50.048828125
M5,5,M5_30mA_40C_0,frame_0112.png,50.048828125
M5,5,M5_30mA_40C_0,frame_0117.png,50.048828125
M5,5,M5_30mA_40C_0,frame_0118.png,50.048828125
M5,5,M5_30mA_40C_0,frame_0119.png,50.0
M5,5,M5_30mA_40C_0,frame_0120.png,50.048828125
M5,5,M5_30mA_40C_0,frame_0121.png,50.09765625
M5,5,M5_30mA_40C_0,frame_0125.png,50.048828125
M5,5,M5_30mA_40C_0,frame_0130.png,50.048828125
M5,5,M5_30mA_40C_0,frame_0141.png,50.048828125
M5,5,M5_30mA_40C_0,frame_0144.png,50.048828125
M5,5,M5_30mA_40C_0,frame_0148.png,50.048828125
M5,5,M5_30mA_40C_0,frame_0149.png,50.048828125
M5,5,M5_30mA_40C_0,frame_0159.png,49.951171875
M5,5,M5_30mA_40C_0,frame_0163.png,50.048828125
M5,5,M5_30mA_40C_0,frame_0167.png,50.09765625
M5,5,M5_30mA_40C_0,frame_0168.png,50.048828125
M5,5,M5_30mA_40C_0,frame_0169.png,50.048828125
M5,5,M5_30mA_40C_0,frame_0172.png,50.048828125
M5,5,M5_30mA_40C_0,frame_0173.png,50.048828125
M5,5,M5_30mA_40C_0,frame_0174.png,50.048828125
M5,5,M5_30mA_40C_0,frame_0178.png,50.0
M5,5,M5_30mA_40C_0,frame_0180.png,50.048828125
M5,5,M5_30mA_40C_0,frame_0187.png,50.048828125
M5,5,M5_30mA_40C_0,frame_0196.png,50.048828125
M6,6,M6_10mA_20C_0,frame_0018.png,49.658203125
M6,6,M6_10mA_20C_0,frame_0021.png,49.51171875
M6,6,M6_10mA_20C_0,frame_0024.png,49.51171875
M6,6,M6_10mA_20C_0,frame_0026.png,49.51171875
M6,6,M6_10mA_20C_0,frame_0028.png,49.51171875
M6,6,M6_10mA_20C_0,frame_0029.png,49.51171875
M6,6,M6_10mA_20C_0,frame_0033.png,49.51171875
M6,6,M6_10mA_20C_0,frame_0034.png,49.609375
M6,6,M6_10mA_20C_0,frame_0042.png,49.51171875
M6,6,M6_10mA_20C_0,frame_0043.png,49.51171875
M6,6,M6_10mA_20C_0,frame_0045.png,49.658203125
M6,6,M6_10mA_20C_0,frame_0052.png,49.51171875
M6,6,M6_10mA_20C_0,frame_0054.png,49.51171875
M6,6,M6_10mA_20C_0,frame_0058.png,49.51171875
M6,6,M6_10mA_20C_0,frame_0060.png,49.560546875
M6,6,M6_10mA_20C_0,frame_0061.png,49.51171875
M6,6,M6_10mA_20C_0,frame_0062.png,49.462890625
M6,6,M6_10mA_20C_0,frame_0063.png,49.51171875
M6,6,M6_10mA_20C_0,frame_0068.png,49.51171875
M6,6,M6_10mA_20C_0,frame_0071.png,49.51171875
M6,6,M6_10mA_20C_0,frame_0073.png,49.51171875
M6,6,M6_10mA_20C_0,frame_0076.png,49.51171875
M6,6,M6_10mA_20C_0,frame_0084.png,49.51171875
M6,6,M6_10mA_20C_0,frame_0089.png,49.51171875
M6,6,M6_10mA_20C_0,frame_0092.png,49.51171875
M6,6,M6_10mA_20C_0,frame_0100.png,49.51171875
M6,6,M6_10mA_20C_0,frame_0107.png,49.51171875
M6,6,M6_10mA_20C_0,frame_0108.png,49.51171875
M6,6,M6_10mA_20C_0,frame_0119.png,49.51171875
M6,6,M6_10mA_20C_0,frame_0124.png,49.658203125
M6,6,M6_10mA_20C_0,frame_0127.png,49.51171875
M6,6,M6_10mA_20C_0,frame_0130.png,49.658203125
M6,6,M6_10mA_20C_0,frame_0132.png,49.51171875
M6,6,M6_10mA_20C_0,frame_0133.png,49.51171875
M6,6,M6_10mA_20C_0,frame_0140.png,49.51171875
M6,6,M6_10mA_20C_0,frame_0146.png,49.51171875
M6,6,M6_10mA_20C_0,frame_0153.png,49.51171875
M6,6,M6_10mA_20C_0,frame_0166.png,49.51171875
M6,6,M6_10mA_20C_0,frame_0169.png,49.560546875
M6,6,M6_10mA_20C_0,frame_0171.png,49.51171875
M6,6,M6_10mA_20C_0,frame_0172.png,49.560546875
M6,6,M6_10mA_20C_0,frame_0175.png,49.51171875
M6,6,M6_10mA_20C_0,frame_0187.png,49.51171875
M6,6,M6_10mA_20C_0,frame_0189.png,49.462890625
M6,6,M6_10mA_20C_0,frame_0196.png,49.51171875
M6,6,M6_10mA_30C_0,frame_0015.png,49.462890625
M6,6,M6_10mA_30C_0,frame_0017.png,49.51171875
M6,6,M6_10mA_30C_0,frame_0018.png,49.51171875
M6,6,M6_10mA_30C_0,frame_0022.png,49.51171875
M6,6,M6_10mA_30C_0,frame_0030.png,49.462890625
M6,6,M6_10mA_30C_0,frame_0031.png,49.4140625
M6,6,M6_10mA_30C_0,frame_0034.png,49.51171875
M6,6,M6_10mA_30C_0,frame_0035.png,49.658203125
M6,6,M6_10mA_30C_0,frame_0037.png,49.51171875
M6,6,M6_10mA_30C_0,frame_0038.png,49.51171875
M6,6,M6_10mA_30C_0,frame_0040.png,49.51171875
M6,6,M6_10mA_30C_0,frame_0043.png,49.51171875
M6,6,M6_10mA_30C_0,frame_0047.png,49.51171875
M6,6,M6_10mA_30C_0,frame_0051.png,49.51171875
M6,6,M6_10mA_30C_0,frame_0057.png,49.51171875
M6,6,M6_10mA_30C_0,frame_0063.png,49.51171875
M6,6,M6_10mA_30C_0,frame_0067.png,49.4140625
M6,6,M6_10mA_30C_0,frame_0069.png,49.51171875
M6,6,M6_10mA_30C_0,frame_0073.png,49.51171875
M6,6,M6_10mA_30C_0,frame_0076.png,49.51171875
M6,6,M6_10mA_30C_0,frame_0078.png,49.51171875
M6,6,M6_10mA_30C_0,frame_0084.png,49.51171875
M6,6,M6_10mA_30C_0,frame_0090.png,49.462890625
M6,6,M6_10mA_30C_0,frame_0094.png,49.51171875
M6,6,M6_10mA_30C_0,frame_0095.png,49.51171875
M6,6,M6_10mA_30C_0,frame_0096.png,49.51171875
M6,6,M6_10mA_30C_0,frame_0098.png,49.51171875
M6,6,M6_10mA_30C_0,frame_0112.png,49.51171875
M6,6,M6_10mA_30C_0,frame_0122.png,49.560546875
M6,6,M6_10mA_30C_0,frame_0124.png,49.51171875
M6,6,M6_10mA_30C_0,frame_0128.png,49.51171875
M6,6,M6_10mA_30C_0,frame_0132.png,49.51171875
M6,6,M6_10mA_30C_0,frame_0133.png,49.51171875
M6,6,M6_10mA_30C_0,frame_0141.png,49.51171875
M6,6,M6_10mA_30C_0,frame_0144.png,49.51171875
M6,6,M6_10mA_30C_0,frame_0145.png,49.51171875
M6,6,M6_10mA_30C_0,frame_0146.png,49.51171875
M6,6,M6_10mA_30C_0,frame_0156.png,49.560546875
M6,6,M6_10mA_30C_0,frame_0167.png,49.51171875
M6,6,M6_10mA_30C_0,frame_0171.png,49.51171875
M6,6,M6_10mA_30C_0,frame_0176.png,49.462890625
M6,6,M6_10mA_30C_0,frame_0177.png,49.51171875
M6,6,M6_10mA_30C_0,frame_0186.png,49.560546875
M6,6,M6_10mA_30C_0,frame_0197.png,49.462890625
M6,6,M6_10mA_30C_0,frame_0198.png,49.51171875
M6,6,M6_10mA_40C_0,frame_0041.png,49.51171875
M6,6,M6_10mA_40C_0,frame_0042.png,49.51171875
M6,6,M6_10mA_40C_0,frame_0043.png,49.560546875
M6,6,M6_10mA_40C_0,frame_0047.png,49.51171875
M6,6,M6_10mA_40C_0,frame_0052.png,49.51171875
M6,6,M6_10mA_40C_0,frame_0056.png,49.51171875
M6,6,M6_10mA_40C_0,frame_0060.png,49.51171875
M6,6,M6_10mA_40C_0,frame_0069.png,49.51171875
M6,6,M6_10mA_40C_0,frame_0071.png,49.51171875
M6,6,M6_10mA_40C_0,frame_0072.png,49.560546875
M6,6,M6_10mA_40C_0,frame_0076.png,49.51171875
M6,6,M6_10mA_40C_0,frame_0078.png,49.560546875
M6,6,M6_10mA_40C_0,frame_0079.png,49.560546875
M6,6,M6_10mA_40C_0,frame_0082.png,49.51171875
M6,6,M6_10mA_40C_0,frame_0083.png,49.51171875
M6,6,M6_10mA_40C_0,frame_0086.png,49.4140625
M6,6,M6_10mA_40C_0,frame_0089.png,49.51171875
M6,6,M6_10mA_40C_0,frame_0099.png,49.51171875
M6,6,M6_10mA_40C_0,frame_0102.png,49.51171875
M6,6,M6_10mA_40C_0,frame_0108.png,49.462890625
M6,6,M6_10mA_40C_0,frame_0109.png,49.51171875
M6,6,M6_10mA_40C_0,frame_0115.png,49.51171875
M6,6,M6_10mA_40C_0,frame_0117.png,49.8046875
M6,6,M6_10mA_40C_0,frame_0120.png,49.51171875
M6,6,M6_10mA_40C_0,frame_0126.png,49.560546875
M6,6,M6_10mA_40C_0,frame_0130.png,49.658203125
M6,6,M6_10mA_40C_0,frame_0131.png,49.462890625
M6,6,M6_10mA_40C_0,frame_0134.png,49.51171875
M6,6,M6_10mA_40C_0,frame_0137.png,49.51171875
M6,6,M6_10mA_40C_0,frame_0138.png,49.51171875
M6,6,M6_10mA_40C_0,frame_0140.png,49.560546875
M6,6,M6_10mA_40C_0,frame_0145.png,49.51171875
M6,6,M6_10mA_40C_0,frame_0151.png,49.51171875
M6,6,M6_10mA_40C_0,frame_0157.png,49.51171875
M6,6,M6_10mA_40C_0,frame_0162.png,49.51171875
M6,6,M6_10mA_40C_0,frame_0166.png,49.51171875
M6,6,M6_10mA_40C_0,frame_0167.png,49.51171875
M6,6,M6_10mA_40C_0,frame_0168.png,49.51171875
M6,6,M6_10mA_40C_0,frame_0177.png,49.51171875
M6,6,M6_10mA_40C_0,frame_0182.png,49.51171875
M6,6,M6_10mA_40C_0,frame_0185.png,49.51171875
M6,6,M6_10mA_40C_0,frame_0187.png,49.51171875
M6,6,M6_10mA_40C_0,frame_0189.png,49.51171875
M6,6,M6_10mA_40C_0,frame_0190.png,49.51171875
M6,6,M6_10mA_40C_0,frame_0191.png,49.51171875
M6,6,M6_20mA_20C_0,frame_0024.png,49.51171875
M6,6,M6_20mA_20C_0,frame_0029.png,49.51171875
M6,6,M6_20mA_20C_0,frame_0041.png,49.51171875
M6,6,M6_20mA_20C_0,frame_0042.png,49.51171875
M6,6,M6_20mA_20C_0,frame_0043.png,49.51171875
M6,6,M6_20mA_20C_0,frame_0047.png,49.51171875
M6,6,M6_20mA_20C_0,frame_0050.png,49.51171875
M6,6,M6_20mA_20C_0,frame_0053.png,49.51171875
M6,6,M6_20mA_20C_0,frame_0061.png,49.51171875
M6,6,M6_20mA_20C_0,frame_0063.png,49.51171875
M6,6,M6_20mA_20C_0,frame_0065.png,49.51171875
M6,6,M6_20mA_20C_0,frame_0066.png,49.51171875
M6,6,M6_20mA_20C_0,frame_0070.png,49.51171875
M6,6,M6_20mA_20C_0,frame_0074.png,49.51171875
M6,6,M6_20mA_20C_0,frame_0086.png,49.51171875
M6,6,M6_20mA_20C_0,frame_0098.png,49.462890625
M6,6,M6_20mA_20C_0,frame_0099.png,49.51171875
M6,6,M6_20mA_20C_0,frame_0105.png,49.51171875
M6,6,M6_20mA_20C_0,frame_0107.png,49.51171875
M6,6,M6_20mA_20C_0,frame_0111.png,49.51171875
M6,6,M6_20mA_20C_0,frame_0119.png,49.51171875
M6,6,M6_20mA_20C_0,frame_0121.png,49.51171875
M6,6,M6_20mA_20C_0,frame_0123.png,49.51171875
M6,6,M6_20mA_20C_0,frame_0125.png,49.51171875
M6,6,M6_20mA_20C_0,frame_0126.png,49.51171875
M6,6,M6_20mA_20C_0,frame_0132.png,49.51171875
M6,6,M6_20mA_20C_0,frame_0136.png,49.51171875
M6,6,M6_20mA_20C_0,frame_0137.png,49.51171875
M6,6,M6_20mA_20C_0,frame_0139.png,49.51171875
M6,6,M6_20mA_20C_0,frame_0143.png,49.51171875
M6,6,M6_20mA_20C_0,frame_0151.png,49.51171875
M6,6,M6_20mA_20C_0,frame_0152.png,49.51171875
M6,6,M6_20mA_20C_0,frame_0156.png,49.51171875
M6,6,M6_20mA_20C_0,frame_0158.png,49.51171875
M6,6,M6_20mA_20C_0,frame_0160.png,49.462890625
M6,6,M6_20mA_20C_0,frame_0166.png,49.51171875
M6,6,M6_20mA_20C_0,frame_0170.png,49.51171875
M6,6,M6_20mA_20C_0,frame_0172.png,49.51171875
M6,6,M6_20mA_20C_0,frame_0173.png,49.51171875
M6,6,M6_20mA_20C_0,frame_0175.png,49.51171875
M6,6,M6_20mA_20C_0,frame_0179.png,49.51171875
M6,6,M6_20mA_20C_0,frame_0182.png,49.51171875
M6,6,M6_20mA_20C_0,frame_0185.png,49.51171875
M6,6,M6_20mA_20C_0,frame_0189.png,49.51171875
M6,6,M6_20mA_20C_0,frame_0195.png,49.51171875
M6,6,M6_20mA_30C_0,frame_0020.png,49.51171875
M6,6,M6_20mA_30C_0,frame_0023.png,49.51171875
M6,6,M6_20mA_30C_0,frame_0030.png,49.462890625
M6,6,M6_20mA_30C_0,frame_0034.png,49.51171875
M6,6,M6_20mA_30C_0,frame_0046.png,49.51171875
M6,6,M6_20mA_30C_0,frame_0049.png,49.51171875
M6,6,M6_20mA_30C_0,frame_0053.png,49.51171875
M6,6,M6_20mA_30C_0,frame_0055.png,49.51171875
M6,6,M6_20mA_30C_0,frame_0059.png,49.51171875
M6,6,M6_20mA_30C_0,frame_0062.png,49.51171875
M6,6,M6_20mA_30C_0,frame_0066.png,49.51171875
M6,6,M6_20mA_30C_0,frame_0073.png,49.51171875
M6,6,M6_20mA_30C_0,frame_0075.png,49.51171875
M6,6,M6_20mA_30C_0,frame_0080.png,49.51171875
M6,6,M6_20mA_30C_0,frame_0083.png,49.51171875
M6,6,M6_20mA_30C_0,frame_0085.png,49.51171875
M6,6,M6_20mA_30C_0,frame_0088.png,49.51171875
M6,6,M6_20mA_30C_0,frame_0096.png,49.51171875
M6,6,M6_20mA_30C_0,frame_0099.png,49.51171875
M6,6,M6_20mA_30C_0,frame_0104.png,49.51171875
M6,6,M6_20mA_30C_0,frame_0105.png,49.51171875
M6,6,M6_20mA_30C_0,frame_0115.png,49.51171875
M6,6,M6_20mA_30C_0,frame_0116.png,49.51171875
M6,6,M6_20mA_30C_0,frame_0121.png,49.70703125
M6,6,M6_20mA_30C_0,frame_0122.png,49.51171875
M6,6,M6_20mA_30C_0,frame_0125.png,49.51171875
M6,6,M6_20mA_30C_0,frame_0129.png,49.51171875
M6,6,M6_20mA_30C_0,frame_0135.png,49.51171875
M6,6,M6_20mA_30C_0,frame_0138.png,49.51171875
M6,6,M6_20mA_30C_0,frame_0140.png,49.51171875
M6,6,M6_20mA_30C_0,frame_0142.png,49.51171875
M6,6,M6_20mA_30C_0,frame_0143.png,49.51171875
M6,6,M6_20mA_30C_0,frame_0144.png,49.51171875
M6,6,M6_20mA_30C_0,frame_0149.png,49.51171875
M6,6,M6_20mA_30C_0,frame_0151.png,49.51171875
M6,6,M6_20mA_30C_0,frame_0162.png,49.51171875
M6,6,M6_20mA_30C_0,frame_0164.png,49.51171875
M6,6,M6_20mA_30C_0,frame_0165.png,49.51171875
M6,6,M6_20mA_30C_0,frame_0168.png,49.51171875
M6,6,M6_20mA_30C_0,frame_0177.png,49.51171875
M6,6,M6_20mA_30C_0,frame_0185.png,49.51171875
M6,6,M6_20mA_30C_0,frame_0186.png,49.51171875
M6,6,M6_20mA_30C_0,frame_0188.png,49.560546875
M6,6,M6_20mA_30C_0,frame_0195.png,49.51171875
M6,6,M6_20mA_30C_0,frame_0196.png,49.51171875
M6,6,M6_20mA_40C_0,frame_0029.png,49.51171875
M6,6,M6_20mA_40C_0,frame_0030.png,49.51171875
M6,6,M6_20mA_40C_0,frame_0032.png,49.51171875
M6,6,M6_20mA_40C_0,frame_0037.png,49.51171875
M6,6,M6_20mA_40C_0,frame_0041.png,49.560546875
M6,6,M6_20mA_40C_0,frame_0042.png,49.51171875
M6,6,M6_20mA_40C_0,frame_0045.png,49.51171875
M6,6,M6_20mA_40C_0,frame_0048.png,49.51171875
M6,6,M6_20mA_40C_0,frame_0055.png,49.51171875
M6,6,M6_20mA_40C_0,frame_0056.png,49.51171875
M6,6,M6_20mA_40C_0,frame_0059.png,49.51171875
M6,6,M6_20mA_40C_0,frame_0060.png,49.51171875
M6,6,M6_20mA_40C_0,frame_0067.png,49.51171875
M6,6,M6_20mA_40C_0,frame_0077.png,49.51171875
M6,6,M6_20mA_40C_0,frame_0083.png,49.51171875
M6,6,M6_20mA_40C_0,frame_0088.png,49.51171875
M6,6,M6_20mA_40C_0,frame_0101.png,49.51171875
M6,6,M6_20mA_40C_0,frame_0103.png,49.51171875
M6,6,M6_20mA_40C_0,frame_0106.png,49.51171875
M6,6,M6_20mA_40C_0,frame_0108.png,49.51171875
M6,6,M6_20mA_40C_0,frame_0109.png,49.51171875
M6,6,M6_20mA_40C_0,frame_0110.png,49.609375
M6,6,M6_20mA_40C_0,frame_0113.png,49.51171875
M6,6,M6_20mA_40C_0,frame_0120.png,49.51171875
M6,6,M6_20mA_40C_0,frame_0128.png,49.51171875
M6,6,M6_20mA_40C_0,frame_0129.png,49.51171875
M6,6,M6_20mA_40C_0,frame_0132.png,49.51171875
M6,6,M6_20mA_40C_0,frame_0134.png,49.51171875
M6,6,M6_20mA_40C_0,frame_0135.png,49.51171875
M6,6,M6_20mA_40C_0,frame_0148.png,49.51171875
M6,6,M6_20mA_40C_0,frame_0150.png,49.51171875
M6,6,M6_20mA_40C_0,frame_0151.png,49.51171875
M6,6,M6_20mA_40C_0,frame_0153.png,49.51171875
M6,6,M6_20mA_40C_0,frame_0154.png,49.51171875
M6,6,M6_20mA_40C_0,frame_0158.png,49.51171875
M6,6,M6_20mA_40C_0,frame_0160.png,49.51171875
M6,6,M6_20mA_40C_0,frame_0163.png,49.51171875
M6,6,M6_20mA_40C_0,frame_0168.png,49.4140625
M6,6,M6_20mA_40C_0,frame_0171.png,49.51171875
M6,6,M6_20mA_40C_0,frame_0174.png,49.51171875
M6,6,M6_20mA_40C_0,frame_0179.png,49.51171875
M6,6,M6_20mA_40C_0,frame_0185.png,49.51171875
M6,6,M6_20mA_40C_0,frame_0188.png,49.51171875
M6,6,M6_20mA_40C_0,frame_0196.png,49.51171875
M6,6,M6_20mA_40C_0,frame_0199.png,49.51171875
M6,6,M6_30mA_20C_0,frame_0034.png,49.51171875
M6,6,M6_30mA_20C_0,frame_0035.png,49.51171875
M6,6,M6_30mA_20C_0,frame_0039.png,49.51171875
M6,6,M6_30mA_20C_0,frame_0041.png,49.51171875
M6,6,M6_30mA_20C_0,frame_0045.png,49.51171875
M6,6,M6_30mA_20C_0,frame_0048.png,49.51171875
M6,6,M6_30mA_20C_0,frame_0051.png,49.51171875
M6,6,M6_30mA_20C_0,frame_0053.png,49.462890625
M6,6,M6_30mA_20C_0,frame_0056.png,49.51171875
M6,6,M6_30mA_20C_0,frame_0060.png,49.4140625
M6,6,M6_30mA_20C_0,frame_0065.png,49.8046875
M6,6,M6_30mA_20C_0,frame_0071.png,49.70703125
M6,6,M6_30mA_20C_0,frame_0073.png,49.51171875
M6,6,M6_30mA_20C_0,frame_0078.png,49.51171875
M6,6,M6_30mA_20C_0,frame_0081.png,49.51171875
M6,6,M6_30mA_20C_0,frame_0082.png,49.51171875
M6,6,M6_30mA_20C_0,frame_0087.png,49.51171875
M6,6,M6_30mA_20C_0,frame_0088.png,49.462890625
M6,6,M6_30mA_20C_0,frame_0104.png,49.4140625
M6,6,M6_30mA_20C_0,frame_0105.png,49.462890625
M6,6,M6_30mA_20C_0,frame_0106.png,49.51171875
M6,6,M6_30mA_20C_0,frame_0112.png,49.51171875
M6,6,M6_30mA_20C_0,frame_0113.png,49.51171875
M6,6,M6_30mA_20C_0,frame_0114.png,49.51171875
M6,6,M6_30mA_20C_0,frame_0115.png,49.51171875
M6,6,M6_30mA_20C_0,frame_0116.png,49.51171875
M6,6,M6_30mA_20C_0,frame_0121.png,49.51171875
M6,6,M6_30mA_20C_0,frame_0124.png,49.51171875
M6,6,M6_30mA_20C_0,frame_0126.png,49.51171875
M6,6,M6_30mA_20C_0,frame_0127.png,49.51171875
M6,6,M6_30mA_20C_0,frame_0128.png,49.51171875
M6,6,M6_30mA_20C_0,frame_0131.png,49.51171875
M6,6,M6_30mA_20C_0,frame_0154.png,49.51171875
M6,6,M6_30mA_20C_0,frame_0156.png,49.51171875
M6,6,M6_30mA_20C_0,frame_0158.png,49.462890625
M6,6,M6_30mA_20C_0,frame_0159.png,49.51171875
M6,6,M6_30mA_20C_0,frame_0171.png,49.51171875
M6,6,M6_30mA_20C_0,frame_0178.png,49.462890625
M6,6,M6_30mA_20C_0,frame_0179.png,49.51171875
M6,6,M6_30mA_20C_0,frame_0181.png,49.462890625
M6,6,M6_30mA_20C_0,frame_0188.png,49.51171875
M6,6,M6_30mA_20C_0,frame_0190.png,49.51171875
M6,6,M6_30mA_20C_0,frame_0191.png,49.51171875
M6,6,M6_30mA_20C_0,frame_0198.png,49.51171875
M6,6,M6_30mA_20C_0,frame_0200.png,49.658203125
M6,6,M6_30mA_30C_0,frame_0029.png,49.51171875
M6,6,M6_30mA_30C_0,frame_0030.png,49.51171875
M6,6,M6_30mA_30C_0,frame_0031.png,49.51171875
M6,6,M6_30mA_30C_0,frame_0034.png,49.51171875
M6,6,M6_30mA_30C_0,frame_0038.png,49.51171875
M6,6,M6_30mA_30C_0,frame_0041.png,49.51171875
M6,6,M6_30mA_30C_0,frame_0042.png,49.51171875
M6,6,M6_30mA_30C_0,frame_0048.png,49.51171875
M6,6,M6_30mA_30C_0,frame_0064.png,49.51171875
M6,6,M6_30mA_30C_0,frame_0065.png,49.51171875
M6,6,M6_30mA_30C_0,frame_0070.png,49.51171875
M6,6,M6_30mA_30C_0,frame_0073.png,49.51171875
M6,6,M6_30mA_30C_0,frame_0074.png,49.51171875
M6,6,M6_30mA_30C_0,frame_0076.png,49.51171875
M6,6,M6_30mA_30C_0,frame_0079.png,49.51171875
M6,6,M6_30mA_30C_0,frame_0089.png,49.462890625
M6,6,M6_30mA_30C_0,frame_0091.png,49.51171875
M6,6,M6_30mA_30C_0,frame_0094.png,49.51171875
M6,6,M6_30mA_30C_0,frame_0096.png,49.51171875
M6,6,M6_30mA_30C_0,frame_0097.png,49.51171875
M6,6,M6_30mA_30C_0,frame_0100.png,49.51171875
M6,6,M6_30mA_30C_0,frame_0108.png,49.51171875
M6,6,M6_30mA_30C_0,frame_0119.png,49.51171875
M6,6,M6_30mA_30C_0,frame_0123.png,49.51171875
M6,6,M6_30mA_30C_0,frame_0125.png,49.365234375
M6,6,M6_30mA_30C_0,frame_0127.png,49.51171875
M6,6,M6_30mA_30C_0,frame_0129.png,49.51171875
M6,6,M6_30mA_30C_0,frame_0133.png,49.51171875
M6,6,M6_30mA_30C_0,frame_0134.png,49.51171875
M6,6,M6_30mA_30C_0,frame_0135.png,49.51171875
M6,6,M6_30mA_30C_0,frame_0148.png,49.51171875
M6,6,M6_30mA_30C_0,frame_0152.png,49.560546875
M6,6,M6_30mA_30C_0,frame_0153.png,49.51171875
M6,6,M6_30mA_30C_0,frame_0154.png,49.51171875
M6,6,M6_30mA_30C_0,frame_0170.png,49.4140625
M6,6,M6_30mA_30C_0,frame_0172.png,49.51171875
M6,6,M6_30mA_30C_0,frame_0182.png,49.51171875
M6,6,M6_30mA_30C_0,frame_0183.png,49.462890625
M6,6,M6_30mA_30C_0,frame_0186.png,49.51171875
M6,6,M6_30mA_30C_0,frame_0189.png,49.51171875
M6,6,M6_30mA_30C_0,frame_0190.png,49.51171875
M6,6,M6_30mA_30C_0,frame_0191.png,49.51171875
M6,6,M6_30mA_30C_0,frame_0192.png,49.51171875
M6,6,M6_30mA_30C_0,frame_0195.png,49.51171875
M6,6,M6_30mA_30C_0,frame_0200.png,49.51171875
M6,6,M6_30mA_40C_0,frame_0035.png,49.609375
M6,6,M6_30mA_40C_0,frame_0038.png,49.51171875
M6,6,M6_30mA_40C_0,frame_0040.png,49.560546875
M6,6,M6_30mA_40C_0,frame_0041.png,49.51171875
M6,6,M6_30mA_40C_0,frame_0050.png,49.560546875
M6,6,M6_30mA_40C_0,frame_0051.png,49.560546875
M6,6,M6_30mA_40C_0,frame_0052.png,49.51171875
M6,6,M6_30mA_40C_0,frame_0054.png,49.51171875
M6,6,M6_30mA_40C_0,frame_0057.png,49.609375
M6,6,M6_30mA_40C_0,frame_0062.png,49.462890625
M6,6,M6_30mA_40C_0,frame_0066.png,49.51171875
M6,6,M6_30mA_40C_0,frame_0067.png,49.609375
M6,6,M6_30mA_40C_0,frame_0068.png,49.462890625
M6,6,M6_30mA_40C_0,frame_0071.png,49.560546875
M6,6,M6_30mA_40C_0,frame_0074.png,49.462890625
M6,6,M6_30mA_40C_0,frame_0076.png,49.51171875
M6,6,M6_30mA_40C_0,frame_0078.png,49.560546875
M6,6,M6_30mA_40C_0,frame_0081.png,49.51171875
M6,6,M6_30mA_40C_0,frame_0082.png,49.51171875
M6,6,M6_30mA_40C_0,frame_0083.png,49.51171875
M6,6,M6_30mA_40C_0,frame_0085.png,49.51171875
M6,6,M6_30mA_40C_0,frame_0087.png,49.51171875
M6,6,M6_30mA_40C_0,frame_0088.png,49.609375
M6,6,M6_30mA_40C_0,frame_0089.png,49.51171875
M6,6,M6_30mA_40C_0,frame_0091.png,49.51171875
M6,6,M6_30mA_40C_0,frame_0098.png,49.51171875
M6,6,M6_30mA_40C_0,frame_0105.png,49.51171875
M6,6,M6_30mA_40C_0,frame_0109.png,49.560546875
M6,6,M6_30mA_40C_0,frame_0116.png,49.365234375
M6,6,M6_30mA_40C_0,frame_0120.png,49.51171875
M6,6,M6_30mA_40C_0,frame_0122.png,49.51171875
M6,6,M6_30mA_40C_0,frame_0127.png,49.51171875
M6,6,M6_30mA_40C_0,frame_0128.png,49.462890625
M6,6,M6_30mA_40C_0,frame_0131.png,49.609375
M6,6,M6_30mA_40C_0,frame_0136.png,49.51171875
M6,6,M6_30mA_40C_0,frame_0140.png,49.560546875
M6,6,M6_30mA_40C_0,frame_0144.png,49.462890625
M6,6,M6_30mA_40C_0,frame_0159.png,49.609375
M6,6,M6_30mA_40C_0,frame_0166.png,49.560546875
M6,6,M6_30mA_40C_0,frame_0168.png,49.51171875
M6,6,M6_30mA_40C_0,frame_0170.png,49.51171875
M6,6,M6_30mA_40C_0,frame_0171.png,49.560546875
M6,6,M6_30mA_40C_0,frame_0178.png,49.51171875
M6,6,M6_30mA_40C_0,frame_0190.png,49.560546875
M6,6,M6_30mA_40C_0,frame_0198.png,49.51171875
M7,7,M7_10mA_20C_0,frame_0010.png,48.828125
M7,7,M7_10mA_20C_0,frame_0014.png,48.828125
M7,7,M7_10mA_20C_0,frame_0015.png,48.828125
M7,7,M7_10mA_20C_0,frame_0024.png,48.876953125
M7,7,M7_10mA_20C_0,frame_0025.png,48.828125
M7,7,M7_10mA_20C_0,frame_0032.png,48.828125
M7,7,M7_10mA_20C_0,frame_0035.png,48.828125
M7,7,M7_10mA_20C_0,frame_0040.png,48.828125
M7,7,M7_10mA_20C_0,frame_0042.png,48.974609375
M7,7,M7_10mA_20C_0,frame_0054.png,48.779296875
M7,7,M7_10mA_20C_0,frame_0057.png,48.828125
M7,7,M7_10mA_20C_0,frame_0061.png,48.828125
M7,7,M7_10mA_20C_0,frame_0065.png,48.876953125
M7,7,M7_10mA_20C_0,frame_0067.png,48.73046875
M7,7,M7_10mA_20C_0,frame_0073.png,48.828125
M7,7,M7_10mA_20C_0,frame_0076.png,48.876953125
M7,7,M7_10mA_20C_0,frame_0078.png,48.828125
M7,7,M7_10mA_20C_0,frame_0079.png,48.828125
M7,7,M7_10mA_20C_0,frame_0086.png,48.828125
M7,7,M7_10mA_20C_0,frame_0088.png,48.779296875
M7,7,M7_10mA_20C_0,frame_0091.png,48.486328125
M7,7,M7_10mA_20C_0,frame_0093.png,49.21875
M7,7,M7_10mA_20C_0,frame_0101.png,48.876953125
M7,7,M7_10mA_20C_0,frame_0103.png,48.828125
M7,7,M7_10mA_20C_0,frame_0121.png,48.828125
M7,7,M7_10mA_20C_0,frame_0124.png,48.828125
M7,7,M7_10mA_20C_0,frame_0125.png,48.876953125
M7,7,M7_10mA_20C_0,frame_0126.png,48.828125
M7,7,M7_10mA_20C_0,frame_0127.png,48.828125
M7,7,M7_10mA_20C_0,frame_0139.png,48.828125
M7,7,M7_10mA_20C_0,frame_0143.png,48.828125
M7,7,M7_10mA_20C_0,frame_0147.png,48.828125
M7,7,M7_10mA_20C_0,frame_0152.png,48.828125
M7,7,M7_10mA_20C_0,frame_0153.png,49.31640625
M7,7,M7_10mA_20C_0,frame_0156.png,48.828125
M7,7,M7_10mA_20C_0,frame_0169.png,48.92578125
M7,7,M7_10mA_20C_0,frame_0173.png,48.828125
M7,7,M7_10mA_20C_0,frame_0176.png,48.828125
M7,7,M7_10mA_20C_0,frame_0184.png,48.828125
M7,7,M7_10mA_20C_0,frame_0186.png,48.876953125
M7,7,M7_10mA_20C_0,frame_0188.png,48.828125
M7,7,M7_10mA_20C_0,frame_0190.png,48.828125
M7,7,M7_10mA_20C_0,frame_0191.png,49.12109375
M7,7,M7_10mA_20C_0,frame_0192.png,48.73046875
M7,7,M7_10mA_20C_0,frame_0198.png,48.876953125
M7,7,M7_10mA_30C_0,frame_0023.png,48.828125
M7,7,M7_10mA_30C_0,frame_0026.png,48.974609375
M7,7,M7_10mA_30C_0,frame_0029.png,48.828125
M7,7,M7_10mA_30C_0,frame_0033.png,48.92578125
M7,7,M7_10mA_30C_0,frame_0038.png,48.828125
M7,7,M7_10mA_30C_0,frame_0039.png,48.828125
M7,7,M7_10mA_30C_0,frame_0040.png,48.828125
M7,7,M7_10mA_30C_0,frame_0042.png,48.828125
M7,7,M7_10mA_30C_0,frame_0043.png,48.828125
M7,7,M7_10mA_30C_0,frame_0050.png,48.876953125
M7,7,M7_10mA_30C_0,frame_0051.png,48.828125
M7,7,M7_10mA_30C_0,frame_0058.png,48.828125
M7,7,M7_10mA_30C_0,frame_0061.png,48.828125
M7,7,M7_10mA_30C_0,frame_0062.png,48.828125
M7,7,M7_10mA_30C_0,frame_0063.png,48.828125
M7,7,M7_10mA_30C_0,frame_0064.png,48.876953125
M7,7,M7_10mA_30C_0,frame_0065.png,48.828125
M7,7,M7_10mA_30C_0,frame_0068.png,48.828125
M7,7,M7_10mA_30C_0,frame_0079.png,48.828125
M7,7,M7_10mA_30C_0,frame_0084.png,48.876953125
M7,7,M7_10mA_30C_0,frame_0086.png,48.828125
M7,7,M7_10mA_30C_0,frame_0089.png,48.828125
M7,7,M7_10mA_30C_0,frame_0094.png,48.828125
M7,7,M7_10mA_30C_0,frame_0097.png,48.828125
M7,7,M7_10mA_30C_0,frame_0104.png,48.828125
M7,7,M7_10mA_30C_0,frame_0108.png,48.876953125
M7,7,M7_10mA_30C_0,frame_0111.png,48.828125
M7,7,M7_10mA_30C_0,frame_0114.png,48.828125
M7,7,M7_10mA_30C_0,frame_0123.png,49.0234375
M7,7,M7_10mA_30C_0,frame_0135.png,48.828125
M7,7,M7_10mA_30C_0,frame_0138.png,48.828125
M7,7,M7_10mA_30C_0,frame_0139.png,48.828125
M7,7,M7_10mA_30C_0,frame_0144.png,48.828125
M7,7,M7_10mA_30C_0,frame_0146.png,48.828125
M7,7,M7_10mA_30C_0,frame_0148.png,48.828125
M7,7,M7_10mA_30C_0,frame_0152.png,48.876953125
M7,7,M7_10mA_30C_0,frame_0161.png,48.828125
M7,7,M7_10mA_30C_0,frame_0162.png,48.828125
M7,7,M7_10mA_30C_0,frame_0165.png,48.828125
M7,7,M7_10mA_30C_0,frame_0176.png,48.828125
M7,7,M7_10mA_30C_0,frame_0184.png,48.779296875
M7,7,M7_10mA_30C_0,frame_0190.png,48.828125
M7,7,M7_10mA_30C_0,frame_0192.png,48.974609375
M7,7,M7_10mA_30C_0,frame_0194.png,48.828125
M7,7,M7_10mA_30C_0,frame_0200.png,48.92578125
M7,7,M7_10mA_40C_0,frame_0031.png,48.828125
M7,7,M7_10mA_40C_0,frame_0036.png,48.828125
M7,7,M7_10mA_40C_0,frame_0038.png,48.828125
M7,7,M7_10mA_40C_0,frame_0045.png,48.779296875
M7,7,M7_10mA_40C_0,frame_0067.png,48.876953125
M7,7,M7_10mA_40C_0,frame_0075.png,48.828125
M7,7,M7_10mA_40C_0,frame_0078.png,48.828125
M7,7,M7_10mA_40C_0,frame_0081.png,48.828125
M7,7,M7_10mA_40C_0,frame_0089.png,48.828125
M7,7,M7_10mA_40C_0,frame_0099.png,48.828125
M7,7,M7_10mA_40C_0,frame_0100.png,48.828125
M7,7,M7_10mA_40C_0,frame_0102.png,48.828125
M7,7,M7_10mA_40C_0,frame_0103.png,48.828125
M7,7,M7_10mA_40C_0,frame_0104.png,48.828125
M7,7,M7_10mA_40C_0,frame_0107.png,48.828125
M7,7,M7_10mA_40C_0,frame_0111.png,48.876953125
M7,7,M7_10mA_40C_0,frame_0112.png,48.876953125
M7,7,M7_10mA_40C_0,frame_0118.png,49.072265625
M7,7,M7_10mA_40C_0,frame_0120.png,48.828125
M7,7,M7_10mA_40C_0,frame_0122.png,48.828125
M7,7,M7_10mA_40C_0,frame_0126.png,48.828125
M7,7,M7_10mA_40C_0,frame_0133.png,48.828125
M7,7,M7_10mA_40C_0,frame_0134.png,49.0234375
M7,7,M7_10mA_40C_0,frame_0141.png,48.828125
M7,7,M7_10mA_40C_0,frame_0143.png,48.828125
M7,7,M7_10mA_40C_0,frame_0149.png,48.828125
M7,7,M7_10mA_40C_0,frame_0150.png,48.828125
M7,7,M7_10mA_40C_0,frame_0152.png,48.828125
M7,7,M7_10mA_40C_0,frame_0154.png,48.92578125
M7,7,M7_10mA_40C_0,frame_0155.png,48.828125
M7,7,M7_10mA_40C_0,frame_0159.png,49.169921875
M7,7,M7_10mA_40C_0,frame_0160.png,48.828125
M7,7,M7_10mA_40C_0,frame_0163.png,48.828125
M7,7,M7_10mA_40C_0,frame_0171.png,48.828125
M7,7,M7_10mA_40C_0,frame_0172.png,48.828125
M7,7,M7_10mA_40C_0,frame_0176.png,48.828125
M7,7,M7_10mA_40C_0,frame_0180.png,48.876953125
M7,7,M7_10mA_40C_0,frame_0181.png,48.828125
M7,7,M7_10mA_40C_0,frame_0186.png,48.828125
M7,7,M7_10mA_40C_0,frame_0187.png,48.828125
M7,7,M7_10mA_40C_0,frame_0189.png,48.828125
M7,7,M7_10mA_40C_0,frame_0190.png,48.828125
M7,7,M7_10mA_40C_0,frame_0193.png,48.828125
M7,7,M7_10mA_40C_0,frame_0195.png,48.828125
M7,7,M7_10mA_40C_0,frame_0200.png,48.828125
M7,7,M7_20mA_20C_0,frame_0028.png,48.828125
M7,7,M7_20mA_20C_0,frame_0029.png,48.828125
M7,7,M7_20mA_20C_0,frame_0032.png,48.828125
M7,7,M7_20mA_20C_0,frame_0034.png,48.876953125
M7,7,M7_20mA_20C_0,frame_0040.png,48.828125
M7,7,M7_20mA_20C_0,frame_0041.png,48.828125
M7,7,M7_20mA_20C_0,frame_0044.png,48.779296875
M7,7,M7_20mA_20C_0,frame_0046.png,48.876953125
M7,7,M7_20mA_20C_0,frame_0049.png,48.828125
M7,7,M7_20mA_20C_0,frame_0056.png,48.828125
M7,7,M7_20mA_20C_0,frame_0058.png,48.828125
M7,7,M7_20mA_20C_0,frame_0059.png,48.779296875
M7,7,M7_20mA_20C_0,frame_0060.png,48.828125
M7,7,M7_20mA_20C_0,frame_0062.png,48.828125
M7,7,M7_20mA_20C_0,frame_0069.png,48.828125
M7,7,M7_20mA_20C_0,frame_0073.png,48.828125
M7,7,M7_20mA_20C_0,frame_0075.png,48.828125
M7,7,M7_20mA_20C_0,frame_0076.png,48.73046875
M7,7,M7_20mA_20C_0,frame_0080.png,48.828125
M7,7,M7_20mA_20C_0,frame_0082.png,48.828125
M7,7,M7_20mA_20C_0,frame_0084.png,48.828125
M7,7,M7_20mA_20C_0,frame_0088.png,48.876953125
M7,7,M7_20mA_20C_0,frame_0089.png,48.6328125
M7,7,M7_20mA_20C_0,frame_0093.png,48.828125
M7,7,M7_20mA_20C_0,frame_0098.png,48.73046875
M7,7,M7_20mA_20C_0,frame_0103.png,48.828125
M7,7,M7_20mA_20C_0,frame_0112.png,48.73046875
M7,7,M7_20mA_20C_0,frame_0116.png,48.828125
M7,7,M7_20mA_20C_0,frame_0122.png,48.828125
M7,7,M7_20mA_20C_0,frame_0139.png,49.365234375
M7,7,M7_20mA_20C_0,frame_0142.png,48.828125
M7,7,M7_20mA_20C_0,frame_0146.png,48.828125
M7,7,M7_20mA_20C_0,frame_0154.png,48.828125
M7,7,M7_20mA_20C_0,frame_0156.png,48.828125
M7,7,M7_20mA_20C_0,frame_0161.png,48.828125
M7,7,M7_20mA_20C_0,frame_0168.png,48.828125
M7,7,M7_20mA_20C_0,frame_0173.png,48.828125
M7,7,M7_20mA_20C_0,frame_0174.png,48.828125
M7,7,M7_20mA_20C_0,frame_0175.png,48.828125
M7,7,M7_20mA_20C_0,frame_0181.png,49.0234375
M7,7,M7_20mA_20C_0,frame_0186.png,48.583984375
M7,7,M7_20mA_20C_0,frame_0188.png,48.828125
M7,7,M7_20mA_20C_0,frame_0191.png,48.828125
M7,7,M7_20mA_20C_0,frame_0196.png,48.779296875
M7,7,M7_20mA_20C_0,frame_0197.png,48.583984375
M7,7,M7_20mA_30C_0,frame_0042.png,48.73046875
M7,7,M7_20mA_30C_0,frame_0047.png,48.828125
M7,7,M7_20mA_30C_0,frame_0049.png,48.828125
M7,7,M7_20mA_30C_0,frame_0050.png,48.828125
M7,7,M7_20mA_30C_0,frame_0055.png,48.828125
M7,7,M7_20mA_30C_0,frame_0056.png,48.828125
M7,7,M7_20mA_30C_0,frame_0057.png,48.828125
M7,7,M7_20mA_30C_0,frame_0059.png,48.779296875
M7,7,M7_20mA_30C_0,frame_0061.png,48.828125
M7,7,M7_20mA_30C_0,frame_0066.png,48.828125
M7,7,M7_20mA_30C_0,frame_0070.png,48.828125
M7,7,M7_20mA_30C_0,frame_0073.png,48.828125
M7,7,M7_20mA_30C_0,frame_0074.png,48.828125
M7,7,M7_20mA_30C_0,frame_0076.png,48.779296875
M7,7,M7_20mA_30C_0,frame_0084.png,48.4375
M7,7,M7_20mA_30C_0,frame_0085.png,48.828125
M7,7,M7_20mA_30C_0,frame_0089.png,48.828125
M7,7,M7_20mA_30C_0,frame_0097.png,48.828125
M7,7,M7_20mA_30C_0,frame_0100.png,48.828125
M7,7,M7_20mA_30C_0,frame_0108.png,48.828125
M7,7,M7_20mA_30C_0,frame_0113.png,48.828125
M7,7,M7_20mA_30C_0,frame_0117.png,48.828125
M7,7,M7_20mA_30C_0,frame_0123.png,48.828125
M7,7,M7_20mA_30C_0,frame_0124.png,48.828125
M7,7,M7_20mA_30C_0,frame_0129.png,48.828125
M7,7,M7_20mA_30C_0,frame_0130.png,48.828125
M7,7,M7_20mA_30C_0,frame_0131.png,48.828125
M7,7,M7_20mA_30C_0,frame_0138.png,48.828125
M7,7,M7_20mA_30C_0,frame_0143.png,48.974609375
M7,7,M7_20mA_30C_0,frame_0146.png,48.828125
M7,7,M7_20mA_30C_0,frame_0147.png,48.828125
M7,7,M7_20mA_30C_0,frame_0153.png,48.828125
M7,7,M7_20mA_30C_0,frame_0156.png,48.828125
M7,7,M7_20mA_30C_0,frame_0159.png,48.828125
M7,7,M7_20mA_30C_0,frame_0162.png,48.828125
M7,7,M7_20mA_30C_0,frame_0165.png,48.828125
M7,7,M7_20mA_30C_0,frame_0168.png,48.828125
M7,7,M7_20mA_30C_0,frame_0176.png,48.828125
M7,7,M7_20mA_30C_0,frame_0177.png,48.73046875
M7,7,M7_20mA_30C_0,frame_0183.png,48.828125
M7,7,M7_20mA_30C_0,frame_0184.png,48.828125
M7,7,M7_20mA_30C_0,frame_0189.png,48.828125
M7,7,M7_20mA_30C_0,frame_0193.png,48.828125
M7,7,M7_20mA_30C_0,frame_0196.png,48.828125
M7,7,M7_20mA_30C_0,frame_0198.png,48.828125
M7,7,M7_20mA_40C_0,frame_0015.png,48.828125
M7,7,M7_20mA_40C_0,frame_0017.png,48.779296875
M7,7,M7_20mA_40C_0,frame_0020.png,48.828125
M7,7,M7_20mA_40C_0,frame_0021.png,48.828125
M7,7,M7_20mA_40C_0,frame_0024.png,48.92578125
M7,7,M7_20mA_40C_0,frame_0025.png,48.828125
M7,7,M7_20mA_40C_0,frame_0026.png,48.828125
M7,7,M7_20mA_40C_0,frame_0032.png,48.828125
M7,7,M7_20mA_40C_0,frame_0036.png,48.828125
M7,7,M7_20mA_40C_0,frame_0039.png,48.828125
M7,7,M7_20mA_40C_0,frame_0049.png,48.828125
M7,7,M7_20mA_40C_0,frame_0054.png,48.828125
M7,7,M7_20mA_40C_0,frame_0065.png,48.828125
M7,7,M7_20mA_40C_0,frame_0066.png,48.828125
M7,7,M7_20mA_40C_0,frame_0071.png,48.828125
M7,7,M7_20mA_40C_0,frame_0080.png,48.828125
M7,7,M7_20mA_40C_0,frame_0096.png,48.92578125
M7,7,M7_20mA_40C_0,frame_0098.png,48.828125
M7,7,M7_20mA_40C_0,frame_0118.png,48.876953125
M7,7,M7_20mA_40C_0,frame_0119.png,48.828125
M7,7,M7_20mA_40C_0,frame_0120.png,48.876953125
M7,7,M7_20mA_40C_0,frame_0124.png,48.828125
M7,7,M7_20mA_40C_0,frame_0131.png,48.828125
M7,7,M7_20mA_40C_0,frame_0141.png,48.828125
M7,7,M7_20mA_40C_0,frame_0145.png,48.779296875
M7,7,M7_20mA_40C_0,frame_0146.png,48.828125
M7,7,M7_20mA_40C_0,frame_0149.png,48.828125
M7,7,M7_20mA_40C_0,frame_0150.png,48.828125
M7,7,M7_20mA_40C_0,frame_0152.png,48.828125
M7,7,M7_20mA_40C_0,frame_0154.png,48.828125
M7,7,M7_20mA_40C_0,frame_0160.png,48.828125
M7,7,M7_20mA_40C_0,frame_0165.png,48.828125
M7,7,M7_20mA_40C_0,frame_0168.png,48.73046875
M7,7,M7_20mA_40C_0,frame_0170.png,48.828125
M7,7,M7_20mA_40C_0,frame_0173.png,48.828125
M7,7,M7_20mA_40C_0,frame_0174.png,48.779296875
M7,7,M7_20mA_40C_0,frame_0175.png,48.828125
M7,7,M7_20mA_40C_0,frame_0181.png,48.828125
M7,7,M7_20mA_40C_0,frame_0186.png,48.828125
M7,7,M7_20mA_40C_0,frame_0192.png,48.828125
M7,7,M7_20mA_40C_0,frame_0194.png,48.828125
M7,7,M7_20mA_40C_0,frame_0196.png,48.828125
M7,7,M7_20mA_40C_0,frame_0197.png,48.828125
M7,7,M7_20mA_40C_0,frame_0199.png,48.876953125
M7,7,M7_20mA_40C_0,frame_0200.png,48.876953125
M7,7,M7_30mA_20C_0,frame_0016.png,48.388671875
M7,7,M7_30mA_20C_0,frame_0017.png,48.828125
M7,7,M7_30mA_20C_0,frame_0018.png,48.828125
M7,7,M7_30mA_20C_0,frame_0019.png,48.828125
M7,7,M7_30mA_20C_0,frame_0020.png,48.828125
M7,7,M7_30mA_20C_0,frame_0021.png,48.828125
M7,7,M7_30mA_20C_0,frame_0023.png,48.828125
M7,7,M7_30mA_20C_0,frame_0034.png,48.681640625
M7,7,M7_30mA_20C_0,frame_0036.png,48.681640625
M7,7,M7_30mA_20C_0,frame_0048.png,48.876953125
M7,7,M7_30mA_20C_0,frame_0054.png,48.681640625
M7,7,M7_30mA_20C_0,frame_0061.png,48.876953125
M7,7,M7_30mA_20C_0,frame_0069.png,48.828125
M7,7,M7_30mA_20C_0,frame_0071.png,48.828125
M7,7,M7_30mA_20C_0,frame_0072.png,48.828125
M7,7,M7_30mA_20C_0,frame_0076.png,48.828125
M7,7,M7_30mA_20C_0,frame_0078.png,48.828125
M7,7,M7_30mA_20C_0,frame_0080.png,48.681640625
M7,7,M7_30mA_20C_0,frame_0088.png,48.828125
M7,7,M7_30mA_20C_0,frame_0089.png,48.73046875
M7,7,M7_30mA_20C_0,frame_0092.png,48.828125
M7,7,M7_30mA_20C_0,frame_0096.png,48.828125
M7,7,M7_30mA_20C_0,frame_0098.png,48.583984375
M7,7,M7_30mA_20C_0,frame_0102.png,48.876953125
M7,7,M7_30mA_20C_0,frame_0104.png,48.779296875
M7,7,M7_30mA_20C_0,frame_0115.png,48.583984375
M7,7,M7_30mA_20C_0,frame_0116.png,48.828125
M7,7,M7_30mA_20C_0,frame_0118.png,48.828125
M7,7,M7_30mA_20C_0,frame_0121.png,48.828125
M7,7,M7_30mA_20C_0,frame_0123.png,48.779296875
M7,7,M7_30mA_20C_0,frame_0124.png,48.828125
M7,7,M7_30mA_20C_0,frame_0125.png,48.681640625
M7,7,M7_30mA_20C_0,frame_0131.png,48.876953125
M7,7,M7_30mA_20C_0,frame_0138.png,48.828125
M7,7,M7_30mA_20C_0,frame_0150.png,48.828125
M7,7,M7_30mA_20C_0,frame_0151.png,48.828125
M7,7,M7_30mA_20C_0,frame_0154.png,48.828125
M7,7,M7_30mA_20C_0,frame_0155.png,48.779296875
M7,7,M7_30mA_20C_0,frame_0157.png,48.828125
M7,7,M7_30mA_20C_0,frame_0163.png,48.779296875
M7,7,M7_30mA_20C_0,frame_0168.png,48.681640625
M7,7,M7_30mA_20C_0,frame_0176.png,48.876953125
M7,7,M7_30mA_20C_0,frame_0178.png,48.73046875
M7,7,M7_30mA_20C_0,frame_0180.png,48.828125
M7,7,M7_30mA_20C_0,frame_0198.png,48.779296875
M7,7,M7_30mA_30C_0,frame_0019.png,48.828125
M7,7,M7_30mA_30C_0,frame_0025.png,48.828125
M7,7,M7_30mA_30C_0,frame_0026.png,48.828125
M7,7,M7_30mA_30C_0,frame_0029.png,48.828125
M7,7,M7_30mA_30C_0,frame_0032.png,48.828125
M7,7,M7_30mA_30C_0,frame_0035.png,48.828125
M7,7,M7_30mA_30C_0,frame_0037.png,48.974609375
M7,7,M7_30mA_30C_0,frame_0043.png,48.828125
M7,7,M7_30mA_30C_0,frame_0049.png,48.828125
M7,7,M7_30mA_30C_0,frame_0055.png,48.828125
M7,7,M7_30mA_30C_0,frame_0062.png,48.828125
M7,7,M7_30mA_30C_0,frame_0064.png,48.876953125
M7,7,M7_30mA_30C_0,frame_0068.png,48.876953125
M7,7,M7_30mA_30C_0,frame_0078.png,48.828125
M7,7,M7_30mA_30C_0,frame_0085.png,48.828125
M7,7,M7_30mA_30C_0,frame_0086.png,48.828125
M7,7,M7_30mA_30C_0,frame_0089.png,48.828125
M7,7,M7_30mA_30C_0,frame_0098.png,48.828125
M7,7,M7_30mA_30C_0,frame_0099.png,48.828125
M7,7,M7_30mA_30C_0,frame_0105.png,48.828125
M7,7,M7_30mA_30C_0,frame_0112.png,48.828125
M7,7,M7_30mA_30C_0,frame_0117.png,48.828125
M7,7,M7_30mA_30C_0,frame_0123.png,48.828125
M7,7,M7_30mA_30C_0,frame_0129.png,48.828125
M7,7,M7_30mA_30C_0,frame_0135.png,48.828125
M7,7,M7_30mA_30C_0,frame_0136.png,48.828125
M7,7,M7_30mA_30C_0,frame_0137.png,48.828125
M7,7,M7_30mA_30C_0,frame_0138.png,48.876953125
M7,7,M7_30mA_30C_0,frame_0140.png,48.828125
M7,7,M7_30mA_30C_0,frame_0143.png,49.609375
M7,7,M7_30mA_30C_0,frame_0149.png,48.876953125
M7,7,M7_30mA_30C_0,frame_0151.png,48.828125
M7,7,M7_30mA_30C_0,frame_0153.png,48.779296875
M7,7,M7_30mA_30C_0,frame_0159.png,48.828125
M7,7,M7_30mA_30C_0,frame_0161.png,48.92578125
M7,7,M7_30mA_30C_0,frame_0165.png,48.828125
M7,7,M7_30mA_30C_0,frame_0168.png,48.828125
M7,7,M7_30mA_30C_0,frame_0170.png,48.828125
M7,7,M7_30mA_30C_0,frame_0174.png,48.6328125
M7,7,M7_30mA_30C_0,frame_0178.png,48.876953125
M7,7,M7_30mA_30C_0,frame_0183.png,48.828125
M7,7,M7_30mA_30C_0,frame_0186.png,48.828125
M7,7,M7_30mA_30C_0,frame_0188.png,48.974609375
M7,7,M7_30mA_30C_0,frame_0190.png,48.828125
M7,7,M7_30mA_30C_0,frame_0195.png,48.828125
M7,7,M7_30mA_40C_0,frame_0027.png,48.828125
M7,7,M7_30mA_40C_0,frame_0030.png,48.876953125
M7,7,M7_30mA_40C_0,frame_0037.png,48.828125
M7,7,M7_30mA_40C_0,frame_0038.png,48.583984375
M7,7,M7_30mA_40C_0,frame_0043.png,48.876953125
M7,7,M7_30mA_40C_0,frame_0046.png,48.779296875
M7,7,M7_30mA_40C_0,frame_0052.png,48.876953125
M7,7,M7_30mA_40C_0,frame_0055.png,48.828125
M7,7,M7_30mA_40C_0,frame_0060.png,48.828125
M7,7,M7_30mA_40C_0,frame_0061.png,48.92578125
M7,7,M7_30mA_40C_0,frame_0063.png,48.828125
M7,7,M7_30mA_40C_0,frame_0065.png,48.828125
M7,7,M7_30mA_40C_0,frame_0066.png,48.92578125
M7,7,M7_30mA_40C_0,frame_0072.png,48.828125
M7,7,M7_30mA_40C_0,frame_0075.png,48.828125
M7,7,M7_30mA_40C_0,frame_0080.png,48.828125
M7,7,M7_30mA_40C_0,frame_0082.png,48.828125
M7,7,M7_30mA_40C_0,frame_0086.png,48.828125
M7,7,M7_30mA_40C_0,frame_0089.png,48.6328125
M7,7,M7_30mA_40C_0,frame_0098.png,48.828125
M7,7,M7_30mA_40C_0,frame_0100.png,48.828125
M7,7,M7_30mA_40C_0,frame_0103.png,48.828125
M7,7,M7_30mA_40C_0,frame_0114.png,48.828125
M7,7,M7_30mA_40C_0,frame_0119.png,48.876953125
M7,7,M7_30mA_40C_0,frame_0129.png,48.828125
M7,7,M7_30mA_40C_0,frame_0130.png,48.828125
M7,7,M7_30mA_40C_0,frame_0131.png,48.73046875
M7,7,M7_30mA_40C_0,frame_0134.png,48.876953125
M7,7,M7_30mA_40C_0,frame_0138.png,48.828125
M7,7,M7_30mA_40C_0,frame_0148.png,48.876953125
M7,7,M7_30mA_40C_0,frame_0150.png,48.876953125
M7,7,M7_30mA_40C_0,frame_0160.png,48.828125
M7,7,M7_30mA_40C_0,frame_0162.png,48.828125
M7,7,M7_30mA_40C_0,frame_0164.png,48.828125
M7,7,M7_30mA_40C_0,frame_0165.png,48.828125
M7,7,M7_30mA_40C_0,frame_0166.png,48.828125
M7,7,M7_30mA_40C_0,frame_0167.png,48.828125
M7,7,M7_30mA_40C_0,frame_0169.png,48.828125
M7,7,M7_30mA_40C_0,frame_0172.png,48.828125
M7,7,M7_30mA_40C_0,frame_0179.png,48.828125
M7,7,M7_30mA_40C_0,frame_0181.png,48.828125
M7,7,M7_30mA_40C_0,frame_0184.png,48.681640625
M7,7,M7_30mA_40C_0,frame_0185.png,48.828125
M7,7,M7_30mA_40C_0,frame_0191.png,48.828125
M7,7,M7_30mA_40C_0,frame_0199.png,48.876953125
M8,8,M8_10mA_20C_0,frame_0025.png,51.318359375
M8,8,M8_10mA_20C_0,frame_0027.png,51.318359375
M8,8,M8_10mA_20C_0,frame_0028.png,51.318359375
M8,8,M8_10mA_20C_0,frame_0033.png,51.220703125
M8,8,M8_10mA_20C_0,frame_0034.png,51.318359375
M8,8,M8_10mA_20C_0,frame_0039.png,51.318359375
M8,8,M8_10mA_20C_0,frame_0040.png,51.123046875
M8,8,M8_10mA_20C_0,frame_0043.png,51.025390625
M8,8,M8_10mA_20C_0,frame_0045.png,51.26953125
M8,8,M8_10mA_20C_0,frame_0048.png,51.220703125
M8,8,M8_10mA_20C_0,frame_0049.png,51.318359375
M8,8,M8_10mA_20C_0,frame_0050.png,51.220703125
M8,8,M8_10mA_20C_0,frame_0052.png,51.171875
M8,8,M8_10mA_20C_0,frame_0059.png,51.318359375
M8,8,M8_10mA_20C_0,frame_0068.png,51.318359375
M8,8,M8_10mA_20C_0,frame_0071.png,51.26953125
M8,8,M8_10mA_20C_0,frame_0084.png,51.318359375
M8,8,M8_10mA_20C_0,frame_0086.png,51.26953125
M8,8,M8_10mA_20C_0,frame_0087.png,51.318359375
M8,8,M8_10mA_20C_0,frame_0092.png,51.318359375
M8,8,M8_10mA_20C_0,frame_0104.png,51.26953125
M8,8,M8_10mA_20C_0,frame_0106.png,51.318359375
M8,8,M8_10mA_20C_0,frame_0110.png,51.220703125
M8,8,M8_10mA_20C_0,frame_0115.png,51.26953125
M8,8,M8_10mA_20C_0,frame_0118.png,51.171875
M8,8,M8_10mA_20C_0,frame_0122.png,51.26953125
M8,8,M8_10mA_20C_0,frame_0124.png,51.220703125
M8,8,M8_10mA_20C_0,frame_0126.png,51.26953125
M8,8,M8_10mA_20C_0,frame_0129.png,51.220703125
M8,8,M8_10mA_20C_0,frame_0133.png,51.26953125
M8,8,M8_10mA_20C_0,frame_0139.png,51.220703125
M8,8,M8_10mA_20C_0,frame_0143.png,51.318359375
M8,8,M8_10mA_20C_0,frame_0146.png,51.416015625
M8,8,M8_10mA_20C_0,frame_0156.png,51.318359375
M8,8,M8_10mA_20C_0,frame_0158.png,51.220703125
M8,8,M8_10mA_20C_0,frame_0159.png,51.26953125
M8,8,M8_10mA_20C_0,frame_0161.png,51.26953125
M8,8,M8_10mA_20C_0,frame_0166.png,50.87890625
M8,8,M8_10mA_20C_0,frame_0168.png,51.318359375
M8,8,M8_10mA_20C_0,frame_0172.png,51.26953125
M8,8,M8_10mA_20C_0,frame_0173.png,51.171875
M8,8,M8_10mA_20C_0,frame_0175.png,51.26953125
M8,8,M8_10mA_20C_0,frame_0180.png,51.318359375
M8,8,M8_10mA_20C_0,frame_0190.png,51.26953125
M8,8,M8_10mA_20C_0,frame_0199.png,51.318359375
M8,8,M8_10mA_30C_0,frame_0028.png,51.318359375
M8,8,M8_10mA_30C_0,frame_0029.png,51.318359375
M8,8,M8_10mA_30C_0,frame_0030.png,51.5625
M8,8,M8_10mA_30C_0,frame_0034.png,51.318359375
M8,8,M8_10mA_30C_0,frame_0043.png,51.318359375
M8,8,M8_10mA_30C_0,frame_0058.png,51.416015625
M8,8,M8_10mA_30C_0,frame_0062.png,51.318359375
M8,8,M8_10mA_30C_0,frame_0064.png,51.318359375
M8,8,M8_10mA_30C_0,frame_0070.png,51.3671875
M8,8,M8_10mA_30C_0,frame_0073.png,51.318359375
M8,8,M8_10mA_30C_0,frame_0081.png,51.318359375
M8,8,M8_10mA_30C_0,frame_0082.png,51.318359375
M8,8,M8_10mA_30C_0,frame_0084.png,51.318359375
M8,8,M8_10mA_30C_0,frame_0086.png,51.318359375
M8,8,M8_10mA_30C_0,frame_0094.png,51.46484375
M8,8,M8_10mA_30C_0,frame_0097.png,51.318359375
M8,8,M8_10mA_30C_0,frame_0098.png,51.5625
M8,8,M8_10mA_30C_0,frame_0113.png,51.708984375
M8,8,M8_10mA_30C_0,frame_0115.png,51.3671875
M8,8,M8_10mA_30C_0,frame_0117.png,51.3671875
M8,8,M8_10mA_30C_0,frame_0128.png,51.85546875
M8,8,M8_10mA_30C_0,frame_0129.png,51.318359375
M8,8,M8_10mA_30C_0,frame_0134.png,51.318359375
M8,8,M8_10mA_30C_0,frame_0135.png,51.318359375
M8,8,M8_10mA_30C_0,frame_0136.png,51.318359375
M8,8,M8_10mA_30C_0,frame_0140.png,51.318359375
M8,8,M8_10mA_30C_0,frame_0142.png,51.318359375
M8,8,M8_10mA_30C_0,frame_0144.png,51.3671875
M8,8,M8_10mA_30C_0,frame_0145.png,51.318359375
M8,8,M8_10mA_30C_0,frame_0149.png,51.171875
M8,8,M8_10mA_30C_0,frame_0151.png,51.318359375
M8,8,M8_10mA_30C_0,frame_0155.png,51.3671875
M8,8,M8_10mA_30C_0,frame_0158.png,51.26953125
M8,8,M8_10mA_30C_0,frame_0162.png,51.318359375
M8,8,M8_10mA_30C_0,frame_0164.png,51.318359375
M8,8,M8_10mA_30C_0,frame_0166.png,51.318359375
M8,8,M8_10mA_30C_0,frame_0167.png,51.904296875
M8,8,M8_10mA_30C_0,frame_0169.png,51.3671875
M8,8,M8_10mA_30C_0,frame_0173.png,51.5625
M8,8,M8_10mA_30C_0,frame_0174.png,51.3671875
M8,8,M8_10mA_30C_0,frame_0176.png,51.318359375
M8,8,M8_10mA_30C_0,frame_0187.png,51.318359375
M8,8,M8_10mA_30C_0,frame_0188.png,51.318359375
M8,8,M8_10mA_30C_0,frame_0191.png,51.3671875
M8,8,M8_10mA_30C_0,frame_0195.png,51.318359375
M8,8,M8_10mA_40C_0,frame_0015.png,51.318359375
M8,8,M8_10mA_40C_0,frame_0016.png,51.220703125
M8,8,M8_10mA_40C_0,frame_0021.png,51.318359375
M8,8,M8_10mA_40C_0,frame_0024.png,51.318359375
M8,8,M8_10mA_40C_0,frame_0042.png,51.318359375
M8,8,M8_10mA_40C_0,frame_0044.png,51.318359375
M8,8,M8_10mA_40C_0,frame_0047.png,51.318359375
M8,8,M8_10mA_40C_0,frame_0049.png,51.318359375
M8,8,M8_10mA_40C_0,frame_0050.png,51.220703125
M8,8,M8_10mA_40C_0,frame_0051.png,51.318359375
M8,8,M8_10mA_40C_0,frame_0052.png,51.318359375
M8,8,M8_10mA_40C_0,frame_0057.png,51.318359375
M8,8,M8_10mA_40C_0,frame_0063.png,51.318359375
M8,8,M8_10mA_40C_0,frame_0070.png,51.318359375
M8,8,M8_10mA_40C_0,frame_0071.png,51.318359375
M8,8,M8_10mA_40C_0,frame_0078.png,51.318359375
M8,8,M8_10mA_40C_0,frame_0081.png,51.318359375
M8,8,M8_10mA_40C_0,frame_0084.png,51.318359375
M8,8,M8_10mA_40C_0,frame_0086.png,51.318359375
M8,8,M8_10mA_40C_0,frame_0089.png,51.318359375
M8,8,M8_10mA_40C_0,frame_0092.png,51.318359375
M8,8,M8_10mA_40C_0,frame_0094.png,51.318359375
M8,8,M8_10mA_40C_0,frame_0096.png,51.26953125
M8,8,M8_10mA_40C_0,frame_0098.png,51.318359375
M8,8,M8_10mA_40C_0,frame_0099.png,51.318359375
M8,8,M8_10mA_40C_0,frame_0102.png,51.26953125
M8,8,M8_10mA_40C_0,frame_0110.png,51.318359375
M8,8,M8_10mA_40C_0,frame_0117.png,51.318359375
M8,8,M8_10mA_40C_0,frame_0119.png,51.318359375
M8,8,M8_10mA_40C_0,frame_0123.png,51.171875
M8,8,M8_10mA_40C_0,frame_0133.png,51.318359375
M8,8,M8_10mA_40C_0,frame_0135.png,51.318359375
M8,8,M8_10mA_40C_0,frame_0137.png,51.318359375
M8,8,M8_10mA_40C_0,frame_0138.png,51.318359375
M8,8,M8_10mA_40C_0,frame_0145.png,51.318359375
M8,8,M8_10mA_40C_0,frame_0153.png,51.318359375
M8,8,M8_10mA_40C_0,frame_0154.png,51.318359375
M8,8,M8_10mA_40C_0,frame_0158.png,51.318359375
M8,8,M8_10mA_40C_0,frame_0164.png,51.318359375
M8,8,M8_10mA_40C_0,frame_0172.png,51.220703125
M8,8,M8_10mA_40C_0,frame_0173.png,51.318359375
M8,8,M8_10mA_40C_0,frame_0177.png,51.318359375
M8,8,M8_10mA_40C_0,frame_0180.png,51.318359375
M8,8,M8_10mA_40C_0,frame_0184.png,51.416015625
M8,8,M8_10mA_40C_0,frame_0196.png,51.318359375
M8,8,M8_20mA_20C_0,frame_0013.png,51.220703125
M8,8,M8_20mA_20C_0,frame_0014.png,51.318359375
M8,8,M8_20mA_20C_0,frame_0017.png,51.318359375
M8,8,M8_20mA_20C_0,frame_0018.png,51.318359375
M8,8,M8_20mA_20C_0,frame_0020.png,51.26953125
M8,8,M8_20mA_20C_0,frame_0023.png,51.318359375
M8,8,M8_20mA_20C_0,frame_0025.png,51.318359375
M8,8,M8_20mA_20C_0,frame_0026.png,51.3671875
M8,8,M8_20mA_20C_0,frame_0033.png,51.318359375
M8,8,M8_20mA_20C_0,frame_0034.png,51.318359375
M8,8,M8_20mA_20C_0,frame_0043.png,51.3671875
M8,8,M8_20mA_20C_0,frame_0045.png,51.318359375
M8,8,M8_20mA_20C_0,frame_0052.png,51.171875
M8,8,M8_20mA_20C_0,frame_0058.png,51.318359375
M8,8,M8_20mA_20C_0,frame_0059.png,51.318359375
M8,8,M8_20mA_20C_0,frame_0065.png,51.318359375
M8,8,M8_20mA_20C_0,frame_0072.png,51.220703125
M8,8,M8_20mA_20C_0,frame_0073.png,51.26953125
M8,8,M8_20mA_20C_0,frame_0074.png,51.26953125
M8,8,M8_20mA_20C_0,frame_0081.png,50.9765625
M8,8,M8_20mA_20C_0,frame_0087.png,51.3671875
M8,8,M8_20mA_20C_0,frame_0089.png,51.318359375
M8,8,M8_20mA_20C_0,frame_0101.png,51.220703125
M8,8,M8_20mA_20C_0,frame_0102.png,51.318359375
M8,8,M8_20mA_20C_0,frame_0109.png,51.416015625
M8,8,M8_20mA_20C_0,frame_0112.png,51.123046875
M8,8,M8_20mA_20C_0,frame_0118.png,51.123046875
M8,8,M8_20mA_20C_0,frame_0120.png,51.318359375
M8,8,M8_20mA_20C_0,frame_0122.png,51.318359375
M8,8,M8_20mA_20C_0,frame_0127.png,51.318359375
M8,8,M8_20mA_20C_0,frame_0131.png,51.26953125
M8,8,M8_20mA_20C_0,frame_0137.png,51.220703125
M8,8,M8_20mA_20C_0,frame_0153.png,51.318359375
M8,8,M8_20mA_20C_0,frame_0154.png,51.318359375
M8,8,M8_20mA_20C_0,frame_0156.png,51.318359375
M8,8,M8_20mA_20C_0,frame_0157.png,51.26953125
M8,8,M8_20mA_20C_0,frame_0158.png,51.220703125
M8,8,M8_20mA_20C_0,frame_0160.png,51.318359375
M8,8,M8_20mA_20C_0,frame_0163.png,51.318359375
M8,8,M8_20mA_20C_0,frame_0167.png,51.26953125
M8,8,M8_20mA_20C_0,frame_0176.png,51.318359375
M8,8,M8_20mA_20C_0,frame_0183.png,51.26953125
M8,8,M8_20mA_20C_0,frame_0185.png,51.318359375
M8,8,M8_20mA_20C_0,frame_0192.png,51.318359375
M8,8,M8_20mA_20C_0,frame_0198.png,51.318359375
M8,8,M8_20mA_30C_0,frame_0037.png,51.318359375
M8,8,M8_20mA_30C_0,frame_0039.png,51.318359375
M8,8,M8_20mA_30C_0,frame_0042.png,51.318359375
M8,8,M8_20mA_30C_0,frame_0046.png,51.318359375
M8,8,M8_20mA_30C_0,frame_0049.png,51.318359375
M8,8,M8_20mA_30C_0,frame_0051.png,51.3671875
M8,8,M8_20mA_30C_0,frame_0064.png,51.318359375
M8,8,M8_20mA_30C_0,frame_0072.png,51.318359375
M8,8,M8_20mA_30C_0,frame_0074.png,51.318359375
M8,8,M8_20mA_30C_0,frame_0077.png,51.318359375
M8,8,M8_20mA_30C_0,frame_0079.png,51.318359375
M8,8,M8_20mA_30C_0,frame_0081.png,51.318359375
M8,8,M8_20mA_30C_0,frame_0090.png,51.318359375
M8,8,M8_20mA_30C_0,frame_0092.png,51.318359375
M8,8,M8_20mA_30C_0,frame_0093.png,51.318359375
M8,8,M8_20mA_30C_0,frame_0095.png,51.318359375
M8,8,M8_20mA_30C_0,frame_0096.png,51.318359375
M8,8,M8_20mA_30C_0,frame_0100.png,51.318359375
M8,8,M8_20mA_30C_0,frame_0104.png,51.318359375
M8,8,M8_20mA_30C_0,frame_0106.png,51.318359375
M8,8,M8_20mA_30C_0,frame_0107.png,51.318359375
M8,8,M8_20mA_30C_0,frame_0112.png,51.318359375
M8,8,M8_20mA_30C_0,frame_0114.png,51.318359375
M8,8,M8_20mA_30C_0,frame_0115.png,51.318359375
M8,8,M8_20mA_30C_0,frame_0119.png,51.318359375
M8,8,M8_20mA_30C_0,frame_0122.png,51.3671875
M8,8,M8_20mA_30C_0,frame_0125.png,51.318359375
M8,8,M8_20mA_30C_0,frame_0131.png,51.318359375
M8,8,M8_20mA_30C_0,frame_0132.png,51.318359375
M8,8,M8_20mA_30C_0,frame_0134.png,51.3671875
M8,8,M8_20mA_30C_0,frame_0136.png,51.318359375
M8,8,M8_20mA_30C_0,frame_0142.png,51.318359375
M8,8,M8_20mA_30C_0,frame_0147.png,51.318359375
M8,8,M8_20mA_30C_0,frame_0156.png,51.318359375
M8,8,M8_20mA_30C_0,frame_0158.png,51.318359375
M8,8,M8_20mA_30C_0,frame_0164.png,51.318359375
M8,8,M8_20mA_30C_0,frame_0167.png,51.3671875
M8,8,M8_20mA_30C_0,frame_0170.png,51.318359375
M8,8,M8_20mA_30C_0,frame_0174.png,51.318359375
M8,8,M8_20mA_30C_0,frame_0185.png,51.318359375
M8,8,M8_20mA_30C_0,frame_0192.png,51.318359375
M8,8,M8_20mA_30C_0,frame_0194.png,51.318359375
M8,8,M8_20mA_30C_0,frame_0196.png,51.318359375
M8,8,M8_20mA_30C_0,frame_0197.png,51.318359375
M8,8,M8_20mA_30C_0,frame_0199.png,51.318359375
M8,8,M8_20mA_40C_0,frame_0023.png,51.318359375
M8,8,M8_20mA_40C_0,frame_0029.png,51.318359375
M8,8,M8_20mA_40C_0,frame_0039.png,51.318359375
M8,8,M8_20mA_40C_0,frame_0041.png,51.318359375
M8,8,M8_20mA_40C_0,frame_0043.png,51.318359375
M8,8,M8_20mA_40C_0,frame_0044.png,51.318359375
M8,8,M8_20mA_40C_0,frame_0045.png,51.318359375
M8,8,M8_20mA_40C_0,frame_0048.png,51.318359375
M8,8,M8_20mA_40C_0,frame_0054.png,51.318359375
M8,8,M8_20mA_40C_0,frame_0059.png,51.318359375
M8,8,M8_20mA_40C_0,frame_0065.png,51.318359375
M8,8,M8_20mA_40C_0,frame_0070.png,51.318359375
M8,8,M8_20mA_40C_0,frame_0074.png,51.318359375
M8,8,M8_20mA_40C_0,frame_0077.png,51.318359375
M8,8,M8_20mA_40C_0,frame_0082.png,51.318359375
M8,8,M8_20mA_40C_0,frame_0083.png,51.318359375
M8,8,M8_20mA_40C_0,frame_0084.png,51.318359375
M8,8,M8_20mA_40C_0,frame_0086.png,51.318359375
M8,8,M8_20mA_40C_0,frame_0088.png,51.318359375
M8,8,M8_20mA_40C_0,frame_0090.png,51.318359375
M8,8,M8_20mA_40C_0,frame_0102.png,51.318359375
M8,8,M8_20mA_40C_0,frame_0103.png,51.318359375
M8,8,M8_20mA_40C_0,frame_0111.png,51.318359375
M8,8,M8_20mA_40C_0,frame_0113.png,51.318359375
M8,8,M8_20mA_40C_0,frame_0116.png,51.318359375
M8,8,M8_20mA_40C_0,frame_0119.png,51.318359375
M8,8,M8_20mA_40C_0,frame_0121.png,51.318359375
M8,8,M8_20mA_40C_0,frame_0122.png,51.318359375
M8,8,M8_20mA_40C_0,frame_0126.png,51.3671875
M8,8,M8_20mA_40C_0,frame_0138.png,51.318359375
M8,8,M8_20mA_40C_0,frame_0142.png,51.318359375
M8,8,M8_20mA_40C_0,frame_0143.png,51.318359375
M8,8,M8_20mA_40C_0,frame_0145.png,51.318359375
M8,8,M8_20mA_40C_0,frame_0146.png,51.26953125
M8,8,M8_20mA_40C_0,frame_0151.png,51.171875
M8,8,M8_20mA_40C_0,frame_0154.png,51.318359375
M8,8,M8_20mA_40C_0,frame_0155.png,51.318359375
M8,8,M8_20mA_40C_0,frame_0160.png,51.318359375
M8,8,M8_20mA_40C_0,frame_0166.png,51.318359375
M8,8,M8_20mA_40C_0,frame_0172.png,51.318359375
M8,8,M8_20mA_40C_0,frame_0176.png,51.318359375
M8,8,M8_20mA_40C_0,frame_0177.png,51.318359375
M8,8,M8_20mA_40C_0,frame_0178.png,51.318359375
M8,8,M8_20mA_40C_0,frame_0183.png,51.318359375
M8,8,M8_20mA_40C_0,frame_0193.png,51.318359375
M8,8,M8_30mA_20C_0,frame_0045.png,51.318359375
M8,8,M8_30mA_20C_0,frame_0054.png,51.318359375
M8,8,M8_30mA_20C_0,frame_0055.png,51.318359375
M8,8,M8_30mA_20C_0,frame_0062.png,51.318359375
M8,8,M8_30mA_20C_0,frame_0068.png,51.318359375
M8,8,M8_30mA_20C_0,frame_0069.png,51.318359375
M8,8,M8_30mA_20C_0,frame_0073.png,51.171875
M8,8,M8_30mA_20C_0,frame_0078.png,51.26953125
M8,8,M8_30mA_20C_0,frame_0080.png,51.318359375
M8,8,M8_30mA_20C_0,frame_0082.png,51.318359375
M8,8,M8_30mA_20C_0,frame_0087.png,51.318359375
M8,8,M8_30mA_20C_0,frame_0088.png,51.3671875
M8,8,M8_30mA_20C_0,frame_0091.png,51.318359375
M8,8,M8_30mA_20C_0,frame_0092.png,51.318359375
M8,8,M8_30mA_20C_0,frame_0093.png,51.318359375
M8,8,M8_30mA_20C_0,frame_0098.png,51.318359375
M8,8,M8_30mA_20C_0,frame_0101.png,51.26953125
M8,8,M8_30mA_20C_0,frame_0104.png,51.318359375
M8,8,M8_30mA_20C_0,frame_0110.png,51.318359375
M8,8,M8_30mA_20C_0,frame_0120.png,51.318359375
M8,8,M8_30mA_20C_0,frame_0122.png,51.318359375
M8,8,M8_30mA_20C_0,frame_0123.png,51.318359375
M8,8,M8_30mA_20C_0,frame_0124.png,51.318359375
M8,8,M8_30mA_20C_0,frame_0130.png,51.26953125
M8,8,M8_30mA_20C_0,frame_0134.png,51.318359375
M8,8,M8_30mA_20C_0,frame_0136.png,51.318359375
M8,8,M8_30mA_20C_0,frame_0138.png,51.318359375
M8,8,M8_30mA_20C_0,frame_0141.png,50.9765625
M8,8,M8_30mA_20C_0,frame_0145.png,51.220703125
M8,8,M8_30mA_20C_0,frame_0146.png,51.318359375
M8,8,M8_30mA_20C_0,frame_0148.png,51.318359375
M8,8,M8_30mA_20C_0,frame_0152.png,51.26953125
M8,8,M8_30mA_20C_0,frame_0156.png,51.3671875
M8,8,M8_30mA_20C_0,frame_0158.png,51.318359375
M8,8,M8_30mA_20C_0,frame_0159.png,51.220703125
M8,8,M8_30mA_20C_0,frame_0161.png,51.318359375
M8,8,M8_30mA_20C_0,frame_0164.png,51.318359375
M8,8,M8_30mA_20C_0,frame_0165.png,51.26953125
M8,8,M8_30mA_20C_0,frame_0166.png,51.318359375
M8,8,M8_30mA_20C_0,frame_0168.png,51.318359375
M8,8,M8_30mA_20C_0,frame_0174.png,51.318359375
M8,8,M8_30mA_20C_0,frame_0180.png,51.318359375
M8,8,M8_30mA_20C_0,frame_0188.png,51.318359375
M8,8,M8_30mA_20C_0,frame_0190.png,51.318359375
M8,8,M8_30mA_20C_0,frame_0191.png,51.26953125
M8,8,M8_30mA_30C_0,frame_0019.png,51.318359375
M8,8,M8_30mA_30C_0,frame_0020.png,51.318359375
M8,8,M8_30mA_30C_0,frame_0022.png,51.26953125
M8,8,M8_30mA_30C_0,frame_0030.png,51.26953125
M8,8,M8_30mA_30C_0,frame_0039.png,51.416015625
M8,8,M8_30mA_30C_0,frame_0040.png,51.220703125
M8,8,M8_30mA_30C_0,frame_0042.png,51.318359375
M8,8,M8_30mA_30C_0,frame_0045.png,51.3671875
M8,8,M8_30mA_30C_0,frame_0046.png,51.318359375
M8,8,M8_30mA_30C_0,frame_0052.png,51.318359375
M8,8,M8_30mA_30C_0,frame_0056.png,51.318359375
M8,8,M8_30mA_30C_0,frame_0058.png,51.318359375
M8,8,M8_30mA_30C_0,frame_0059.png,51.3671875
M8,8,M8_30mA_30C_0,frame_0062.png,51.220703125
M8,8,M8_30mA_30C_0,frame_0067.png,51.318359375
M8,8,M8_30mA_30C_0,frame_0068.png,51.3671875
M8,8,M8_30mA_30C_0,frame_0070.png,51.220703125
M8,8,M8_30mA_30C_0,frame_0074.png,51.220703125
M8,8,M8_30mA_30C_0,frame_0077.png,51.318359375
M8,8,M8_30mA_30C_0,frame_0078.png,51.318359375
M8,8,M8_30mA_30C_0,frame_0079.png,51.26953125
M8,8,M8_30mA_30C_0,frame_0081.png,51.318359375
M8,8,M8_30mA_30C_0,frame_0085.png,51.318359375
M8,8,M8_30mA_30C_0,frame_0086.png,51.318359375
M8,8,M8_30mA_30C_0,frame_0099.png,51.26953125
M8,8,M8_30mA_30C_0,frame_0101.png,51.318359375
M8,8,M8_30mA_30C_0,frame_0102.png,51.318359375
M8,8,M8_30mA_30C_0,frame_0119.png,51.318359375
M8,8,M8_30mA_30C_0,frame_0124.png,51.318359375
M8,8,M8_30mA_30C_0,frame_0126.png,51.26953125
M8,8,M8_30mA_30C_0,frame_0128.png,51.26953125
M8,8,M8_30mA_30C_0,frame_0130.png,51.26953125
M8,8,M8_30mA_30C_0,frame_0133.png,51.318359375
M8,8,M8_30mA_30C_0,frame_0135.png,51.220703125
M8,8,M8_30mA_30C_0,frame_0145.png,51.220703125
M8,8,M8_30mA_30C_0,frame_0147.png,51.220703125
M8,8,M8_30mA_30C_0,frame_0148.png,51.171875
M8,8,M8_30mA_30C_0,frame_0160.png,51.171875
M8,8,M8_30mA_30C_0,frame_0162.png,51.171875
M8,8,M8_30mA_30C_0,frame_0163.png,51.220703125
M8,8,M8_30mA_30C_0,frame_0173.png,51.318359375
M8,8,M8_30mA_30C_0,frame_0181.png,51.318359375
M8,8,M8_30mA_30C_0,frame_0187.png,51.220703125
M8,8,M8_30mA_30C_0,frame_0193.png,51.318359375
M8,8,M8_30mA_30C_0,frame_0200.png,51.318359375
M8,8,M8_30mA_40C_0,frame_0030.png,51.66015625
M8,8,M8_30mA_40C_0,frame_0031.png,51.3671875
M8,8,M8_30mA_40C_0,frame_0034.png,51.26953125
M8,8,M8_30mA_40C_0,frame_0035.png,51.318359375
M8,8,M8_30mA_40C_0,frame_0050.png,51.416015625
M8,8,M8_30mA_40C_0,frame_0055.png,51.3671875
M8,8,M8_30mA_40C_0,frame_0056.png,51.513671875
M8,8,M8_30mA_40C_0,frame_0059.png,51.318359375
M8,8,M8_30mA_40C_0,frame_0060.png,51.3671875
M8,8,M8_30mA_40C_0,frame_0062.png,51.26953125
M8,8,M8_30mA_40C_0,frame_0063.png,52.44140625
M8,8,M8_30mA_40C_0,frame_0064.png,51.318359375
M8,8,M8_30mA_40C_0,frame_0067.png,51.318359375
M8,8,M8_30mA_40C_0,frame_0078.png,51.416015625
M8,8,M8_30mA_40C_0,frame_0083.png,51.318359375
M8,8,M8_30mA_40C_0,frame_0086.png,51.318359375
M8,8,M8_30mA_40C_0,frame_0091.png,51.3671875
M8,8,M8_30mA_40C_0,frame_0097.png,51.416015625
M8,8,M8_30mA_40C_0,frame_0100.png,51.318359375
M8,8,M8_30mA_40C_0,frame_0103.png,51.85546875
M8,8,M8_30mA_40C_0,frame_0104.png,51.416015625
M8,8,M8_30mA_40C_0,frame_0105.png,51.5625
M8,8,M8_30mA_40C_0,frame_0110.png,51.318359375
M8,8,M8_30mA_40C_0,frame_0116.png,51.26953125
M8,8,M8_30mA_40C_0,frame_0117.png,51.318359375
M8,8,M8_30mA_40C_0,frame_0118.png,51.318359375
M8,8,M8_30mA_40C_0,frame_0120.png,51.3671875
M8,8,M8_30mA_40C_0,frame_0122.png,51.416015625
M8,8,M8_30mA_40C_0,frame_0123.png,51.85546875
M8,8,M8_30mA_40C_0,frame_0125.png,51.318359375
M8,8,M8_30mA_40C_0,frame_0131.png,51.318359375
M8,8,M8_30mA_40C_0,frame_0139.png,51.26953125
M8,8,M8_30mA_40C_0,frame_0144.png,51.513671875
M8,8,M8_30mA_40C_0,frame_0152.png,51.26953125
M8,8,M8_30mA_40C_0,frame_0160.png,51.416015625
M8,8,M8_30mA_40C_0,frame_0161.png,51.3671875
M8,8,M8_30mA_40C_0,frame_0180.png,51.3671875
M8,8,M8_30mA_40C_0,frame_0184.png,51.46484375
M8,8,M8_30mA_40C_0,frame_0187.png,51.513671875
M8,8,M8_30mA_40C_0,frame_0190.png,51.3671875
M8,8,M8_30mA_40C_0,frame_0192.png,51.513671875
M8,8,M8_30mA_40C_0,frame_0194.png,51.123046875
M8,8,M8_30mA_40C_0,frame_0196.png,51.66015625
M8,8,M8_30mA_40C_0,frame_0197.png,51.513671875
M8,8,M8_30mA_40C_0,frame_0198.png,51.318359375
M9,9,M9_10mA_20C_0,frame_0023.png,51.46484375
M9,9,M9_10mA_20C_0,frame_0028.png,51.5625
M9,9,M9_10mA_20C_0,frame_0033.png,51.46484375
M9,9,M9_10mA_20C_0,frame_0037.png,51.318359375
M9,9,M9_10mA_20C_0,frame_0039.png,51.904296875
M9,9,M9_10mA_20C_0,frame_0042.png,51.3671875
M9,9,M9_10mA_20C_0,frame_0043.png,51.85546875
M9,9,M9_10mA_20C_0,frame_0047.png,51.46484375
M9,9,M9_10mA_20C_0,frame_0062.png,51.708984375
M9,9,M9_10mA_20C_0,frame_0063.png,51.806640625
M9,9,M9_10mA_20C_0,frame_0064.png,51.611328125
M9,9,M9_10mA_20C_0,frame_0066.png,51.46484375
M9,9,M9_10mA_20C_0,frame_0068.png,51.3671875
M9,9,M9_10mA_20C_0,frame_0071.png,51.708984375
M9,9,M9_10mA_20C_0,frame_0073.png,51.953125
M9,9,M9_10mA_20C_0,frame_0074.png,51.416015625
M9,9,M9_10mA_20C_0,frame_0077.png,51.5625
M9,9,M9_10mA_20C_0,frame_0080.png,51.318359375
M9,9,M9_10mA_20C_0,frame_0090.png,51.513671875
M9,9,M9_10mA_20C_0,frame_0097.png,51.708984375
M9,9,M9_10mA_20C_0,frame_0098.png,51.66015625
M9,9,M9_10mA_20C_0,frame_0099.png,51.513671875
M9,9,M9_10mA_20C_0,frame_0112.png,51.66015625
M9,9,M9_10mA_20C_0,frame_0113.png,52.05078125
M9,9,M9_10mA_20C_0,frame_0117.png,51.416015625
M9,9,M9_10mA_20C_0,frame_0118.png,51.66015625
M9,9,M9_10mA_20C_0,frame_0121.png,51.806640625
M9,9,M9_10mA_20C_0,frame_0124.png,51.66015625
M9,9,M9_10mA_20C_0,frame_0132.png,51.416015625
M9,9,M9_10mA_20C_0,frame_0138.png,51.26953125
M9,9,M9_10mA_20C_0,frame_0140.png,51.85546875
M9,9,M9_10mA_20C_0,frame_0141.png,50.927734375
M9,9,M9_10mA_20C_0,frame_0144.png,51.025390625
M9,9,M9_10mA_20C_0,frame_0146.png,51.46484375
M9,9,M9_10mA_20C_0,frame_0155.png,51.904296875
M9,9,M9_10mA_20C_0,frame_0158.png,52.099609375
M9,9,M9_10mA_20C_0,frame_0160.png,51.806640625
M9,9,M9_10mA_20C_0,frame_0162.png,51.416015625
M9,9,M9_10mA_20C_0,frame_0166.png,51.46484375
M9,9,M9_10mA_20C_0,frame_0176.png,51.3671875
M9,9,M9_10mA_20C_0,frame_0177.png,52.001953125
M9,9,M9_10mA_20C_0,frame_0178.png,51.416015625
M9,9,M9_10mA_20C_0,frame_0182.png,51.513671875
M9,9,M9_10mA_20C_0,frame_0183.png,51.416015625
M9,9,M9_10mA_20C_0,frame_0199.png,51.513671875
M9,9,M9_10mA_30C_0,frame_0021.png,51.513671875
M9,9,M9_10mA_30C_0,frame_0022.png,51.5625
M9,9,M9_10mA_30C_0,frame_0029.png,51.513671875
M9,9,M9_10mA_30C_0,frame_0032.png,51.5625
M9,9,M9_10mA_30C_0,frame_0036.png,51.5625
M9,9,M9_10mA_30C_0,frame_0039.png,51.513671875
M9,9,M9_10mA_30C_0,frame_0050.png,51.5625
M9,9,M9_10mA_30C_0,frame_0054.png,51.5625
M9,9,M9_10mA_30C_0,frame_0057.png,51.5625
M9,9,M9_10mA_30C_0,frame_0062.png,51.513671875
M9,9,M9_10mA_30C_0,frame_0067.png,51.5625
M9,9,M9_10mA_30C_0,frame_0068.png,51.5625
M9,9,M9_10mA_30C_0,frame_0075.png,51.26953125
M9,9,M9_10mA_30C_0,frame_0078.png,52.001953125
M9,9,M9_10mA_30C_0,frame_0079.png,51.513671875
M9,9,M9_10mA_30C_0,frame_0081.png,51.5625
M9,9,M9_10mA_30C_0,frame_0082.png,51.5625
M9,9,M9_10mA_30C_0,frame_0088.png,51.5625
M9,9,M9_10mA_30C_0,frame_0099.png,51.5625
M9,9,M9_10mA_30C_0,frame_0105.png,51.513671875
M9,9,M9_10mA_30C_0,frame_0106.png,51.5625
M9,9,M9_10mA_30C_0,frame_0110.png,51.513671875
M9,9,M9_10mA_30C_0,frame_0112.png,51.5625
M9,9,M9_10mA_30C_0,frame_0115.png,51.5625
M9,9,M9_10mA_30C_0,frame_0119.png,51.513671875
M9,9,M9_10mA_30C_0,frame_0122.png,51.611328125
M9,9,M9_10mA_30C_0,frame_0129.png,51.513671875
M9,9,M9_10mA_30C_0,frame_0134.png,51.513671875
M9,9,M9_10mA_30C_0,frame_0135.png,51.46484375
M9,9,M9_10mA_30C_0,frame_0147.png,51.5625
M9,9,M9_10mA_30C_0,frame_0151.png,51.5625
M9,9,M9_10mA_30C_0,frame_0152.png,51.5625
M9,9,M9_10mA_30C_0,frame_0154.png,51.46484375
M9,9,M9_10mA_30C_0,frame_0160.png,51.5625
M9,9,M9_10mA_30C_0,frame_0168.png,51.513671875
M9,9,M9_10mA_30C_0,frame_0171.png,51.5625
M9,9,M9_10mA_30C_0,frame_0173.png,51.513671875
M9,9,M9_10mA_30C_0,frame_0178.png,51.5625
M9,9,M9_10mA_30C_0,frame_0182.png,51.5625
M9,9,M9_10mA_30C_0,frame_0184.png,51.5625
M9,9,M9_10mA_30C_0,frame_0185.png,51.5625
M9,9,M9_10mA_30C_0,frame_0186.png,51.5625
M9,9,M9_10mA_30C_0,frame_0189.png,51.416015625
M9,9,M9_10mA_30C_0,frame_0193.png,51.5625
M9,9,M9_10mA_30C_0,frame_0199.png,51.5625
M9,9,M9_10mA_40C_0,frame_0008.png,51.611328125
M9,9,M9_10mA_40C_0,frame_0010.png,51.513671875
M9,9,M9_10mA_40C_0,frame_0015.png,51.416015625
M9,9,M9_10mA_40C_0,frame_0018.png,51.5625
M9,9,M9_10mA_40C_0,frame_0019.png,51.5625
M9,9,M9_10mA_40C_0,frame_0022.png,51.708984375
M9,9,M9_10mA_40C_0,frame_0026.png,51.5625
M9,9,M9_10mA_40C_0,frame_0037.png,51.611328125
M9,9,M9_10mA_40C_0,frame_0042.png,51.513671875
M9,9,M9_10mA_40C_0,frame_0047.png,51.5625
M9,9,M9_10mA_40C_0,frame_0051.png,51.5625
M9,9,M9_10mA_40C_0,frame_0053.png,51.5625
M9,9,M9_10mA_40C_0,frame_0054.png,51.513671875
M9,9,M9_10mA_40C_0,frame_0059.png,51.513671875
M9,9,M9_10mA_40C_0,frame_0077.png,51.5625
M9,9,M9_10mA_40C_0,frame_0079.png,51.5625
M9,9,M9_10mA_40C_0,frame_0080.png,51.5625
M9,9,M9_10mA_40C_0,frame_0082.png,51.513671875
M9,9,M9_10mA_40C_0,frame_0087.png,51.5625
M9,9,M9_10mA_40C_0,frame_0089.png,51.5625
M9,9,M9_10mA_40C_0,frame_0090.png,51.5625
M9,9,M9_10mA_40C_0,frame_0092.png,51.46484375
M9,9,M9_10mA_40C_0,frame_0099.png,51.513671875
M9,9,M9_10mA_40C_0,frame_0103.png,51.5625
M9,9,M9_10mA_40C_0,frame_0111.png,51.5625
M9,9,M9_10mA_40C_0,frame_0112.png,51.5625
M9,9,M9_10mA_40C_0,frame_0114.png,51.513671875
M9,9,M9_10mA_40C_0,frame_0122.png,51.3671875
M9,9,M9_10mA_40C_0,frame_0124.png,51.5625
M9,9,M9_10mA_40C_0,frame_0126.png,51.5625
M9,9,M9_10mA_40C_0,frame_0132.png,51.5625
M9,9,M9_10mA_40C_0,frame_0134.png,51.611328125
M9,9,M9_10mA_40C_0,frame_0142.png,51.513671875
M9,9,M9_10mA_40C_0,frame_0144.png,51.5625
M9,9,M9_10mA_40C_0,frame_0152.png,51.3671875
M9,9,M9_10mA_40C_0,frame_0156.png,51.46484375
M9,9,M9_10mA_40C_0,frame_0167.png,51.5625
M9,9,M9_10mA_40C_0,frame_0169.png,51.5625
M9,9,M9_10mA_40C_0,frame_0177.png,51.46484375
M9,9,M9_10mA_40C_0,frame_0180.png,51.708984375
M9,9,M9_10mA_40C_0,frame_0184.png,51.5625
M9,9,M9_10mA_40C_0,frame_0186.png,51.513671875
M9,9,M9_10mA_40C_0,frame_0187.png,51.5625
M9,9,M9_10mA_40C_0,frame_0195.png,51.416015625
M9,9,M9_10mA_40C_0,frame_0197.png,51.708984375
M9,9,M9_20mA_20C_0,frame_0031.png,51.513671875
M9,9,M9_20mA_20C_0,frame_0032.png,51.5625
M9,9,M9_20mA_20C_0,frame_0038.png,51.416015625
M9,9,M9_20mA_20C_0,frame_0042.png,51.5625
M9,9,M9_20mA_20C_0,frame_0044.png,51.5625
M9,9,M9_20mA_20C_0,frame_0045.png,51.5625
M9,9,M9_20mA_20C_0,frame_0048.png,51.5625
M9,9,M9_20mA_20C_0,frame_0056.png,51.5625
M9,9,M9_20mA_20C_0,frame_0057.png,51.5625
M9,9,M9_20mA_20C_0,frame_0061.png,51.5625
M9,9,M9_20mA_20C_0,frame_0064.png,51.5625
M9,9,M9_20mA_20C_0,frame_0071.png,51.5625
M9,9,M9_20mA_20C_0,frame_0075.png,51.5625
M9,9,M9_20mA_20C_0,frame_0077.png,51.5625
M9,9,M9_20mA_20C_0,frame_0083.png,51.611328125
M9,9,M9_20mA_20C_0,frame_0085.png,51.904296875
M9,9,M9_20mA_20C_0,frame_0087.png,51.5625
M9,9,M9_20mA_20C_0,frame_0088.png,51.5625
M9,9,M9_20mA_20C_0,frame_0091.png,51.5625
M9,9,M9_20mA_20C_0,frame_0094.png,51.5625
M9,9,M9_20mA_20C_0,frame_0100.png,51.5625
M9,9,M9_20mA_20C_0,frame_0105.png,51.5625
M9,9,M9_20mA_20C_0,frame_0109.png,51.806640625
M9,9,M9_20mA_20C_0,frame_0111.png,51.5625
M9,9,M9_20mA_20C_0,frame_0118.png,51.611328125
M9,9,M9_20mA_20C_0,frame_0122.png,51.5625
M9,9,M9_20mA_20C_0,frame_0125.png,51.5625
M9,9,M9_20mA_20C_0,frame_0132.png,51.5625
M9,9,M9_20mA_20C_0,frame_0134.png,51.611328125
M9,9,M9_20mA_20C_0,frame_0136.png,51.5625
M9,9,M9_20mA_20C_0,frame_0138.png,51.5625
M9,9,M9_20mA_20C_0,frame_0144.png,51.5625
M9,9,M9_20mA_20C_0,frame_0146.png,51.5625
M9,9,M9_20mA_20C_0,frame_0150.png,51.5625
M9,9,M9_20mA_20C_0,frame_0160.png,51.5625
M9,9,M9_20mA_20C_0,frame_0166.png,51.5625
M9,9,M9_20mA_20C_0,frame_0168.png,51.5625
M9,9,M9_20mA_20C_0,frame_0173.png,51.5625
M9,9,M9_20mA_20C_0,frame_0174.png,51.5625
M9,9,M9_20mA_20C_0,frame_0176.png,51.5625
M9,9,M9_20mA_20C_0,frame_0189.png,51.5625
M9,9,M9_20mA_20C_0,frame_0194.png,51.5625
M9,9,M9_20mA_20C_0,frame_0195.png,51.5625
M9,9,M9_20mA_20C_0,frame_0197.png,51.611328125
M9,9,M9_20mA_20C_0,frame_0199.png,51.7578125
M9,9,M9_20mA_30C_0,frame_0023.png,51.5625
M9,9,M9_20mA_30C_0,frame_0028.png,51.513671875
M9,9,M9_20mA_30C_0,frame_0029.png,51.5625
M9,9,M9_20mA_30C_0,frame_0035.png,51.5625
M9,9,M9_20mA_30C_0,frame_0040.png,51.708984375
M9,9,M9_20mA_30C_0,frame_0041.png,51.5625
M9,9,M9_20mA_30C_0,frame_0043.png,51.5625
M9,9,M9_20mA_30C_0,frame_0046.png,51.5625
M9,9,M9_20mA_30C_0,frame_0047.png,51.5625
M9,9,M9_20mA_30C_0,frame_0052.png,51.5625
M9,9,M9_20mA_30C_0,frame_0064.png,51.513671875
M9,9,M9_20mA_30C_0,frame_0068.png,51.5625
M9,9,M9_20mA_30C_0,frame_0073.png,51.513671875
M9,9,M9_20mA_30C_0,frame_0075.png,51.5625
M9,9,M9_20mA_30C_0,frame_0079.png,51.5625
M9,9,M9_20mA_30C_0,frame_0085.png,51.5625
M9,9,M9_20mA_30C_0,frame_0092.png,51.5625
M9,9,M9_20mA_30C_0,frame_0096.png,51.5625
M9,9,M9_20mA_30C_0,frame_0100.png,51.5625
M9,9,M9_20mA_30C_0,frame_0105.png,51.5625
M9,9,M9_20mA_30C_0,frame_0112.png,51.5625
M9,9,M9_20mA_30C_0,frame_0114.png,51.5625
M9,9,M9_20mA_30C_0,frame_0122.png,51.5625
M9,9,M9_20mA_30C_0,frame_0123.png,51.5625
M9,9,M9_20mA_30C_0,frame_0133.png,51.5625
M9,9,M9_20mA_30C_0,frame_0138.png,51.5625
M9,9,M9_20mA_30C_0,frame_0149.png,51.5625
M9,9,M9_20mA_30C_0,frame_0152.png,51.708984375
M9,9,M9_20mA_30C_0,frame_0155.png,51.5625
M9,9,M9_20mA_30C_0,frame_0157.png,51.5625
M9,9,M9_20mA_30C_0,frame_0168.png,51.5625
M9,9,M9_20mA_30C_0,frame_0174.png,51.513671875
M9,9,M9_20mA_30C_0,frame_0175.png,51.5625
M9,9,M9_20mA_30C_0,frame_0177.png,51.5625
M9,9,M9_20mA_30C_0,frame_0179.png,51.5625
M9,9,M9_20mA_30C_0,frame_0180.png,51.5625
M9,9,M9_20mA_30C_0,frame_0182.png,51.5625
M9,9,M9_20mA_30C_0,frame_0183.png,51.5625
M9,9,M9_20mA_30C_0,frame_0185.png,51.5625
M9,9,M9_20mA_30C_0,frame_0187.png,51.5625
M9,9,M9_20mA_30C_0,frame_0188.png,51.5625
M9,9,M9_20mA_30C_0,frame_0189.png,51.5625
M9,9,M9_20mA_30C_0,frame_0190.png,51.5625
M9,9,M9_20mA_30C_0,frame_0197.png,51.513671875
M9,9,M9_20mA_30C_0,frame_0200.png,51.5625
M9,9,M9_20mA_40C_0,frame_0009.png,51.5625
M9,9,M9_20mA_40C_0,frame_0010.png,51.5625
M9,9,M9_20mA_40C_0,frame_0021.png,51.5625
M9,9,M9_20mA_40C_0,frame_0022.png,51.513671875
M9,9,M9_20mA_40C_0,frame_0036.png,51.5625
M9,9,M9_20mA_40C_0,frame_0037.png,51.46484375
M9,9,M9_20mA_40C_0,frame_0038.png,51.5625
M9,9,M9_20mA_40C_0,frame_0050.png,51.5625
M9,9,M9_20mA_40C_0,frame_0057.png,51.5625
M9,9,M9_20mA_40C_0,frame_0058.png,51.5625
M9,9,M9_20mA_40C_0,frame_0061.png,51.5625
M9,9,M9_20mA_40C_0,frame_0070.png,51.513671875
M9,9,M9_20mA_40C_0,frame_0071.png,51.416015625
M9,9,M9_20mA_40C_0,frame_0074.png,51.513671875
M9,9,M9_20mA_40C_0,frame_0079.png,51.5625
M9,9,M9_20mA_40C_0,frame_0083.png,51.5625
M9,9,M9_20mA_40C_0,frame_0090.png,51.5625
M9,9,M9_20mA_40C_0,frame_0091.png,51.5625
M9,9,M9_20mA_40C_0,frame_0099.png,51.5625
M9,9,M9_20mA_40C_0,frame_0102.png,51.5625
M9,9,M9_20mA_40C_0,frame_0107.png,51.5625
M9,9,M9_20mA_40C_0,frame_0109.png,51.611328125
M9,9,M9_20mA_40C_0,frame_0116.png,51.5625
M9,9,M9_20mA_40C_0,frame_0121.png,51.5625
M9,9,M9_20mA_40C_0,frame_0122.png,51.5625
M9,9,M9_20mA_40C_0,frame_0124.png,51.5625
M9,9,M9_20mA_40C_0,frame_0127.png,51.5625
M9,9,M9_20mA_40C_0,frame_0130.png,51.513671875
M9,9,M9_20mA_40C_0,frame_0135.png,51.513671875
M9,9,M9_20mA_40C_0,frame_0139.png,51.5625
M9,9,M9_20mA_40C_0,frame_0142.png,51.5625
M9,9,M9_20mA_40C_0,frame_0149.png,51.5625
M9,9,M9_20mA_40C_0,frame_0152.png,51.46484375
M9,9,M9_20mA_40C_0,frame_0155.png,51.5625
M9,9,M9_20mA_40C_0,frame_0159.png,51.5625
M9,9,M9_20mA_40C_0,frame_0164.png,51.5625
M9,9,M9_20mA_40C_0,frame_0170.png,51.5625
M9,9,M9_20mA_40C_0,frame_0171.png,51.416015625
M9,9,M9_20mA_40C_0,frame_0179.png,51.5625
M9,9,M9_20mA_40C_0,frame_0182.png,51.708984375
M9,9,M9_20mA_40C_0,frame_0184.png,51.5625
M9,9,M9_20mA_40C_0,frame_0192.png,51.5625
M9,9,M9_20mA_40C_0,frame_0194.png,51.5625
M9,9,M9_20mA_40C_0,frame_0197.png,51.5625
M9,9,M9_20mA_40C_0,frame_0198.png,51.5625
M9,9,M9_30mA_20C_0,frame_0026.png,51.5625
M9,9,M9_30mA_20C_0,frame_0029.png,51.5625
M9,9,M9_30mA_20C_0,frame_0030.png,51.513671875
M9,9,M9_30mA_20C_0,frame_0032.png,51.5625
M9,9,M9_30mA_20C_0,frame_0034.png,51.5625
M9,9,M9_30mA_20C_0,frame_0035.png,51.5625
M9,9,M9_30mA_20C_0,frame_0039.png,51.5625
M9,9,M9_30mA_20C_0,frame_0041.png,51.5625
M9,9,M9_30mA_20C_0,frame_0046.png,51.5625
M9,9,M9_30mA_20C_0,frame_0048.png,51.5625
M9,9,M9_30mA_20C_0,frame_0058.png,51.5625
M9,9,M9_30mA_20C_0,frame_0063.png,51.5625
M9,9,M9_30mA_20C_0,frame_0064.png,51.5625
M9,9,M9_30mA_20C_0,frame_0081.png,51.5625
M9,9,M9_30mA_20C_0,frame_0083.png,51.5625
M9,9,M9_30mA_20C_0,frame_0084.png,51.5625
M9,9,M9_30mA_20C_0,frame_0090.png,51.5625
M9,9,M9_30mA_20C_0,frame_0091.png,51.5625
M9,9,M9_30mA_20C_0,frame_0096.png,51.513671875
M9,9,M9_30mA_20C_0,frame_0101.png,51.5625
M9,9,M9_30mA_20C_0,frame_0105.png,51.5625
M9,9,M9_30mA_20C_0,frame_0109.png,51.5625
M9,9,M9_30mA_20C_0,frame_0110.png,51.5625
M9,9,M9_30mA_20C_0,frame_0111.png,51.5625
M9,9,M9_30mA_20C_0,frame_0115.png,51.513671875
M9,9,M9_30mA_20C_0,frame_0117.png,51.5625
M9,9,M9_30mA_20C_0,frame_0119.png,51.611328125
M9,9,M9_30mA_20C_0,frame_0123.png,51.5625
M9,9,M9_30mA_20C_0,frame_0128.png,51.5625
M9,9,M9_30mA_20C_0,frame_0131.png,51.5625
M9,9,M9_30mA_20C_0,frame_0138.png,51.5625
M9,9,M9_30mA_20C_0,frame_0147.png,51.5625
M9,9,M9_30mA_20C_0,frame_0158.png,51.5625
M9,9,M9_30mA_20C_0,frame_0159.png,51.5625
M9,9,M9_30mA_20C_0,frame_0166.png,51.5625
M9,9,M9_30mA_20C_0,frame_0169.png,51.5625
M9,9,M9_30mA_20C_0,frame_0172.png,51.5625
M9,9,M9_30mA_20C_0,frame_0176.png,51.611328125
M9,9,M9_30mA_20C_0,frame_0181.png,51.513671875
M9,9,M9_30mA_20C_0,frame_0183.png,51.5625
M9,9,M9_30mA_20C_0,frame_0188.png,51.5625
M9,9,M9_30mA_20C_0,frame_0191.png,51.5625
M9,9,M9_30mA_20C_0,frame_0192.png,51.5625
M9,9,M9_30mA_20C_0,frame_0198.png,51.5625
M9,9,M9_30mA_20C_0,frame_0199.png,51.5625
M9,9,M9_30mA_30C_0,frame_0016.png,51.5625
M9,9,M9_30mA_30C_0,frame_0017.png,51.5625
M9,9,M9_30mA_30C_0,frame_0021.png,51.5625
M9,9,M9_30mA_30C_0,frame_0023.png,51.5625
M9,9,M9_30mA_30C_0,frame_0029.png,51.46484375
M9,9,M9_30mA_30C_0,frame_0031.png,51.5625
M9,9,M9_30mA_30C_0,frame_0034.png,51.5625
M9,9,M9_30mA_30C_0,frame_0035.png,51.46484375
M9,9,M9_30mA_30C_0,frame_0036.png,51.5625
M9,9,M9_30mA_30C_0,frame_0037.png,51.5625
M9,9,M9_30mA_30C_0,frame_0040.png,51.513671875
M9,9,M9_30mA_30C_0,frame_0048.png,51.5625
M9,9,M9_30mA_30C_0,frame_0049.png,51.5625
M9,9,M9_30mA_30C_0,frame_0056.png,51.513671875
M9,9,M9_30mA_30C_0,frame_0065.png,51.5625
M9,9,M9_30mA_30C_0,frame_0068.png,51.5625
M9,9,M9_30mA_30C_0,frame_0077.png,51.416015625
M9,9,M9_30mA_30C_0,frame_0079.png,51.5625
M9,9,M9_30mA_30C_0,frame_0088.png,51.513671875
M9,9,M9_30mA_30C_0,frame_0092.png,51.513671875
M9,9,M9_30mA_30C_0,frame_0097.png,51.513671875
M9,9,M9_30mA_30C_0,frame_0101.png,51.513671875
M9,9,M9_30mA_30C_0,frame_0102.png,51.5625
M9,9,M9_30mA_30C_0,frame_0106.png,51.5625
M9,9,M9_30mA_30C_0,frame_0108.png,51.46484375
M9,9,M9_30mA_30C_0,frame_0109.png,51.5625
M9,9,M9_30mA_30C_0,frame_0117.png,51.5625
M9,9,M9_30mA_30C_0,frame_0119.png,51.513671875
M9,9,M9_30mA_30C_0,frame_0120.png,51.5625
M9,9,M9_30mA_30C_0,frame_0121.png,51.513671875
M9,9,M9_30mA_30C_0,frame_0130.png,51.513671875
M9,9,M9_30mA_30C_0,frame_0139.png,51.5625
M9,9,M9_30mA_30C_0,frame_0146.png,51.5625
M9,9,M9_30mA_30C_0,frame_0166.png,51.5625
M9,9,M9_30mA_30C_0,frame_0171.png,51.5625
M9,9,M9_30mA_30C_0,frame_0175.png,51.5625
M9,9,M9_30mA_30C_0,frame_0179.png,51.5625
M9,9,M9_30mA_30C_0,frame_0181.png,51.46484375
M9,9,M9_30mA_30C_0,frame_0182.png,51.513671875
M9,9,M9_30mA_30C_0,frame_0186.png,51.5625
M9,9,M9_30mA_30C_0,frame_0187.png,51.513671875
M9,9,M9_30mA_30C_0,frame_0192.png,51.611328125
M9,9,M9_30mA_30C_0,frame_0197.png,51.513671875
M9,9,M9_30mA_30C_0,frame_0199.png,51.5625
M9,9,M9_30mA_30C_0,frame_0200.png,51.5625
M9,9,M9_30mA_40C_0,frame_0011.png,51.5625
M9,9,M9_30mA_40C_0,frame_0012.png,51.5625
M9,9,M9_30mA_40C_0,frame_0014.png,51.513671875
M9,9,M9_30mA_40C_0,frame_0017.png,51.5625
M9,9,M9_30mA_40C_0,frame_0020.png,51.5625
M9,9,M9_30mA_40C_0,frame_0021.png,51.5625
M9,9,M9_30mA_40C_0,frame_0029.png,51.5625
M9,9,M9_30mA_40C_0,frame_0032.png,51.5625
M9,9,M9_30mA_40C_0,frame_0041.png,51.5625
M9,9,M9_30mA_40C_0,frame_0046.png,51.5625
M9,9,M9_30mA_40C_0,frame_0051.png,51.5625
M9,9,M9_30mA_40C_0,frame_0052.png,51.5625
M9,9,M9_30mA_40C_0,frame_0053.png,51.5625
M9,9,M9_30mA_40C_0,frame_0054.png,51.5625
M9,9,M9_30mA_40C_0,frame_0055.png,51.5625
M9,9,M9_30mA_40C_0,frame_0057.png,51.5625
M9,9,M9_30mA_40C_0,frame_0058.png,51.513671875
M9,9,M9_30mA_40C_0,frame_0060.png,51.416015625
M9,9,M9_30mA_40C_0,frame_0069.png,51.513671875
M9,9,M9_30mA_40C_0,frame_0071.png,51.513671875
M9,9,M9_30mA_40C_0,frame_0073.png,51.5625
M9,9,M9_30mA_40C_0,frame_0077.png,51.5625
M9,9,M9_30mA_40C_0,frame_0083.png,51.5625
M9,9,M9_30mA_40C_0,frame_0084.png,51.5625
M9,9,M9_30mA_40C_0,frame_0088.png,51.5625
M9,9,M9_30mA_40C_0,frame_0089.png,51.5625
M9,9,M9_30mA_40C_0,frame_0092.png,51.5625
M9,9,M9_30mA_40C_0,frame_0096.png,51.5625
M9,9,M9_30mA_40C_0,frame_0098.png,51.5625
M9,9,M9_30mA_40C_0,frame_0099.png,51.5625
M9,9,M9_30mA_40C_0,frame_0105.png,51.5625
M9,9,M9_30mA_40C_0,frame_0110.png,51.5625
M9,9,M9_30mA_40C_0,frame_0114.png,51.5625
M9,9,M9_30mA_40C_0,frame_0115.png,51.5625
M9,9,M9_30mA_40C_0,frame_0123.png,51.5625
M9,9,M9_30mA_40C_0,frame_0131.png,51.5625
M9,9,M9_30mA_40C_0,frame_0143.png,51.513671875
M9,9,M9_30mA_40C_0,frame_0149.png,51.5625
M9,9,M9_30mA_40C_0,frame_0164.png,51.5625
M9,9,M9_30mA_40C_0,frame_0168.png,51.5625
M9,9,M9_30mA_40C_0,frame_0174.png,51.513671875
M9,9,M9_30mA_40C_0,frame_0175.png,51.5625
M9,9,M9_30mA_40C_0,frame_0177.png,51.5625
M9,9,M9_30mA_40C_0,frame_0195.png,51.5625
M9,9,M9_30mA_40C_0,frame_0198.png,51.5625
